batch_order,batch_key,batch_folder,input_row_number,url
1,maps,01_maps,2,https://www.eater.com/maps/best-london-restaurants-eater-38
1,maps,01_maps,3,https://london.eater.com/maps/best-restaurants-cornwall-where-to-eat-padstow-fowey-bude
1,maps,01_maps,4,https://london.eater.com/maps/best-restaurants-edinburgh-fringe-festival-2022-where-to-eat
1,maps,01_maps,5,https://london.eater.com/maps/best-restaurants-southbank-waterloo-where-to-eat
1,maps,01_maps,6,https://london.eater.com/maps/where-to-eat-best-restaurants-campaigning-enfield-southgate
1,maps,01_maps,7,https://london.eater.com/maps/where-to-eat-best-restaurants-in-putney
1,maps,01_maps,8,https://london.eater.com/maps/best-delivery-food-london-restaurants
1,maps,01_maps,9,https://london.eater.com/maps/best-filipino-restaurants-london-where-to-eat-filipino-food
1,maps,01_maps,10,https://london.eater.com/maps/best-halal-restaurants-london-takeaway-delivery
1,maps,01_maps,11,https://london.eater.com/maps/best-restaurant-delivery-takeaway-central-london
1,maps,01_maps,12,https://london.eater.com/maps/best-restaurant-delivery-takeaway-south-east-london
1,maps,01_maps,13,https://london.eater.com/maps/best-restaurant-takeaway-delivery-south-west-london
1,maps,01_maps,14,https://london.eater.com/maps/best-takeaway-restaurant-delivery-london-west
1,maps,01_maps,15,https://london.eater.com/maps/best-value-restaurants-central-london-cheap-eats-not-cheap
1,maps,01_maps,16,https://london.eater.com/maps/best-value-restaurants-east-london-cheap-not-cheap-eats
1,maps,01_maps,17,https://london.eater.com/maps/best-value-restaurants-london-cheap-not-cheap-eats
1,maps,01_maps,18,https://london.eater.com/maps/best-value-restaurants-north-london-cheap-not-cheap-eats
1,maps,01_maps,19,https://london.eater.com/maps/best-value-restaurants-south-east-london-cheap-not-cheap-eats
1,maps,01_maps,20,https://london.eater.com/maps/best-value-restaurants-south-west-london-cheap-not-cheap-eats
1,maps,01_maps,21,https://london.eater.com/maps/best-value-restaurants-west-london-cheap-not-cheap-eats
1,maps,01_maps,22,https://london.eater.com/maps/best-london-restaurant-hidden-gems-michelin-star
1,maps,01_maps,23,https://london.eater.com/maps/best-london-restaurant-meal-kits-delivery
1,maps,01_maps,24,https://london.eater.com/maps/best-london-restaurant-own-delivery
1,maps,01_maps,25,https://london.eater.com/maps/best-london-restaurant-pop-ups-food-events
1,maps,01_maps,26,https://london.eater.com/maps/best-modern-indian-restaurants-michelin-stars-london
1,maps,01_maps,27,https://london.eater.com/maps/best-new-cafes-coffee-shops-london
1,maps,01_maps,28,https://london.eater.com/maps/best-new-london-restaurant-openings-2019
1,maps,01_maps,29,https://london.eater.com/maps/best-restaurant-delivery-lockdown-east-london
1,maps,01_maps,30,https://london.eater.com/maps/best-restaurant-delivery-lockdown-north-london
1,maps,01_maps,31,https://london.eater.com/maps/best-restaurants-hastings-st-leonards-east-sussex-travel-guide
1,maps,01_maps,32,https://london.eater.com/maps/best-restaurants-oxford-university-travel-guide
1,maps,01_maps,33,https://london.eater.com/maps/best-restaurants-pubs-new-forest
1,maps,01_maps,34,https://london.eater.com/maps/best-restaurants-pubs-tottenham-london
1,maps,01_maps,35,https://london.eater.com/maps/best-tasting-menus-london-restaurants-michelin-stars
1,maps,01_maps,36,https://london.eater.com/maps/borough-market-best-restaurants-opening-times
1,maps,01_maps,37,https://london.eater.com/maps/michelin-star-london-restaurants-eat-out-help-out-list
1,maps,01_maps,38,https://london.eater.com/maps/where-to-eat-pastry-london-pie-room-holborn-dining-room-hedone-bakery
1,maps,01_maps,39,https://london.eater.com/maps/best-barbecue-london-restaurants-outdoor-dining-takeaway
1,maps,01_maps,40,https://london.eater.com/maps/best-cocktail-delivery-london
1,maps,01_maps,41,https://london.eater.com/maps/best-coffee-shops-london
1,maps,01_maps,42,https://london.eater.com/maps/best-counter-dining-bars-restaurants-london
1,maps,01_maps,43,https://london.eater.com/maps/best-food-premier-league-football-london
1,maps,01_maps,44,https://london.eater.com/maps/best-restaurants-acton
1,maps,01_maps,45,https://london.eater.com/maps/best-restaurants-balham-london
1,maps,01_maps,46,https://london.eater.com/maps/best-restaurants-battersea
1,maps,01_maps,47,https://london.eater.com/maps/best-restaurants-bermondsey-maltby-street-market-spa-terminus
1,maps,01_maps,48,https://london.eater.com/maps/best-restaurants-brixton
1,maps,01_maps,49,https://london.eater.com/maps/best-restaurants-brockley-south-east-london
1,maps,01_maps,50,https://london.eater.com/maps/best-restaurants-camberwell
1,maps,01_maps,51,https://london.eater.com/maps/best-restaurants-cambridge-england
1,maps,01_maps,52,https://london.eater.com/maps/best-restaurants-camden-camden-town
1,maps,01_maps,53,https://london.eater.com/maps/best-restaurants-canary-wharf
1,maps,01_maps,54,https://london.eater.com/maps/best-restaurants-catford-hither-green-south-east-london
1,maps,01_maps,55,https://london.eater.com/maps/best-restaurants-chinatown-london
1,maps,01_maps,56,https://london.eater.com/maps/best-restaurants-clapham
1,maps,01_maps,57,https://london.eater.com/maps/best-restaurants-clerkenwell-london
1,maps,01_maps,58,https://london.eater.com/maps/best-restaurants-covent-garden
1,maps,01_maps,59,https://london.eater.com/maps/best-restaurants-deptford-south-east-london
1,maps,01_maps,60,https://london.eater.com/maps/best-restaurants-ealing-broadway-common-west-london
1,maps,01_maps,61,https://london.eater.com/maps/best-restaurants-east-ham-london
1,maps,01_maps,62,https://london.eater.com/maps/best-restaurants-elephant-and-castle-south-london
1,maps,01_maps,63,https://london.eater.com/maps/best-restaurants-finsbury-park-stroud-green-road
1,maps,01_maps,64,https://london.eater.com/maps/best-restaurants-forest-gate-east-london-e7
1,maps,01_maps,65,https://london.eater.com/maps/best-restaurants-fulham-putney
1,maps,01_maps,66,https://london.eater.com/maps/best-restaurants-golders-green
1,maps,01_maps,67,https://london.eater.com/maps/best-restaurants-green-lanes
1,maps,01_maps,68,https://london.eater.com/maps/best-restaurants-greenwich
1,maps,01_maps,69,https://london.eater.com/maps/best-restaurants-groups-london
1,maps,01_maps,70,https://london.eater.com/maps/best-restaurants-hampstead-highgate
1,maps,01_maps,71,https://london.eater.com/maps/best-restaurants-harrow-east-london-marginal-general-election-2019
1,maps,01_maps,72,https://london.eater.com/maps/best-restaurants-in-west-croydon
1,maps,01_maps,73,https://london.eater.com/maps/best-restaurants-kensington-chelsea-london
1,maps,01_maps,74,https://london.eater.com/maps/best-restaurants-kings-cross-station
1,maps,01_maps,75,https://london.eater.com/maps/best-restaurants-kings-road-chelsea-london
1,maps,01_maps,76,https://london.eater.com/maps/best-restaurants-lake-district-cumbria
1,maps,01_maps,77,https://london.eater.com/maps/best-restaurants-lewisham-south-east-london-greenwich-sparrow
1,maps,01_maps,78,https://london.eater.com/maps/best-restaurants-listed-buildings-london-quirky-historic
1,maps,01_maps,79,https://london.eater.com/maps/best-restaurants-london-art-galleries
1,maps,01_maps,80,https://london.eater.com/maps/best-restaurants-london-fields-broadway-market-hackney
1,maps,01_maps,81,https://london.eater.com/maps/best-restaurants-london-parks-hyde-park-regents-park-clapham-common
1,maps,01_maps,82,https://london.eater.com/maps/best-restaurants-london-thames-view-waterside
1,maps,01_maps,83,https://london.eater.com/maps/best-restaurants-margate-kent
1,maps,01_maps,84,https://london.eater.com/maps/best-restaurants-new-cross
1,maps,01_maps,85,https://london.eater.com/maps/best-restaurants-newington-green-london
1,maps,01_maps,86,https://london.eater.com/maps/best-restaurants-oxford-street-oxford-circus
1,maps,01_maps,87,https://london.eater.com/maps/best-restaurants-peckham
1,maps,01_maps,88,https://london.eater.com/maps/best-restaurants-shoreditch-london
1,maps,01_maps,89,https://london.eater.com/maps/best-restaurants-soho
1,maps,01_maps,90,https://london.eater.com/maps/best-restaurants-stoke-newington
1,maps,01_maps,91,https://london.eater.com/maps/best-restaurants-stratford-westfield-east-london
1,maps,01_maps,92,https://london.eater.com/maps/best-restaurants-tooting
1,maps,01_maps,93,https://london.eater.com/maps/best-restaurants-vauxhall-south-london
1,maps,01_maps,94,https://london.eater.com/maps/best-restaurants-victoria-pimlico-london
1,maps,01_maps,95,https://london.eater.com/maps/best-restaurants-westminster-parliament-london
1,maps,01_maps,96,https://london.eater.com/maps/best-restaurants-wimbledon
1,maps,01_maps,97,https://london.eater.com/maps/best-restaurants-woolwich-plumstead-south-east-london
1,maps,01_maps,98,https://london.eater.com/maps/best-trinidadian-roti-caribbean-food-london-restaurant-guide
1,maps,01_maps,99,https://london.eater.com/maps/general-election-2019-canvassing-best-restaurants-chipping-barnet
1,maps,01_maps,100,https://london.eater.com/maps/general-election-2019-marginal-dagenham-rainham-best-restaurants-canvassing
1,maps,01_maps,101,https://london.eater.com/maps/general-election-2019-marginals-finchley-golders-green-best-restaurants
1,maps,01_maps,102,https://london.eater.com/maps/general-election-2019-wimbledon-constituency-best-restaurants
1,maps,01_maps,103,https://london.eater.com/maps/general-election-marginals-best-restaurants-chingford-woodford-green
1,maps,01_maps,104,https://london.eater.com/maps/michelin-bib-gourmand-restaurants-london
1,maps,01_maps,105,https://london.eater.com/maps/michelin-star-restaurant-set-menus-lunch-deals-london
1,maps,01_maps,106,https://london.eater.com/maps/mothers-day-gifts-2021-meal-kits-restaurant-delivery
1,maps,01_maps,107,https://london.eater.com/maps/best-anchovy-dishes-london-restaurants
1,maps,01_maps,108,https://london.eater.com/maps/best-aperitivo-spritz-london-bars-restaurants
1,maps,01_maps,109,https://london.eater.com/maps/best-breakfasts-london-restaurants-cafes
1,maps,01_maps,110,https://london.eater.com/maps/best-cafes-bars-elephant-and-castle-london
1,maps,01_maps,111,https://london.eater.com/maps/best-caribbean-food-london-restaurants
1,maps,01_maps,112,https://london.eater.com/maps/best-chinese-restaurants-london-takeaway
1,maps,01_maps,113,https://london.eater.com/maps/best-comfort-food-london-restaurants
1,maps,01_maps,114,https://london.eater.com/maps/best-east-african-restaurants-london-ethiopian-eritrean-somali-food
1,maps,01_maps,115,https://london.eater.com/maps/best-greek-restaurants-greek-cypriot-food-london
1,maps,01_maps,116,https://london.eater.com/maps/best-hotel-restaurants-bars-london
1,maps,01_maps,117,https://london.eater.com/maps/best-indian-restaurants-london-eastern-indian-food
1,maps,01_maps,118,https://london.eater.com/maps/best-indo-chinese-restaurants-london-desi-chinese-food
1,maps,01_maps,119,https://london.eater.com/maps/best-london-pasta-dishes-italians-mad-at-food
1,maps,01_maps,120,https://london.eater.com/maps/best-london-restaurants-bars-live-music-jazz-blues
1,maps,01_maps,121,https://london.eater.com/maps/best-outdoor-dining-london-restaurants
1,maps,01_maps,122,https://london.eater.com/maps/best-pakistani-food-restaurants-london
1,maps,01_maps,123,https://london.eater.com/maps/best-pub-food-london-scotch-egg-sausage-roll
1,maps,01_maps,124,https://london.eater.com/maps/best-rooftop-bars-restaurants-london
1,maps,01_maps,125,https://london.eater.com/maps/best-sausages-london-restaurant-dishes
1,maps,01_maps,126,https://london.eater.com/maps/best-special-occasion-restaurants-london-splurge-meals
1,maps,01_maps,127,https://london.eater.com/maps/best-sunday-roast-london-restaurants-pubs
1,maps,01_maps,128,https://london.eater.com/maps/best-vegan-fast-food-plant-based-restaurants-london
1,maps,01_maps,129,https://london.eater.com/maps/best-wine-drink-sherry-bars-london-spanish-restaurants
1,maps,01_maps,130,https://london.eater.com/maps/bone-broth-soup-best-winter-warmer-meals-london-restaurants
1,maps,01_maps,131,https://london.eater.com/maps/east-dulwich-restaurants-10-best-london-places-to-eat
1,maps,01_maps,132,https://london.eater.com/maps/eat-out-to-help-out-restaurants-london-best
1,maps,01_maps,133,https://london.eater.com/maps/general-election-2019-kensington-best-london-restaurants-pubs
1,maps,01_maps,134,https://london.eater.com/maps/general-election-2019-where-to-eat-cities-of-london-westminster
1,maps,01_maps,135,https://london.eater.com/maps/general-election-where-to-eat-canvassing-hendon
1,maps,01_maps,136,https://london.eater.com/maps/iconic-dishes-london-best-restaurant-dishes
1,maps,01_maps,137,https://london.eater.com/maps/maida-vale-queens-park-best-london-restaurants-guide
1,maps,01_maps,138,https://london.eater.com/maps/new-years-eve-2022-best-london-restaurant-bar
1,maps,01_maps,139,https://london.eater.com/maps/oysters-best-bars-restaurants-london
1,maps,01_maps,140,https://london.eater.com/maps/super-bowl-lvi-2022-where-to-watch-london-restaurants-bars-pubs
1,maps,01_maps,141,https://london.eater.com/maps/takeaway-pints-london-best-craft-beer-pubs-bottleshops
1,maps,01_maps,142,https://london.eater.com/maps/10-best-places-restaurants-in-crystal-palace
1,maps,01_maps,143,https://london.eater.com/maps/2019-oscars-the-favourite-food-restaurant-locations-london
1,maps,01_maps,144,https://london.eater.com/maps/best-afro-vegan-restaurants-plant-based-london
1,maps,01_maps,145,https://london.eater.com/maps/best-bakeries-london-sourdough-croissants-pastries
1,maps,01_maps,146,https://london.eater.com/maps/best-balkan-restaurants-london
1,maps,01_maps,147,https://london.eater.com/maps/best-beef-wellington-london-restaurants
1,maps,01_maps,148,https://london.eater.com/maps/best-brazilian-restaurants-london
1,maps,01_maps,149,https://london.eater.com/maps/best-british-restaurants-london
1,maps,01_maps,150,https://london.eater.com/maps/best-burmese-restaurants-london
1,maps,01_maps,151,https://london.eater.com/maps/best-cafes-south-london
1,maps,01_maps,152,https://london.eater.com/maps/best-cake-london-bakery-birthday-celebration-dessert
1,maps,01_maps,153,https://london.eater.com/maps/best-caribbean-bakeries-london
1,maps,01_maps,154,https://london.eater.com/maps/best-caribbean-restaurants-london-fish-friday
1,maps,01_maps,155,https://london.eater.com/maps/best-caribbean-street-food-london-food-markets
1,maps,01_maps,156,https://london.eater.com/maps/best-child-friendly-restaurants-london
1,maps,01_maps,157,https://london.eater.com/maps/best-chinese-restaurants-london
1,maps,01_maps,158,https://london.eater.com/maps/best-christmas-lunch-dinner-london-restaurants
1,maps,01_maps,159,https://london.eater.com/maps/best-cinema-food-london-cinemas-electric-cinema-portobello-olympic-studios-barnes-rio-cinema
1,maps,01_maps,160,https://london.eater.com/maps/best-cocktail-bars-london
1,maps,01_maps,161,https://london.eater.com/maps/best-craft-beer-london-pubs-taprooms
1,maps,01_maps,162,https://london.eater.com/maps/best-dumplings-london-restaurants
1,maps,01_maps,163,https://london.eater.com/maps/best-egg-dishes-london-hoppers-brat-barrafina
1,maps,01_maps,164,https://london.eater.com/maps/best-famous-london-restaurants-visitors-tourists
1,maps,01_maps,165,https://london.eater.com/maps/best-fika-london-swedish-buns-bakeries
1,maps,01_maps,166,https://london.eater.com/maps/best-french-restaurants-london
1,maps,01_maps,167,https://london.eater.com/maps/best-greasy-spoon-cafes-london-full-english-breakfast-fry-up
1,maps,01_maps,168,https://london.eater.com/maps/best-greek-cypriot-restaurants-palmers-green
1,maps,01_maps,169,https://london.eater.com/maps/best-halal-restaurants-london
1,maps,01_maps,170,https://london.eater.com/maps/best-hot-pot-restaurants-london-sichuan-cantonese
1,maps,01_maps,171,https://london.eater.com/maps/best-hummus-london-restaurants
1,maps,01_maps,172,https://london.eater.com/maps/best-ice-cream-london-restaurants
1,maps,01_maps,173,https://london.eater.com/maps/best-iced-coffee-london
1,maps,01_maps,174,https://london.eater.com/maps/best-indian-restaurants-london
1,maps,01_maps,175,https://london.eater.com/maps/best-italian-caffs-not-cafes-london-instagram
1,maps,01_maps,176,https://london.eater.com/maps/best-italian-deli-london-restaurants
1,maps,01_maps,177,https://london.eater.com/maps/best-italian-restaurants-london
1,maps,01_maps,178,https://london.eater.com/maps/best-korean-restaurants-new-malden
1,maps,01_maps,179,https://london.eater.com/maps/best-late-night-24-hour-restaurants-london
1,maps,01_maps,180,https://london.eater.com/maps/best-lebanese-restaurants-london
1,maps,01_maps,181,https://london.eater.com/maps/best-live-fire-restaurants-london
1,maps,01_maps,182,https://london.eater.com/maps/best-london-cafes-freelancers-work-wifi
1,maps,01_maps,183,https://london.eater.com/maps/best-london-pubs
1,maps,01_maps,184,https://london.eater.com/maps/best-london-restaurant-fireplaces-christmas-2018
1,maps,01_maps,185,https://london.eater.com/maps/best-london-restaurants-hangover-cure
1,maps,01_maps,186,https://london.eater.com/maps/best-london-restaurants-kurdish-kashmiri-basque-uyghur
1,maps,01_maps,187,https://london.eater.com/maps/best-lunar-new-year-menus-london-restaurant-feasts
1,maps,01_maps,188,https://london.eater.com/maps/best-martinis-london-cocktail-bars
1,maps,01_maps,189,https://london.eater.com/maps/best-new-cocktail-bars-london
1,maps,01_maps,190,https://london.eater.com/maps/best-new-restaurants-london-heatmap
1,maps,01_maps,191,https://london.eater.com/maps/best-north-indian-restaurants-london
1,maps,01_maps,192,https://london.eater.com/maps/best-offal-nose-to-tail-restaurants-london
1,maps,01_maps,193,https://london.eater.com/maps/best-outdoor-restaurants-london-shelter-rain
1,maps,01_maps,194,https://london.eater.com/maps/best-pasta-restaurants-london
1,maps,01_maps,195,https://london.eater.com/maps/best-pies-london-restaurants
1,maps,01_maps,196,https://london.eater.com/maps/best-polish-restaurants-london-pierogi
1,maps,01_maps,197,https://london.eater.com/maps/best-pre-theatre-restaurants-london-west-end
1,maps,01_maps,198,https://london.eater.com/maps/best-puddings-london-restaurants
1,maps,01_maps,199,https://london.eater.com/maps/best-ramen-restaurants-london
1,maps,01_maps,200,https://london.eater.com/maps/best-rice-dishes-london-tahdig-paella-jollof-nurungji
1,maps,01_maps,201,https://london.eater.com/maps/best-romantic-restaurants-london
1,maps,01_maps,202,https://london.eater.com/maps/best-rum-bars-cocktails-london
1,maps,01_maps,203,https://london.eater.com/maps/best-russian-restaurants-london
1,maps,01_maps,204,https://london.eater.com/maps/best-seafood-restaurants-london
1,maps,01_maps,205,https://london.eater.com/maps/best-secret-gardens-london-restaurants
1,maps,01_maps,206,https://london.eater.com/maps/best-set-menus-london-restaurant-deals
1,maps,01_maps,207,https://london.eater.com/maps/best-snacks-east-london-food
1,maps,01_maps,208,https://london.eater.com/maps/best-snacks-london-restaurants-central
1,maps,01_maps,209,https://london.eater.com/maps/best-south-indian-restaurants-london-kerala-tamil-hyderabad
1,maps,01_maps,210,https://london.eater.com/maps/best-southall-restaurants-indian-cuisine
1,maps,01_maps,211,https://london.eater.com/maps/best-spanish-restaurants-london
1,maps,01_maps,212,https://london.eater.com/maps/best-sri-lankan-restaurants-london-hoppers-jaffna-appam
1,maps,01_maps,213,https://london.eater.com/maps/best-steak-restaurants-london
1,maps,01_maps,214,https://london.eater.com/maps/best-summer-restaurants-london
1,maps,01_maps,215,https://london.eater.com/maps/best-tacos-mexican-restaurants-london
1,maps,01_maps,216,https://london.eater.com/maps/best-thanksgiving-dinners-london-restaurants-2019
1,maps,01_maps,217,https://london.eater.com/maps/best-turkish-restaurants-london
1,maps,01_maps,218,https://london.eater.com/maps/best-valentines-day-dinner-london-restaurants-2020
1,maps,01_maps,219,https://london.eater.com/maps/best-valentines-day-meal-kits-london-restaurants
1,maps,01_maps,220,https://london.eater.com/maps/best-vegetarian-restaurants-london
1,maps,01_maps,221,https://london.eater.com/maps/best-vietnamese-restaurants-london
1,maps,01_maps,222,https://london.eater.com/maps/best-western-indian-restaurants-london
1,maps,01_maps,223,https://london.eater.com/maps/best-wine-bars-london
1,maps,01_maps,224,https://london.eater.com/maps/best-wine-bars-london-terrace-outdoor
1,maps,01_maps,225,https://london.eater.com/maps/best-wine-bars-natural-london-pet-nat
1,maps,01_maps,226,https://london.eater.com/maps/best-wine-lists-london-restaurants
1,maps,01_maps,227,https://london.eater.com/maps/best-wings-london-restaurants
1,maps,01_maps,228,https://london.eater.com/maps/cheese-best-places-london-delis-restaurants-london-fondue-raclette-cheeseboard-toasties
1,maps,01_maps,229,https://london.eater.com/maps/general-election-2019-best-places-to-eat-carshalton-and-wallington
1,maps,01_maps,230,https://london.eater.com/maps/london-best-jerk-chicken-jamaican-jerk-restaurants
1,maps,01_maps,231,https://london.eater.com/maps/london-best-old-school-italian-restaurants
1,maps,01_maps,232,https://london.eater.com/maps/london-marathon-2019-food-drink-restaurants
1,maps,01_maps,233,https://london.eater.com/maps/london-restaurants-best-views
1,maps,01_maps,234,https://london.eater.com/maps/londons-best-hidden-restaurants
1,maps,01_maps,235,https://london.eater.com/maps/most-instagrammable-dishes-london-restaurants-2019
1,maps,01_maps,236,https://london.eater.com/maps/nonalcoholic-cocktails-london-best-bars
1,maps,01_maps,237,https://london.eater.com/maps/nowruz-2022-best-persian-food-london
1,maps,01_maps,238,https://london.eater.com/maps/restaurants-open-on-monday-london-best
1,maps,01_maps,239,https://london.eater.com/maps/solo-dining-london-restaurants
1,maps,01_maps,240,https://london.eater.com/maps/westfield-stratford-restaurants-food-drink
1,maps,01_maps,241,https://london.eater.com/maps/autumn-thanksgiving-specials-london-restaurants-2022
1,maps,01_maps,242,https://london.eater.com/maps/best-afternoon-tea-london
1,maps,01_maps,243,https://london.eater.com/maps/best-bacon-sandwiches-bacon-butties-london
1,maps,01_maps,244,https://london.eater.com/maps/best-bagels-london
1,maps,01_maps,245,https://london.eater.com/maps/best-basque-cheesecake-london
1,maps,01_maps,246,https://london.eater.com/maps/best-biryanis-london
1,maps,01_maps,247,https://london.eater.com/maps/best-breakfast-sandwiches-london
1,maps,01_maps,248,https://london.eater.com/maps/best-brunch-london
1,maps,01_maps,249,https://london.eater.com/maps/best-burgers-london
1,maps,01_maps,250,https://london.eater.com/maps/best-cheese-toasties-london-grilled-cheese
1,maps,01_maps,251,https://london.eater.com/maps/best-chips-fries-london
1,maps,01_maps,252,https://london.eater.com/maps/best-chocolate-london
1,maps,01_maps,253,https://london.eater.com/maps/best-christmas-drinks-london-2018-festive-cocktails
1,maps,01_maps,254,https://london.eater.com/maps/best-christmas-sandwiches-london-2020
1,maps,01_maps,255,https://london.eater.com/maps/best-cookies-london
1,maps,01_maps,256,https://london.eater.com/maps/best-falafel-london
1,maps,01_maps,257,https://london.eater.com/maps/best-fish-and-chips-london
1,maps,01_maps,258,https://london.eater.com/maps/best-fried-chicken-london
1,maps,01_maps,259,https://london.eater.com/maps/best-galette-des-rois-london
1,maps,01_maps,260,https://london.eater.com/maps/best-hot-dogs-london
1,maps,01_maps,261,https://london.eater.com/maps/best-ice-cream-london
1,maps,01_maps,262,https://london.eater.com/maps/best-london-buns-bao-chelsea-morning
1,maps,01_maps,263,https://london.eater.com/maps/best-milkshakes-milk-drinks-london
1,maps,01_maps,264,https://london.eater.com/maps/best-mince-pies-london
1,maps,01_maps,265,https://london.eater.com/maps/best-mithai-shops-london
1,maps,01_maps,266,https://london.eater.com/maps/best-noodle-soups-london-ramen-laksa-pho
1,maps,01_maps,267,https://london.eater.com/maps/best-noodles-london
1,maps,01_maps,268,https://london.eater.com/maps/best-pancakes-london-shrove-tuesday-2022
1,maps,01_maps,269,https://london.eater.com/maps/best-pizza-london
1,maps,01_maps,270,https://london.eater.com/maps/best-places-watch-world-cup-final-london
1,maps,01_maps,271,https://london.eater.com/maps/best-sandwiches-london
1,maps,01_maps,272,https://london.eater.com/maps/best-shawarma-london
1,maps,01_maps,273,https://london.eater.com/maps/best-soft-serve-london
1,maps,01_maps,274,https://london.eater.com/maps/best-sushi-london
1,maps,01_maps,275,https://london.eater.com/maps/best-tea-shops-london
1,maps,01_maps,276,https://london.eater.com/maps/best-tiramisu-italian-dessert-london
1,maps,01_maps,277,https://london.eater.com/maps/classic-london-restaurants
1,maps,01_maps,278,https://london.eater.com/maps/general-election-2019-boris-johnson-family-friendly-restaurants-uxbridge-south-ruislip
1,maps,01_maps,279,https://london.eater.com/maps/general-election-2019-marginal-richmond-park-best-restuarants
1,maps,01_maps,280,https://london.eater.com/maps/hot-items-for-sale-central-london-restaurants-coronavirus-lockdown
1,maps,01_maps,281,https://london.eater.com/maps/imitation-foods-london-restaurants-history
1,maps,01_maps,282,https://london.eater.com/maps/oldest-bakeries-london
1,maps,01_maps,283,https://london.eater.com/maps/oldest-restaurants-london
1,maps,01_maps,284,https://london.eater.com/maps/politicians-favourite-london-restaurants-boris-johnson-jeremy-corbyn-general-election-2019
1,maps,01_maps,285,https://london.eater.com/maps/ramadan-2022-iftar-suhoor-london-restaurants
1,maps,01_maps,286,https://london.eater.com/maps/restaurants-open-christmas-day-london
1,maps,01_maps,287,https://london.eater.com/maps/sustainable-meat-london-restaurants-nose-to-tail-butchers
1,maps,01_maps,288,https://london.eater.com/maps/trendy-restaurants-london-celebrities
1,maps,01_maps,289,https://london.eater.com/maps/watch-football-london-pubs
1,maps,01_maps,290,https://london.eater.com/maps/westfield-london-restaurants-white-city
1,maps,01_maps,291,https://london.eater.com/maps/pie-and-mash-shops-london
1,maps,01_maps,292,https://london.eater.com/maps/suya-west-african-barbecue-yaji-nigeria-ghana-london
1,maps,01_maps,293,https://www.eater.com/maps/the-eater-london-heat-map-where-to-eat-right-now
1,maps,01_maps,294,https://www.eater.com/maps/the-eater-london-heat-map-where-to-eat-right-now-3
1,maps,01_maps,295,https://www.eater.com/maps/london-where-to-eat-map
1,maps,01_maps,296,https://www.eater.com/maps/michelin-star-restaurants-london
1,maps,01_maps,297,https://www.eater.com/maps/best-vegan-restaurants-london
2,london_eater_rest,02_london_eater_rest,298,https://london.eater.com/best-dishes-london-restaurant-meals
2,london_eater_rest,02_london_eater_rest,299,https://london.eater.com/best-food-london-neighbourhoods
2,london_eater_rest,02_london_eater_rest,300,https://london.eater.com/coffee-shops-cafes-london
2,london_eater_rest,02_london_eater_rest,301,https://london.eater.com/london-restaurant-guides
2,london_eater_rest,02_london_eater_rest,302,https://london.eater.com/michelin-stars-london-restaurants
2,london_eater_rest,02_london_eater_rest,303,https://london.eater.com/cheap-eats
2,london_eater_rest,02_london_eater_rest,304,https://london.eater.com/closings
2,london_eater_rest,02_london_eater_rest,305,https://london.eater.com/daily-restaurant-news-london
2,london_eater_rest,02_london_eater_rest,306,https://london.eater.com/delivery
2,london_eater_rest,02_london_eater_rest,307,https://london.eater.com/openings
2,london_eater_rest,02_london_eater_rest,308,https://london.eater.com/pop-ups
2,london_eater_rest,02_london_eater_rest,309,https://london.eater.com/where-to-eat-in-london
2,london_eater_rest,02_london_eater_rest,310,https://london.eater.com/cocktails-beer-wine
2,london_eater_rest,02_london_eater_rest,311,https://london.eater.com/restaurant-reviews-news
2,london_eater_rest,02_london_eater_rest,312,https://london.eater.com/dining-out-london
2,london_eater_rest,02_london_eater_rest,313,https://london.eater.com/london-chefs-news
2,london_eater_rest,02_london_eater_rest,314,https://london.eater.com/london-restaurant-features-longreads
2,london_eater_rest,02_london_eater_rest,315,https://london.eater.com/london-restaurant-history
2,london_eater_rest,02_london_eater_rest,316,https://london.eater.com/expansions
2,london_eater_rest,02_london_eater_rest,317,https://london.eater.com/news
2,london_eater_rest,02_london_eater_rest,318,https://london.eater.com/year-in-eater
2,london_eater_rest,02_london_eater_rest,319,https://london.eater.com/22240273/coronavirus-uk-lockdown-best-restaurants-london-michelin-star-delivery-jks
2,london_eater_rest,02_london_eater_rest,320,https://london.eater.com/2020/5/12/21255805/best-london-restaurant-delivery-lockdown-michelin-starred-gymkhana-trishna-hoppers-bao
2,london_eater_rest,02_london_eater_rest,321,https://london.eater.com/2019/7/16/20696018/atomix-nyc-best-restaurants-michelin-star-lyles-restaurant-london
2,london_eater_rest,02_london_eater_rest,322,https://london.eater.com/2018/9/20/17879288/deliveroo-restaurant-delivery-pricing-the-clove-club-michelin-star-worlds-50-best-new-restaurant
2,london_eater_rest,02_london_eater_rest,323,https://london.eater.com/2017/12/1/16723714/best-food-delivery-london-eater-awards-2017
2,london_eater_rest,02_london_eater_rest,324,https://london.eater.com/2017/10/11/16453548/angela-hartnett-schmaltz-michelin-cooking-london-street-food-london-restaurant-openings
2,london_eater_rest,02_london_eater_rest,325,https://london.eater.com/22586805/best-food-london-restaurants-where-to-eat
2,london_eater_rest,02_london_eater_rest,326,https://london.eater.com/2020/6/10/21286386/michelin-starred-pub-london-sunday-roast-coronavirus-delivery
2,london_eater_rest,02_london_eater_rest,327,https://london.eater.com/2020/5/14/21258685/michelin-starred-shoreditch-restaurant-leroy-royale-chicken-delivery
2,london_eater_rest,02_london_eater_rest,328,https://london.eater.com/2020/4/28/21239708/meat-delivery-online-butcher-london-best-restaurants-warrens-cornwall
2,london_eater_rest,02_london_eater_rest,329,https://london.eater.com/2020/3/23/21190601/coronavirus-uk-restaurant-delivery-deliveroo-gordon-ramsay-dishoom-michelin-star
2,london_eater_rest,02_london_eater_rest,330,https://london.eater.com/2020/1/17/21070326/where-to-eat-in-london-best-restaurants-weekend-january-2020
2,london_eater_rest,02_london_eater_rest,331,https://london.eater.com/2020/1/10/21058349/where-to-eat-in-london-best-restaurants-weekend-2020
2,london_eater_rest,02_london_eater_rest,332,https://london.eater.com/2019/12/13/20998465/where-to-eat-london-weekend-best-restaurants-netil-market-battersea-wembley
2,london_eater_rest,02_london_eater_rest,333,https://london.eater.com/2019/12/5/20987744/london-marginals-general-election-2019-where-to-eat-best-restaurants
2,london_eater_rest,02_london_eater_rest,334,https://london.eater.com/2019/11/1/20943447/where-to-eat-london-best-restaurants-weekends
2,london_eater_rest,02_london_eater_rest,335,https://london.eater.com/2019/10/11/20909507/where-to-eat-london-restaurants-michelin-star-5-to-try
2,london_eater_rest,02_london_eater_rest,336,https://london.eater.com/2019/9/25/20883199/sabor-restaurant-london-michelin-stars-new-openings-soho
2,london_eater_rest,02_london_eater_rest,337,https://london.eater.com/2019/8/31/20841937/where-to-eat-in-london-best-restaurants-weekend
2,london_eater_rest,02_london_eater_rest,338,https://london.eater.com/2018/12/24/18151349/lyles-michelin-star-shoreditch-flor-borough-market-worlds-50-best-restaurants
2,london_eater_rest,02_london_eater_rest,339,https://london.eater.com/2018/10/29/18037312/michelin-star-portland-restaurant-merlin-labron-johnson-chef-departure-london-restaurant-news
2,london_eater_rest,02_london_eater_rest,340,https://london.eater.com/2017/12/5/16734304/best-london-restaurant-chef-design-delivery-eater-awards-2017
2,london_eater_rest,02_london_eater_rest,341,https://london.eater.com/2017/11/1/16589412/new-openings-london-chains-restaurant-news-intel
2,london_eater_rest,02_london_eater_rest,342,https://london.eater.com/2017/10/10/16449200/michelin-guide-uk-twitter-london-restaurant-news
2,london_eater_rest,02_london_eater_rest,343,https://london.eater.com/2017/10/9/16447266/twisted-facebook-restaurant-delivery-london-restaurant-openings
2,london_eater_rest,02_london_eater_rest,344,https://london.eater.com/21432169/best-food-delivery-shops-london-bread-wine-meat-fish
2,london_eater_rest,02_london_eater_rest,345,https://london.eater.com/21575041/best-restaurants-heathrow-airport-gatwick-airport-where-to-eat
2,london_eater_rest,02_london_eater_rest,346,https://london.eater.com/21575073/best-restaurants-heathrow-airport-where-to-eat
2,london_eater_rest,02_london_eater_rest,347,https://london.eater.com/21575085/best-restaurants-gatwick-airport-where-to-eat-lgw-north-terminal-south-terminal
2,london_eater_rest,02_london_eater_rest,348,https://london.eater.com/2021/8/6/22609576/restaurant-news-uk-london-new-openings
2,london_eater_rest,02_london_eater_rest,349,https://london.eater.com/2020/5/22/21267255/deliveroo-amazon-investment-just-eat-takeaway-food-delivery
2,london_eater_rest,02_london_eater_rest,350,https://london.eater.com/2020/5/7/21250663/best-london-restaurants-takeaway-delivery-may-bank-holiday-weekend
2,london_eater_rest,02_london_eater_rest,351,https://london.eater.com/2020/2/17/21140233/sketch-restaurant-mayfair-three-michelin-star-restaurants-london-review
2,london_eater_rest,02_london_eater_rest,352,https://london.eater.com/2020/1/10/21059970/just-eat-takeaway-merger-5-9-billion-takeover-food-delivery
2,london_eater_rest,02_london_eater_rest,353,https://london.eater.com/2020/1/6/21051365/best-value-restaurants-london-north-south-east-west-central-cheap-not-cheap-eats
2,london_eater_rest,02_london_eater_rest,354,https://london.eater.com/2019/6/11/18657210/national-restaurant-awards-2019-winners-london-restaurants-michelin-stars
2,london_eater_rest,02_london_eater_rest,355,https://london.eater.com/2019/6/10/18658985/le-fooding-michelin-stars-worlds-50-best-restaurant-awards
2,london_eater_rest,02_london_eater_rest,356,https://london.eater.com/2019/6/5/18653479/hedone-restaurant-mikael-jonsson-closing-michelin-star-worlds-50-best
2,london_eater_rest,02_london_eater_rest,357,https://london.eater.com/2019/3/4/18249613/carluccios-italian-restaurant-chain-closings-casual-dining-show-2019
2,london_eater_rest,02_london_eater_rest,358,https://london.eater.com/2019/2/21/18234423/uber-eats-food-delivery-deliveroo-just-eat-london-restaurant-delivery
2,london_eater_rest,02_london_eater_rest,359,https://london.eater.com/2019/2/11/18219360/tamarind-mayfair-michelin-starred-indian-restaurant-review-fay-maschler-food-critic
2,london_eater_rest,02_london_eater_rest,360,https://london.eater.com/2019/1/25/18195611/brat-restaurant-michelin-star-shoreditch-eater-london-best-restaurant-awards
2,london_eater_rest,02_london_eater_rest,361,https://london.eater.com/2019/1/3/18166487/yeni-lokanta-istanbul-best-restaurants-london-restaurant-opening-soho
2,london_eater_rest,02_london_eater_rest,362,https://london.eater.com/2018/12/14/18140690/harlequin-restaurant-fulham-michelin-star-ledbury-harwood-arms-london-restaurant-news
2,london_eater_rest,02_london_eater_rest,363,https://london.eater.com/2018/12/5/18126994/best-restaurants-london-chefs-design-eater-awards
2,london_eater_rest,02_london_eater_rest,364,https://london.eater.com/2018/11/12/18086956/gbk-burger-restaurants-closures-taco-bell-tex-mex-fast-food-opening-london-restaurant-news
2,london_eater_rest,02_london_eater_rest,365,https://london.eater.com/2018/10/3/17931710/michelin-star-le-gavroche-michel-roux-jr-london-restaurant-news
2,london_eater_rest,02_london_eater_rest,366,https://london.eater.com/2018/9/27/17909178/worlds-50-best-restaurants-awards-world-restaurant-awards-joe-warwick-andrea-petrini
2,london_eater_rest,02_london_eater_rest,367,https://london.eater.com/2017/11/21/16670736/deliveroo-food-restaurant-delivery-pubs-london
2,london_eater_rest,02_london_eater_rest,368,https://london.eater.com/22315004/arrosto-roast-chicken-delivery-best-lockdown-restaurant-dishes-london
2,london_eater_rest,02_london_eater_rest,369,https://london.eater.com/22623258/ivy-asia-racist-advert-london-restaurant-news-openings-nuno-mendes
2,london_eater_rest,02_london_eater_rest,370,https://london.eater.com/23317808/cambridge-day-trip-best-restaurants-cafes-pubs
2,london_eater_rest,02_london_eater_rest,371,https://london.eater.com/2022/10/27/23426132/frantzen-restaurant-harrods-london-chef-bjorn-frantzen-michelin-stars-stockholm
2,london_eater_rest,02_london_eater_rest,372,https://london.eater.com/2022/10/26/23422999/oranj-natural-wine-delivery-opening-bar-shoreditch
2,london_eater_rest,02_london_eater_rest,373,https://london.eater.com/2022/7/26/23278694/alma-michelin-star-lisbon-chef-joia-restaurant-london-battersea-power-station
2,london_eater_rest,02_london_eater_rest,374,https://london.eater.com/2022/5/23/23100995/anais-ca-dao-van-manen-chef-maison-mathilde-best-london-restaurant-pop-ups
2,london_eater_rest,02_london_eater_rest,375,https://london.eater.com/2022/5/16/23074593/alex-dilling-london-michelin-star-restaurant-hotel-cafe-royal
2,london_eater_rest,02_london_eater_rest,376,https://london.eater.com/2022/4/20/23033570/michelin-starred-restaurant-sabor-off-arcade-food-hall-menu
2,london_eater_rest,02_london_eater_rest,377,https://london.eater.com/2022/3/1/22956119/maos-restaurant-shoreditch-michelin-star-closing
2,london_eater_rest,02_london_eater_rest,378,https://london.eater.com/2021/8/24/22639779/michelin-star-restaurants-london-new-uk-guide-update
2,london_eater_rest,02_london_eater_rest,379,https://london.eater.com/2021/8/23/22628631/rosslyn-coffee-new-cafe-london-wall-best-coffee-shops-london
2,london_eater_rest,02_london_eater_rest,380,https://london.eater.com/2021/6/8/22523928/gordon-ramsay-restaurants-bread-street-kitchen-ealing-broadway-new-london-restaurant-openings
2,london_eater_rest,02_london_eater_rest,381,https://london.eater.com/2021/6/2/22464560/covid-19-brexit-staffing-crisis-pubs-restaurants-wetherspoons-tim-martin-michelin-roux-jr
2,london_eater_rest,02_london_eater_rest,382,https://london.eater.com/2021/2/8/22272232/london-best-japanese-udon-restaurant-nationwide-delivery
2,london_eater_rest,02_london_eater_rest,383,https://london.eater.com/2020/9/8/21426944/michelin-star-restaurants-guide-uk-ireland-announcement-2021
2,london_eater_rest,02_london_eater_rest,384,https://london.eater.com/2020/7/2/21311065/ikoyi-reopening-london-restaurant-lockdown-takeaway-delivery-menu
2,london_eater_rest,02_london_eater_rest,385,https://london.eater.com/2020/6/29/21306681/greenhouse-mayfair-michelin-starred-restaurant-closed-coronavirus-fine-dining
2,london_eater_rest,02_london_eater_rest,386,https://london.eater.com/2020/5/19/21263351/amazon-deliveroo-investment-coronavirus-just-eat-restaurant-delivery
2,london_eater_rest,02_london_eater_rest,387,https://london.eater.com/2020/5/14/21258429/london-best-bakeries-jolene-sourdough-pastries-wine-delivery
2,london_eater_rest,02_london_eater_rest,388,https://london.eater.com/2020/5/6/21249021/michelin-guide-2021-stars-coronavirus-restaurants
2,london_eater_rest,02_london_eater_rest,389,https://london.eater.com/2020/3/27/21196715/london-chef-michelin-star-restaurants-weekend-recipes-ottolenghi-clare-smyth
2,london_eater_rest,02_london_eater_rest,390,https://london.eater.com/2020/3/18/21184169/coronavirus-uk-latest-restaurant-closing-london-michelin-star
2,london_eater_rest,02_london_eater_rest,391,https://london.eater.com/2020/3/18/21184940/award-winning-michelin-star-restaurant-group-jks-coronavirus-closures-lyles-hoppers-trishna
2,london_eater_rest,02_london_eater_rest,392,https://london.eater.com/2020/3/16/21180762/gymkhana-restaurant-reviews-london-michelin-stars
2,london_eater_rest,02_london_eater_rest,393,https://london.eater.com/2020/3/12/21176334/best-dishes-london-restaurants-march-2020
2,london_eater_rest,02_london_eater_rest,394,https://london.eater.com/2020/3/12/21176440/michel-roux-dead-restaurants-french-chef-michelin-star
2,london_eater_rest,02_london_eater_rest,395,https://london.eater.com/2020/3/10/21171500/best-london-restaurant-openings-spring-2020
2,london_eater_rest,02_london_eater_rest,396,https://london.eater.com/2020/3/5/21164600/best-dishes-restaurants-london-march-2020
2,london_eater_rest,02_london_eater_rest,397,https://london.eater.com/2020/2/28/21157647/best-london-restaurants-weekend-where-to-eat-february
2,london_eater_rest,02_london_eater_rest,398,https://london.eater.com/2020/2/21/21146780/best-london-restaurants-weekend-where-to-eat
2,london_eater_rest,02_london_eater_rest,399,https://london.eater.com/2020/2/7/21126468/where-to-eat-london-restaurants-best-weekend
2,london_eater_rest,02_london_eater_rest,400,https://london.eater.com/2020/2/6/21126040/best-dishes-london-restaurants-eater-february-2020
2,london_eater_rest,02_london_eater_rest,401,https://london.eater.com/2020/1/24/21078727/where-to-eat-best-london-restaurants-january-2020-recommended
2,london_eater_rest,02_london_eater_rest,402,https://london.eater.com/2020/1/15/21066957/greggs-delivery-just-eat-takeover-takeaway
2,london_eater_rest,02_london_eater_rest,403,https://london.eater.com/2020/1/3/21046344/best-london-restaurant-openings-new-2020
2,london_eater_rest,02_london_eater_rest,404,https://london.eater.com/2019/12/31/21044486/ashley-palmer-watts-chef-dinner-by-heston-blumenthal-michelin-star-restaurants-london
2,london_eater_rest,02_london_eater_rest,405,https://london.eater.com/2019/12/9/20993527/eater-london-christmas-gift-guide-2019-best-food-gifts-ideas-shopping-london
2,london_eater_rest,02_london_eater_rest,406,https://london.eater.com/2019/11/22/20977761/best-london-restaurants-where-to-eat-weekend
2,london_eater_rest,02_london_eater_rest,407,https://london.eater.com/2019/10/8/20904283/michelin-stars-new-london-restaurants-2020-guide
2,london_eater_rest,02_london_eater_rest,408,https://london.eater.com/2019/10/7/20902462/michelin-stars-london-restaurants-2020-michelin-guide-uk-ireland
2,london_eater_rest,02_london_eater_rest,409,https://london.eater.com/2019/10/7/20902468/michelin-stars-london-restaurants-2020-michelin-guide-great-britain-ireland
2,london_eater_rest,02_london_eater_rest,410,https://london.eater.com/2019/9/20/20875518/best-london-restaurant-recommendations-where-to-eat
2,london_eater_rest,02_london_eater_rest,411,https://london.eater.com/2019/9/16/20867057/clove-club-michelin-star-london-restaurant-review
2,london_eater_rest,02_london_eater_rest,412,https://london.eater.com/2019/9/12/20860657/best-food-restaurants-west-end-soho-covent-garden-trafalgar-square
2,london_eater_rest,02_london_eater_rest,413,https://london.eater.com/2019/9/3/20847191/best-new-restaurant-openings-london-autumn-2019
2,london_eater_rest,02_london_eater_rest,414,https://london.eater.com/2019/8/28/20836494/london-michelin-star-restaurant-chef-announces-new-somerset-restaurant
2,london_eater_rest,02_london_eater_rest,415,https://london.eater.com/2019/8/27/20834838/michelin-starred-italian-restaurant-murano-angela-hartnett-new-opening-bermondsey-street
2,london_eater_rest,02_london_eater_rest,416,https://london.eater.com/2019/8/22/20827855/jamie-oliver-marco-pierre-white-michelin-stars-chain-restaurants-london
2,london_eater_rest,02_london_eater_rest,417,https://london.eater.com/2019/7/19/20700510/deliveroo-restaurant-delivery-supply-chain-middle-man
2,london_eater_rest,02_london_eater_rest,418,https://london.eater.com/2019/7/15/20693778/jay-rayner-review-black-axe-mangal-london-best-restaurants-st-john
2,london_eater_rest,02_london_eater_rest,419,https://london.eater.com/2019/6/17/18681705/trivet-restaurant-london-menu-opening-date-fat-duck-heston-blumenthal-michelin-stars
2,london_eater_rest,02_london_eater_rest,420,https://london.eater.com/2019/6/12/18661065/quique-dacosta-michelin-star-arros-qd-paella-restaurant-opening-london
2,london_eater_rest,02_london_eater_rest,421,https://london.eater.com/2019/6/7/18655491/michelin-guide-london-restaurants-michelin-stars-bib-gourmand
2,london_eater_rest,02_london_eater_rest,422,https://london.eater.com/2019/4/25/18514964/worlds-50-best-restaurants-best-female-chef-daniela-soto-innes-cosme-new-york-city
2,london_eater_rest,02_london_eater_rest,423,https://london.eater.com/2019/4/25/18515649/michelin-star-chef-jason-atherton-sell-marylebone-tapas-restaurant-social-wine
2,london_eater_rest,02_london_eater_rest,424,https://london.eater.com/2019/4/23/18512253/xier-restaurant-review-guardian-grace-dent-michelin-stars
2,london_eater_rest,02_london_eater_rest,425,https://london.eater.com/2019/3/20/18273971/hard-rock-cafe-london-uber-eats-food-delivery
2,london_eater_rest,02_london_eater_rest,426,https://london.eater.com/2019/3/11/18259611/momo-restaurant-bar-heddon-street-mayfair-mourad-marouz-sketch-michelin-starred
2,london_eater_rest,02_london_eater_rest,427,https://london.eater.com/2019/3/4/18249651/best-new-restaurants-london-spring-2019-openings
2,london_eater_rest,02_london_eater_rest,428,https://london.eater.com/2019/2/12/18221595/myrtle-restaurant-chelsea-irish-food-anna-haugh-michelin-pedigree
2,london_eater_rest,02_london_eater_rest,429,https://london.eater.com/2019/2/8/18216716/palmerston-pub-east-dulwich-best-restaurants-closure
2,london_eater_rest,02_london_eater_rest,430,https://london.eater.com/2019/2/7/18215319/deliveroo-restaurant-delivery-london-service-fee-uber-eats-just-eat
2,london_eater_rest,02_london_eater_rest,431,https://london.eater.com/2019/2/6/18213502/pidgin-restaurant-hackney-tasting-menu-new-chef-michelin-star
2,london_eater_rest,02_london_eater_rest,432,https://london.eater.com/2019/1/22/18192920/chef-andrew-farlie-death-gleneagles-michelin-starred-restaurant
2,london_eater_rest,02_london_eater_rest,433,https://london.eater.com/2019/1/16/18185052/worlds-50-best-restaurants-awards-2019-gender-parity
2,london_eater_rest,02_london_eater_rest,434,https://london.eater.com/2019/1/7/18171719/moio-portuguese-restaurant-stoke-newington-london-michelin-star-portland-chef-sommelier
2,london_eater_rest,02_london_eater_rest,435,https://london.eater.com/2019/1/2/18136325/london-restaurant-delivery-uber-eats-deliveroo-just-eat
2,london_eater_rest,02_london_eater_rest,436,https://london.eater.com/2018/12/18/18146366/mayfair-restaurant-london-closing-neo-bistro-anglo-michelin-star
2,london_eater_rest,02_london_eater_rest,437,https://london.eater.com/2018/11/30/18118587/michelin-star-restaurant-bonhams-auction-house-mayfair-london-closing
2,london_eater_rest,02_london_eater_rest,438,https://london.eater.com/2018/11/28/18110043/best-restaurants-design-london-eater-awards-2018
2,london_eater_rest,02_london_eater_rest,439,https://london.eater.com/2018/11/26/18108946/best-restaurants-london-eater-awards-2018
2,london_eater_rest,02_london_eater_rest,440,https://london.eater.com/2018/11/22/18107767/kutir-restaurant-chelsea-chef-rohit-ghai-michelin-star
2,london_eater_rest,02_london_eater_rest,441,https://london.eater.com/2018/11/13/18091030/the-araki-three-michelin-star-restaurant-sushi-chef-leaving-japan
2,london_eater_rest,02_london_eater_rest,442,https://london.eater.com/2018/10/24/18017912/fernandez-wells-wine-bar-tapas-soho-lexington-street-london-restaurant-closings
2,london_eater_rest,02_london_eater_rest,443,https://london.eater.com/2018/10/19/17999124/ofm-awards-nishkam-swat-charity-observer-food-monthly-london-restaurant-news
2,london_eater_rest,02_london_eater_rest,444,https://london.eater.com/2018/10/18/17993580/london-michelin-star-restaurants-pierre-koffmann-london-restaurant-festival
2,london_eater_rest,02_london_eater_rest,445,https://london.eater.com/2018/10/17/17982824/marina-o-loughlin-restaurant-review-greenhouse-mayfair-michelin-star-london-restaurant-instagram
2,london_eater_rest,02_london_eater_rest,446,https://london.eater.com/2018/10/10/17954970/ikoyi-michelin-star-restaurant-kiln-uk-best-restaurant-skinny-bib-worlds-50-best-dinner
2,london_eater_rest,02_london_eater_rest,447,https://london.eater.com/2018/10/4/17935832/worlds-50-best-restaurants-2019-venue-singapore-clare-smyth-worlds-best-female-chef
2,london_eater_rest,02_london_eater_rest,448,https://london.eater.com/2018/10/2/17924504/michelin-stars-london-restaurants-2019-michelin-guide-revelation-ceremony
2,london_eater_rest,02_london_eater_rest,449,https://london.eater.com/2018/10/2/17927452/michelin-star-restaurants-london-2019-guide-core-clare-smyth-ikoyi-jeremy-chan-brat-tomos-parry
2,london_eater_rest,02_london_eater_rest,450,https://london.eater.com/2018/10/1/17920764/michelin-stars-london-restaurants-michelin-guide-uk-ireland-2019
2,london_eater_rest,02_london_eater_rest,451,https://london.eater.com/2018/10/1/17922616/gordon-ramsay-restaurant-chelsea-michelin-stars-fay-maschler-evening-standard-review
2,london_eater_rest,02_london_eater_rest,452,https://london.eater.com/2018/10/1/17922726/michelin-guide-uk-2019-announcement-michelin-stars-london-restaurants-bfi-imax
2,london_eater_rest,02_london_eater_rest,453,https://london.eater.com/2018/10/1/17924610/michelin-star-losses-restaurants-london-michelin-guide-2019
2,london_eater_rest,02_london_eater_rest,454,https://london.eater.com/2018/9/26/17901370/sweetcorn-seasonal-ingredient-london-restaurant-trend-michelin-guide-instagram-stories
2,london_eater_rest,02_london_eater_rest,455,https://london.eater.com/2018/9/25/17899928/imperial-treasure-michelin-star-chinese-fine-dining-shanghai-singapore-macau-asias-50-best
2,london_eater_rest,02_london_eater_rest,456,https://london.eater.com/2018/9/13/17851600/gymkhana-chef-rohit-ghai-indian-restaurant-chelsea-michelin-star
2,london_eater_rest,02_london_eater_rest,457,https://london.eater.com/2018/6/21/17488092/michelin-starred-texture-28-50-restaurants-closing
2,london_eater_rest,02_london_eater_rest,458,https://london.eater.com/2018/3/20/17144044/motu-restaurant-delivery-karam-sethi-eater-awards
2,london_eater_rest,02_london_eater_rest,459,https://london.eater.com/2018/2/7/16985112/leroy-michelin-star-restaurant-london-opening-shoreditch
2,london_eater_rest,02_london_eater_rest,460,https://london.eater.com/2017/11/29/16714946/best-restaurants-design-london-eater-awards-2017
2,london_eater_rest,02_london_eater_rest,461,https://london.eater.com/2017/11/27/16704304/best-restaurants-london-eater-awards-2017
2,london_eater_rest,02_london_eater_rest,462,https://london.eater.com/2017/9/6/16262250/michelin-starred-dim-sum-restaurant-opening-london-bridge
2,london_eater_rest,02_london_eater_rest,463,https://london.eater.com/2017/7/11/15930830/food-delivery-london-restaurants-startups
2,london_eater_rest,02_london_eater_rest,464,https://london.eater.com/2017/7/11/15946550/london-best-food-restaurant-industry
2,london_eater_rest,02_london_eater_rest,465,https://london.eater.com/21428927/best-new-restaurant-openings-london
2,london_eater_rest,02_london_eater_rest,466,https://london.eater.com/21428937/london-grocery-delivery-wine-home-cooking-restaurant-cookbooks-food-films
2,london_eater_rest,02_london_eater_rest,467,https://london.eater.com/21432167/netflix-best-food-shows-films-taco-chronicles-chefs-table-salt-fat-acid-heat
2,london_eater_rest,02_london_eater_rest,468,https://london.eater.com/21505094/eater-london-holiday-gift-guide-2020-best-food-and-kitchen-gift-ideas
2,london_eater_rest,02_london_eater_rest,469,https://london.eater.com/22188437/best-restaurant-delivery-london-2020
2,london_eater_rest,02_london_eater_rest,470,https://london.eater.com/22238360/best-nationwide-restaurant-delivery-london-uk
2,london_eater_rest,02_london_eater_rest,471,https://london.eater.com/22244263/uk-coronavirus-latest-news-when-restaurants-reopen-delivery-takeaway
2,london_eater_rest,02_london_eater_rest,472,https://london.eater.com/22248183/michelin-stars-2021-london-restaurants-michelin-guide-uk
2,london_eater_rest,02_london_eater_rest,473,https://london.eater.com/22250071/michelin-stars-2021-which-restaurants-lost-stars-michelin-guide-uk
2,london_eater_rest,02_london_eater_rest,474,https://london.eater.com/22274176/lunar-new-year-best-restaurants-london-guide
2,london_eater_rest,02_london_eater_rest,475,https://london.eater.com/22324944/best-london-restaurant-openings-new-2021
2,london_eater_rest,02_london_eater_rest,476,https://london.eater.com/22666427/best-new-restaurants-london-autumn-2021-anticipated-openings
2,london_eater_rest,02_london_eater_rest,477,https://london.eater.com/22833918/best-food-restaurant-stories-2021-eater-london
2,london_eater_rest,02_london_eater_rest,478,https://london.eater.com/22839317/best-london-restaurant-openings-2022
2,london_eater_rest,02_london_eater_rest,479,https://london.eater.com/22866666/best-london-restaurant-openings-new-2022
2,london_eater_rest,02_london_eater_rest,480,https://london.eater.com/22912020/michelin-stars-2022-london-restaurants-michelin-guide-uk
2,london_eater_rest,02_london_eater_rest,481,https://london.eater.com/22979045/best-new-london-restaurant-openings-spring-2022
2,london_eater_rest,02_london_eater_rest,482,https://london.eater.com/23168989/best-london-restaurant-openings-summer-2022
2,london_eater_rest,02_london_eater_rest,483,https://london.eater.com/23337863/best-london-restaurant-openings-autumn-2022
2,london_eater_rest,02_london_eater_rest,484,https://london.eater.com/23496044/london-best-dishes-restaurants
2,london_eater_rest,02_london_eater_rest,485,https://london.eater.com/23510658/best-upcoming-london-restaurant-openings-2023
2,london_eater_rest,02_london_eater_rest,486,https://london.eater.com/23538568/best-london-restaurant-openings-winter-2023
2,london_eater_rest,02_london_eater_rest,487,https://london.eater.com/2022/11/23/23474923/yannick-alleno-michelin-star-paris-opening-four-seasons-london
2,london_eater_rest,02_london_eater_rest,488,https://london.eater.com/2022/11/9/23447441/brat-restaurant-london-soho-michelin-star
2,london_eater_rest,02_london_eater_rest,489,https://london.eater.com/2022/10/12/23400337/jamie-oliver-new-restaurant-delivery-pasta-dreams
2,london_eater_rest,02_london_eater_rest,490,https://london.eater.com/2022/9/29/23378591/two-michelin-starred-restaurant-ikoyi-close-st-james-180-the-strand
2,london_eater_rest,02_london_eater_rest,491,https://london.eater.com/2022/7/21/23272506/heinz-brekkie-dark-kitchen-food-delivery
2,london_eater_rest,02_london_eater_rest,492,https://london.eater.com/2022/5/25/23141001/dalston-food-delivery-riders-protest-ashwin-street-police-raids
2,london_eater_rest,02_london_eater_rest,493,https://london.eater.com/2022/2/25/22950404/ukraine-war-50-best-restaurants-russia-moscow-london
2,london_eater_rest,02_london_eater_rest,494,https://london.eater.com/2021/11/30/22809559/boris-johnson-british-curry-awards-2021-benares-michelin-star-mayfair
2,london_eater_rest,02_london_eater_rest,495,https://london.eater.com/2021/11/25/22802209/the-george-gastropub-jks-restaurants-marylebone-michelin-stars
2,london_eater_rest,02_london_eater_rest,496,https://london.eater.com/2021/9/7/22660487/new-london-restaurants-2021-openings
2,london_eater_rest,02_london_eater_rest,497,https://london.eater.com/2021/7/28/22597599/black-axe-mangal-london-best-restaurants-reopening
2,london_eater_rest,02_london_eater_rest,498,https://london.eater.com/2021/6/29/22554172/manthan-restaurant-rohit-ghai-michelin-star-indian-kutir
2,london_eater_rest,02_london_eater_rest,499,https://london.eater.com/2021/5/6/22422541/mondrian-hotel-shoreditch-restaurant-dani-garcia-three-michelin-stars
2,london_eater_rest,02_london_eater_rest,500,https://london.eater.com/2021/3/18/22338020/pizza-pilgrims-restaurants-menu-london-openings
2,london_eater_rest,02_london_eater_rest,501,https://london.eater.com/2021/2/17/22285491/alyn-williams-westbury-michelin-star-restaurant-unfair-dismissal
2,london_eater_rest,02_london_eater_rest,502,https://london.eater.com/2021/2/8/22272094/jolene-bakery-opening-shoreditch-islington-newington-green-best-bakeries-london
2,london_eater_rest,02_london_eater_rest,503,https://london.eater.com/2020/10/5/21501977/coronavirus-uk-latest-restaurant-news-eat-out-help-out-rishi-sunak
2,london_eater_rest,02_london_eater_rest,504,https://london.eater.com/2020/9/25/21455693/brat-restaurant-shoreditch-brunch-michelin-star
2,london_eater_rest,02_london_eater_rest,505,https://london.eater.com/2020/9/16/21437028/deliveroo-riders-police-undercover-restaurant-delivery
2,london_eater_rest,02_london_eater_rest,506,https://london.eater.com/2020/8/25/21400606/brat-climpsons-arch-michelin-starred-restaurant-residency-london
2,london_eater_rest,02_london_eater_rest,507,https://london.eater.com/2020/8/4/21353847/amazon-deliveroo-restaurant-grocery-delivery-investment-approved
2,london_eater_rest,02_london_eater_rest,508,https://london.eater.com/2020/8/3/21352326/michelin-starred-shoreditch-restaurant-lyles-reopening-flor-asap-pizza-borough-market
2,london_eater_rest,02_london_eater_rest,509,https://london.eater.com/2020/7/23/21333852/koya-restaurant-reopens-soho-city-delivery
2,london_eater_rest,02_london_eater_rest,510,https://london.eater.com/2020/7/15/21322798/restaurant-delivery-coronavirus-big-night-the-laughing-heart-london-restaurant-hackney
2,london_eater_rest,02_london_eater_rest,511,https://london.eater.com/2020/7/9/21318421/best-restaurants-london-reopening-coronavirus-social-distancing
2,london_eater_rest,02_london_eater_rest,512,https://london.eater.com/2020/7/7/21315813/michelin-starred-shoreditch-restaurant-leroy-reopening-scraps-service-charge
2,london_eater_rest,02_london_eater_rest,513,https://london.eater.com/2020/7/2/21311048/bar-swift-london-opening-shoreditch-worlds-best-bars
2,london_eater_rest,02_london_eater_rest,514,https://london.eater.com/2020/6/26/21304128/london-restaurant-delivery-platform-great-feast-rival-deliveroo
2,london_eater_rest,02_london_eater_rest,515,https://london.eater.com/2020/6/25/21302825/michelin-star-shoreditch-restaurant-brat-summer-pop-up-hackney
2,london_eater_rest,02_london_eater_rest,516,https://london.eater.com/2020/6/24/21301737/amazon-deliveroo-investment-food-delivery-coronavirus-pandemic
2,london_eater_rest,02_london_eater_rest,517,https://london.eater.com/2020/6/11/21287612/amazon-deliveroo-restaurant-delivery-coronavirus
2,london_eater_rest,02_london_eater_rest,518,https://london.eater.com/2020/6/9/21285046/michelin-star-restaurant-london-the-ledbury-closed-coronavirus-lockdown
2,london_eater_rest,02_london_eater_rest,519,https://london.eater.com/2020/6/1/21271681/london-restaurants-reopening-lockdown-asap-pizza-borough-market-michelin-star-lyles-flor
2,london_eater_rest,02_london_eater_rest,520,https://london.eater.com/2020/5/21/21265988/borough-market-open-food-delivery-london
2,london_eater_rest,02_london_eater_rest,521,https://london.eater.com/2020/5/5/21247691/coronavirus-supermarket-delivery-food-poverty
2,london_eater_rest,02_london_eater_rest,522,https://london.eater.com/2020/4/27/21238036/uk-coronavirus-lockdown-supermarket-delivery-slots-food-supply
2,london_eater_rest,02_london_eater_rest,523,https://london.eater.com/2020/4/20/21227719/amazon-deliveroo-investment-coronavirus-restaurant-delivery-impact
2,london_eater_rest,02_london_eater_rest,524,https://london.eater.com/2020/4/16/21223330/kfc-delivery-uk-restaurants-reopen-burger-king-pret-nhs
2,london_eater_rest,02_london_eater_rest,525,https://london.eater.com/2020/4/8/21213275/coronavirus-uk-supermarket-food-delivery-shoppers-need-go-in-store
2,london_eater_rest,02_london_eater_rest,526,https://london.eater.com/2020/3/30/21199386/coronavirus-stay-at-home-best-food-books-read
2,london_eater_rest,02_london_eater_rest,527,https://london.eater.com/2020/3/27/21184883/coronavirus-london-food-delivery-natoora-fruit-vegetables
2,london_eater_rest,02_london_eater_rest,528,https://london.eater.com/2020/3/20/21186986/coronavirus-food-borough-market-delivery
2,london_eater_rest,02_london_eater_rest,529,https://london.eater.com/2020/3/20/21188457/coronavirus-uk-latest-restaurants-pubs-bars-closed-takeaway-only
2,london_eater_rest,02_london_eater_rest,530,https://london.eater.com/2020/3/18/21183739/coronavirus-bao-restaurant-soho-borough-market-closures-new-delivery-brand-rice-error
2,london_eater_rest,02_london_eater_rest,531,https://london.eater.com/2020/3/16/21181631/coronavirus-london-restaurant-delivery-no-contact-deliveroo-uber-eats
2,london_eater_rest,02_london_eater_rest,532,https://london.eater.com/2020/3/13/21178051/coronavirus-uk-latest-london-restaurants-delivery-only-black-axe-mangal
2,london_eater_rest,02_london_eater_rest,533,https://london.eater.com/2020/3/6/21167769/where-to-eat-london-restaurants-stamford-hill-ealing-hammersmith-tufnell-park-bethnal-green
2,london_eater_rest,02_london_eater_rest,534,https://london.eater.com/2020/3/4/21164350/fancy-restaurant-delivery-london-cookout-club-battersea
2,london_eater_rest,02_london_eater_rest,535,https://london.eater.com/2020/2/26/21154101/michelin-stars-2020-london-restaurants-camden-roundhouse-event
2,london_eater_rest,02_london_eater_rest,536,https://london.eater.com/2020/2/24/21149748/best-tacos-london-la-chingada-mexican-food-restaurant-review
2,london_eater_rest,02_london_eater_rest,537,https://london.eater.com/2020/2/19/21142583/gymkhana-michelin-star-restaurant-london-open-mayfair
2,london_eater_rest,02_london_eater_rest,538,https://london.eater.com/2020/2/18/21141964/nuno-mendes-michelin-starred-maos-shoreditch-tasting-menu-restaurant
2,london_eater_rest,02_london_eater_rest,539,https://london.eater.com/2020/2/14/21136204/sajid-javid-cabinet-resignation-five-guys-gymkhana-michelin-star-london-restaurant-reopening
2,london_eater_rest,02_london_eater_rest,540,https://london.eater.com/2020/2/4/21120358/gymkhana-restaurant-mayfair-london-michelin-star-open
2,london_eater_rest,02_london_eater_rest,541,https://london.eater.com/2020/2/3/21119112/square-restaurant-michelin-star-mayfair-closed-umu-administration-marlon-abela-bankruptcy
2,london_eater_rest,02_london_eater_rest,542,https://london.eater.com/2020/1/29/21114258/clare-smyth-new-restaurant-sydney-the-crown-core-michelin-stars
2,london_eater_rest,02_london_eater_rest,543,https://london.eater.com/2020/1/20/21073678/gordon-ramsay-lucky-cat-restaurant-london-new-openings-uk
2,london_eater_rest,02_london_eater_rest,544,https://london.eater.com/2020/1/9/21058113/eater-london-best-dishes-weekly-january-2020
2,london_eater_rest,02_london_eater_rest,545,https://london.eater.com/2019/12/20/21031209/where-to-eat-london-restaurants-weekend-westfield-christmas-shopping
2,london_eater_rest,02_london_eater_rest,546,https://london.eater.com/2019/12/6/20998834/general-election-2019-london-marginal-constituencies-best-restaurants
2,london_eater_rest,02_london_eater_rest,547,https://london.eater.com/2019/12/5/20996718/oklava-kyseri-turkish-chef-selin-kiazim-london-restaurant-bakery-wine-bar-fitzrovia
2,london_eater_rest,02_london_eater_rest,548,https://london.eater.com/2019/12/2/20991425/michelin-starred-mayfair-indian-jks-restaurant-gymkhana-open-february
2,london_eater_rest,02_london_eater_rest,549,https://london.eater.com/2019/11/29/20966395/best-dishes-eater-editors-writers-ate-this-week
2,london_eater_rest,02_london_eater_rest,550,https://london.eater.com/2019/11/29/20987772/best-restaurants-weekend-london-notting-hill-brick-lane-camden-southall-hackney-wick
2,london_eater_rest,02_london_eater_rest,551,https://london.eater.com/2019/11/26/20983544/alyn-williams-michelin-starred-mayfair-restaurant-sacked
2,london_eater_rest,02_london_eater_rest,552,https://london.eater.com/2019/11/25/20981735/wagamama-casual-dining-apocalypse-london-restaurant-news-st-john-nigella-lawson-register-to-vote
2,london_eater_rest,02_london_eater_rest,553,https://london.eater.com/2019/11/18/20970515/eater-awards-2019-finalists-best-restaurant-london-design-dish
2,london_eater_rest,02_london_eater_rest,554,https://london.eater.com/2019/11/1/20943207/mcdonalds-delivery-london-uber-eats-dark-kitchen-virtual-restaurant
2,london_eater_rest,02_london_eater_rest,555,https://london.eater.com/2019/10/25/20931843/dalston-martinis-natural-wine-best-restaurants-weekend-london
2,london_eater_rest,02_london_eater_rest,556,https://london.eater.com/2019/10/24/20930058/mcdonalds-uber-eats-delivery-big-macs-london-fast-food
2,london_eater_rest,02_london_eater_rest,557,https://london.eater.com/2019/10/24/20930137/heston-blumenthal-fat-duck-michelin-stars-lawsuit-pastry-chef-rsi
2,london_eater_rest,02_london_eater_rest,558,https://london.eater.com/2019/10/4/20897284/victoria-david-beckham-spotted-michelin-star-restaurant-araki-mayfair
2,london_eater_rest,02_london_eater_rest,559,https://london.eater.com/2019/10/4/20897433/michelin-bib-gourmand-london-restaurants-2020
2,london_eater_rest,02_london_eater_rest,560,https://london.eater.com/2019/10/2/20894892/michelin-star-london-restaurants-2020-predictions
2,london_eater_rest,02_london_eater_rest,561,https://london.eater.com/2019/9/27/20887056/where-to-eat-in-london-restaurants-weekend
2,london_eater_rest,02_london_eater_rest,562,https://london.eater.com/2019/9/9/20856953/joel-robuchon-new-restaurant-london-atelier-robuchon-michelin-star-closed
2,london_eater_rest,02_london_eater_rest,563,https://london.eater.com/2019/9/5/20850675/standard-hotel-london-restaurants-decimo-peter-sanchez-iglesias-casamia-michelin-star
2,london_eater_rest,02_london_eater_rest,564,https://london.eater.com/2019/8/8/20782507/deliveroo-restaurant-delivery-amazon-closures-high-street-editins-london
2,london_eater_rest,02_london_eater_rest,565,https://london.eater.com/2019/7/31/20746817/london-best-restaurants-summer-heatwave-2019
2,london_eater_rest,02_london_eater_rest,566,https://london.eater.com/2019/7/30/20746744/deliveroo-food-delivery-london-helicopter-experience-wagamama-chipotle
2,london_eater_rest,02_london_eater_rest,567,https://london.eater.com/2019/7/25/8929869/jks-gymkhana-hoppers-michelin-starred-indian-restaurant-group-gastropubs
2,london_eater_rest,02_london_eater_rest,568,https://london.eater.com/2019/7/15/20694407/charlies-browns-mayfair-new-london-restaurant-adam-byatt-michelin-star
2,london_eater_rest,02_london_eater_rest,569,https://london.eater.com/2019/7/11/20688759/deliveroo-amazon-expansion-investment-london-uk-towns-restaurant-delivery
2,london_eater_rest,02_london_eater_rest,570,https://london.eater.com/2019/6/28/18760963/uber-eats-restaurant-delivery-bbc-burger-investigation
2,london_eater_rest,02_london_eater_rest,571,https://london.eater.com/2019/6/27/18759469/worlds-50-best-restaurants-london-lyles-clove-club-analysis
2,london_eater_rest,02_london_eater_rest,572,https://london.eater.com/2019/6/27/18759767/harrods-london-restaurant-vineet-bhatia-michelin-star
2,london_eater_rest,02_london_eater_rest,573,https://london.eater.com/2019/6/25/18715287/best-restaurants-london-holiday-trip-tourists
2,london_eater_rest,02_london_eater_rest,574,https://london.eater.com/2019/6/25/18744053/worlds-50-best-restaurants-london-lyles-clove-club-shoreditch
2,london_eater_rest,02_london_eater_rest,575,https://london.eater.com/2019/6/24/18715267/tamarind-restaurant-london-michelin-star-knorr-chicken-stock-vegan-menu
2,london_eater_rest,02_london_eater_rest,576,https://london.eater.com/2019/6/21/18692883/years-and-years-bbc-drama-cast-russell-tovey-michelin-star-restaurant-somerset-house
2,london_eater_rest,02_london_eater_rest,577,https://london.eater.com/2019/6/21/18700457/helene-darroze-connaught-hotel-mayfair-michelin-star-restaurant-london
2,london_eater_rest,02_london_eater_rest,578,https://london.eater.com/2019/6/18/18682209/ed-sheeran-heinz-tomato-ketchup-advert-michelin-star-restaurant
2,london_eater_rest,02_london_eater_rest,579,https://london.eater.com/2019/6/18/18683434/worlds-50-best-restaurants-london-core-clare-smyth-st-john-heston-blumenthal
2,london_eater_rest,02_london_eater_rest,580,https://london.eater.com/2019/6/6/18655413/gymkhana-restaurant-fire-mayfair-michelin-starred
2,london_eater_rest,02_london_eater_rest,581,https://london.eater.com/2019/6/5/18652217/brat-restaurant-shoreditch-michelin-star-turbot
2,london_eater_rest,02_london_eater_rest,582,https://london.eater.com/2019/5/31/18646055/celebrity-sightings-london-restaurants-miley-cyrus-gymkhana-michelin-star-mayfair
2,london_eater_rest,02_london_eater_rest,583,https://london.eater.com/2019/5/24/18638310/tv-chef-james-martin-thomas-cook-flights-rihanna-milkshake-restaurant-news
2,london_eater_rest,02_london_eater_rest,584,https://london.eater.com/2019/5/20/18632263/amazon-deliveroo-labour-tom-watson-restaurant-delivery-suerveillance-capitalism
2,london_eater_rest,02_london_eater_rest,585,https://london.eater.com/2019/5/17/18628964/amazon-investment-deliveroo-restaurant-delivery-475-million-pounds
2,london_eater_rest,02_london_eater_rest,586,https://london.eater.com/2019/4/16/18376605/elizabeth-haigh-allen-chef-michelin-star-pidgin-kaizen-house
2,london_eater_rest,02_london_eater_rest,587,https://london.eater.com/2019/4/8/18300133/joel-robuchon-michelin-starred-london-restaurant-close
2,london_eater_rest,02_london_eater_rest,588,https://london.eater.com/2019/3/28/18285527/michelin-starred-restaurant-foie-gras-the-square
2,london_eater_rest,02_london_eater_rest,589,https://london.eater.com/2019/3/18/18270702/formative-coffee-london-cafes-coffee-shops
2,london_eater_rest,02_london_eater_rest,590,https://london.eater.com/2019/3/13/18263418/brat-michelin-starred-restaurant-shoreditch-elkano-basque-country
2,london_eater_rest,02_london_eater_rest,591,https://london.eater.com/2019/3/6/18252901/bubbledogs-hot-dogs-champagne-restaurant-kitchen-table-michelin-starred-fitzrovia
2,london_eater_rest,02_london_eater_rest,592,https://london.eater.com/2019/2/25/18239438/farzi-cafe-restaurant-london-review-food-critic
2,london_eater_rest,02_london_eater_rest,593,https://london.eater.com/2019/2/7/18215201/jolt-coffee-saudi-arabia-london-coffee-shops-cafes
2,london_eater_rest,02_london_eater_rest,594,https://london.eater.com/2019/1/24/18193085/kiln-best-restaurant-award-soho-thai-chef-departure
2,london_eater_rest,02_london_eater_rest,595,https://london.eater.com/2019/1/23/18193020/helene-darroze-connaught-two-michelin-starred-restaurant-galette-des-rois
2,london_eater_rest,02_london_eater_rest,596,https://london.eater.com/2019/1/23/18194521/south-indian-restaurant-baker-street-michelin-star-vineet-bhatia
2,london_eater_rest,02_london_eater_rest,597,https://london.eater.com/2019/1/22/18188035/arabica-kyoto-coffee-brand-london-coffee-shops-opening-broadway-market-covent-garden
2,london_eater_rest,02_london_eater_rest,598,https://london.eater.com/2019/1/14/18181852/michelin-starred-san-sebastian-restaurant-town-hall-hotel-bethnal-green-open
2,london_eater_rest,02_london_eater_rest,599,https://london.eater.com/2019/1/9/18171740/most-anticipated-restaurant-openings-london-2019
2,london_eater_rest,02_london_eater_rest,600,https://london.eater.com/2019/1/9/18175111/white-city-food-court-w12-studios-bbc-television-centre-london-restaurant-news
2,london_eater_rest,02_london_eater_rest,601,https://london.eater.com/2019/1/8/18173505/burns-night-2019-london-best-restaurants-quo-vadis-soho-black-axe-mangal
2,london_eater_rest,02_london_eater_rest,602,https://london.eater.com/2019/1/3/18166505/chefs-table-asma-khan-hache-burgers-collaboration-london-restaurant-news
2,london_eater_rest,02_london_eater_rest,603,https://london.eater.com/2018/12/28/18135884/london-restaurant-openings-predictions-2019
2,london_eater_rest,02_london_eater_rest,604,https://london.eater.com/2018/12/27/18135874/best-restaurants-london-2018-shoreditch-hackney-highbury-kings-cross
2,london_eater_rest,02_london_eater_rest,605,https://london.eater.com/2018/12/19/18147190/bluebird-restaurant-kings-road-chelsea-new-york-city-opening-time-warner-centre-food-review
2,london_eater_rest,02_london_eater_rest,606,https://london.eater.com/2018/12/19/18148488/outlaws-capital-london-restaurant-michelin-star-goring-hotel-westminster
2,london_eater_rest,02_london_eater_rest,607,https://london.eater.com/2018/12/18/18141043/claridges-hotel-restaurant-michelin-star-fera-simon-rogan-gordon-ramsay-mayfair
2,london_eater_rest,02_london_eater_rest,608,https://london.eater.com/2018/12/17/18143819/hicce-coal-drops-yard-restaurants-grace-dent-food-critic-guardian-restaurant-review
2,london_eater_rest,02_london_eater_rest,609,https://london.eater.com/2018/12/4/18125388/boxpark-wembley-michelin-star-indian-restaurant-rohit-ghai
2,london_eater_rest,02_london_eater_rest,610,https://london.eater.com/2018/12/4/18125692/dinner-heston-blumenthal-michelin-star-london-restaurant-mandarin-oriental-reopening
2,london_eater_rest,02_london_eater_rest,611,https://london.eater.com/2018/12/3/18123442/jason-atherton-michelin-star-london-restaurant-new-great-british-menu
2,london_eater_rest,02_london_eater_rest,612,https://london.eater.com/2018/11/30/18119422/best-chef-without-restaurant-london-eater-awards-2018
2,london_eater_rest,02_london_eater_rest,613,https://london.eater.com/2018/11/29/18117574/frankie-and-bennys-mobile-phones-table-michelin-star-restaurants
2,london_eater_rest,02_london_eater_rest,614,https://london.eater.com/2018/11/27/18109940/best-chefs-restaurants-london-eater-awards-2018
2,london_eater_rest,02_london_eater_rest,615,https://london.eater.com/2018/11/20/18104383/final-table-netflix-cooking-show-clare-smyth-james-knappett-michelin-star-london-chefs
2,london_eater_rest,02_london_eater_rest,616,https://london.eater.com/2018/11/13/18090990/ikea-meatballs-uber-eats-london-restaurant-delivery-november-2018
2,london_eater_rest,02_london_eater_rest,617,https://london.eater.com/2018/11/13/18092158/greggs-sausage-rolls-steak-bakes-restaurant-delivery-deliveroo
2,london_eater_rest,02_london_eater_rest,618,https://london.eater.com/2018/11/9/18078472/hide-ollie-dabbous-michelin-star-restaurant-burlington-arcade-christmas-2018-pop-up
2,london_eater_rest,02_london_eater_rest,619,https://london.eater.com/2018/11/7/18068958/gary-usher-sticky-walnut-burnt-truffle-angela-hartnett-murano-michelin-star-london-restaurant
2,london_eater_rest,02_london_eater_rest,620,https://london.eater.com/2018/10/30/18038704/william-sitwell-journalist-killing-vegans-waitrose-food-buzzfeed-restaurant-news
2,london_eater_rest,02_london_eater_rest,621,https://london.eater.com/2018/10/26/18026362/river-cafe-ruth-rogers-zaha-hadid-hyde-park-serpentine-sackler-london-restaurant-news
2,london_eater_rest,02_london_eater_rest,622,https://london.eater.com/2018/10/24/18017824/coal-drops-yard-barrafina-berenjak-soho-jks-michelin-star-london-restaurant-instagram-influencers
2,london_eater_rest,02_london_eater_rest,623,https://london.eater.com/2018/10/23/18008268/heat-kitchen-revolution-documentary-michelin-star-chef-sophie-pic-yotam-ottolenghi-rovi-breakfast
2,london_eater_rest,02_london_eater_rest,624,https://london.eater.com/2018/10/12/17954706/kyms-restaurant-bloomberg-arcade-a-wong-michelin-star-restaurant-chinese-dim-sum
2,london_eater_rest,02_london_eater_rest,625,https://london.eater.com/2018/10/8/17950382/peter-sanchez-iglesias-casamia-paco-tapas-bristol-michelin-star-restaurants-standard-london
2,london_eater_rest,02_london_eater_rest,626,https://london.eater.com/2018/10/5/16349024/core-by-clare-smyth-restaurant-notting-hill-london-michelin-stars
2,london_eater_rest,02_london_eater_rest,627,https://london.eater.com/2018/10/3/17928348/michelin-stars-london-2019-guide-brat-ikoyi-sabor-core-clare-smyth-instagram-stories
2,london_eater_rest,02_london_eater_rest,628,https://london.eater.com/2018/10/2/17922978/michelin-stars-london-restaurants-2019
2,london_eater_rest,02_london_eater_rest,629,https://london.eater.com/2018/10/1/17923334/marianne-notting-hill-restaurant-marianne-lumb-great-british-menu-nhs-london-restaurant-closings
2,london_eater_rest,02_london_eater_rest,630,https://london.eater.com/2018/9/28/17913182/michelin-guide-bib-gourmand-2019-london-sorella-clapham-petit-pois-farang-highbury-kudu-peckham
2,london_eater_rest,02_london_eater_rest,631,https://london.eater.com/2018/9/28/17913750/restaurant-delivery-london-eater-live-panel-discussion
2,london_eater_rest,02_london_eater_rest,632,https://london.eater.com/2018/9/25/17899944/boxpark-wembley-shipping-container-restaurants-london-restaurant-news
2,london_eater_rest,02_london_eater_rest,633,https://london.eater.com/2018/9/21/17886008/uber-eats-deliveroo-restaurant-delivery-start-up-gig-economy-acquisition-bloomberg
2,london_eater_rest,02_london_eater_rest,634,https://london.eater.com/2018/9/17/17868974/best-restaurants-london-24-hours-stay-one-day-trip-travel-itinerary
2,london_eater_rest,02_london_eater_rest,635,https://london.eater.com/2018/9/14/17854368/st-john-fergus-henderson-bakery-neals-yard-london-restaurant-news
2,london_eater_rest,02_london_eater_rest,636,https://london.eater.com/2018/9/10/17840376/london-restaurant-news-eater-milk-beach-queens-park-p-franco-st-john-london-food-link
2,london_eater_rest,02_london_eater_rest,637,https://london.eater.com/2018/8/1/17638550/uk-michelin-guide-2019-announcement-live-event-london-october
2,london_eater_rest,02_london_eater_rest,638,https://london.eater.com/2018/7/31/17633974/deliveroo-restaurant-delivery-business-rate-lobby-government
2,london_eater_rest,02_london_eater_rest,639,https://london.eater.com/2018/7/5/17533902/ikoyi-michelin-star-restaurant-st-james-market-london-inside-look
2,london_eater_rest,02_london_eater_rest,640,https://london.eater.com/2018/6/28/17513298/nuno-mendes-maos-shoreditch-michelin-star-tasting-menu-restaurant
2,london_eater_rest,02_london_eater_rest,641,https://london.eater.com/2018/6/27/17492196/clare-smyth-worlds-50-best-restaurants-2018
2,london_eater_rest,02_london_eater_rest,642,https://london.eater.com/2018/6/19/17480516/worlds-50-best-restaurants-london
2,london_eater_rest,02_london_eater_rest,643,https://london.eater.com/2018/6/18/17474306/michelin-guide-david-ellis-departure
2,london_eater_rest,02_london_eater_rest,644,https://london.eater.com/2018/6/14/17460144/atul-kochar-michelin-starred-restaurant-benares-sacked-dubai-hotel-anti-muslim-tweets
2,london_eater_rest,02_london_eater_rest,645,https://london.eater.com/2018/6/13/17457812/deliveroo-growth-expansion-marketplace-restaurant-delivery
2,london_eater_rest,02_london_eater_rest,646,https://london.eater.com/2018/5/22/17379242/deliveroo-5-million-pounds-innovation-fund-editions-dark-kitchens-restaurant-delivery
2,london_eater_rest,02_london_eater_rest,647,https://london.eater.com/2018/4/18/17251404/hide-ollie-dabbous-michelin-star-food-menu-first-look-mayfair
2,london_eater_rest,02_london_eater_rest,648,https://london.eater.com/2018/4/9/17215350/two-michelin-starred-new-york-restaurant-momofuku-ko-lyles-james-lowe-shoreditch
2,london_eater_rest,02_london_eater_rest,649,https://london.eater.com/2018/4/4/17197040/crosstown-doughnuts-slerp-anti-deliveroo-restaurant-delivery
2,london_eater_rest,02_london_eater_rest,650,https://london.eater.com/2018/3/27/17167038/michelin-starred-andrew-wong-the-chinese-takeaway-deliveroo-editions-whitechapel
2,london_eater_rest,02_london_eater_rest,651,https://london.eater.com/2018/3/23/17156138/london-5-restaurants-recommended-where-to-eat-weekend
2,london_eater_rest,02_london_eater_rest,652,https://london.eater.com/2018/3/12/17100910/brat-restaurant-michelin-star-shoreditch-tomos-parry-kitty-fishers
2,london_eater_rest,02_london_eater_rest,653,https://london.eater.com/2018/2/22/17039686/cafe-rouge-delivery-only-brand-stack-and-grill
2,london_eater_rest,02_london_eater_rest,654,https://london.eater.com/2018/2/12/17003100/jamie-oliver-barbecoa-closing-london-restaurant-news
2,london_eater_rest,02_london_eater_rest,655,https://london.eater.com/2018/2/1/16955116/sabor-michelin-star-restaurant-london-nieves-barragan-mohacho-mayfair
2,london_eater_rest,02_london_eater_rest,656,https://london.eater.com/2018/1/25/16927260/indian-restaurant-group-kricket-delivery-namma-white-city
2,london_eater_rest,02_london_eater_rest,657,https://london.eater.com/2018/1/19/16908886/veganism-two-new-east-london-openings-vurger-and-co-the-spread-eagle-burgers-pubs
2,london_eater_rest,02_london_eater_rest,658,https://london.eater.com/2018/1/16/16882334/five-guys-canary-wharf-london-restaurant-openings-via-emilia-buns-and-buns
2,london_eater_rest,02_london_eater_rest,659,https://london.eater.com/2018/1/5/16850056/michelin-starred-jamavar-head-chef-rohit-ghai-leaving
2,london_eater_rest,02_london_eater_rest,660,https://london.eater.com/2018/1/2/16840218/hottest-london-restaurant-openings-2018-sabor-brat-roganic
2,london_eater_rest,02_london_eater_rest,661,https://london.eater.com/2017/12/20/16800166/quique-dacosta-three-michelin-starred-spanish-restaurant-arros-qd-oxford-street-london
2,london_eater_rest,02_london_eater_rest,662,https://london.eater.com/2017/12/13/16771186/central-london-restaurants-delivery-planning-permission-soho-westminster-council
2,london_eater_rest,02_london_eater_rest,663,https://london.eater.com/2017/11/23/16693928/lazy-sexist-tweet-michelin-guide-london-consternation-twitter
2,london_eater_rest,02_london_eater_rest,664,https://london.eater.com/2017/11/10/16633560/deliveroo-ipo-expansion-london-restaurant-delivery-news
2,london_eater_rest,02_london_eater_rest,665,https://london.eater.com/2017/11/9/16627546/new-south-london-seafood-restaurant-take-on-michelin-starred-gastropubs-parsons-green
2,london_eater_rest,02_london_eater_rest,666,https://london.eater.com/2017/11/9/16627626/brexit-softening-number-restaurant-openings
2,london_eater_rest,02_london_eater_rest,667,https://london.eater.com/2017/11/7/16617192/helene-darroze-harrods-food-hall-weino-bib-london-restaurant-news
2,london_eater_rest,02_london_eater_rest,668,https://london.eater.com/2017/10/31/16580224/just-eat-london-delivery-growth-brexit
2,london_eater_rest,02_london_eater_rest,669,https://london.eater.com/2017/10/30/16569446/brexit-close-uk-restaurants-london-restaurant-news
2,london_eater_rest,02_london_eater_rest,670,https://london.eater.com/2017/10/23/16523278/what-does-the-sudden-death-of-jinn-mean-for-food-delivery-in-london-deliveroo-uber-eats-amazon
2,london_eater_rest,02_london_eater_rest,671,https://london.eater.com/2017/10/17/16482330/brindisa-breakfast-cheese-pop-ups-poke-white-truffle-nordic-food-more-news-london-restaurants
2,london_eater_rest,02_london_eater_rest,672,https://london.eater.com/2017/10/16/16481276/smashing-pumpkins-seek-to-wipe-out-avocado-on-toast-food-delivery-trend-autumn-london
2,london_eater_rest,02_london_eater_rest,673,https://london.eater.com/2017/10/11/16453254/club-gascon-michelin-star-restaurant-renovations-london-news
2,london_eater_rest,02_london_eater_rest,674,https://london.eater.com/2017/10/11/16458180/deliveroo-workers-rights-extra-cost-to-consumer-food-delivery-london
2,london_eater_rest,02_london_eater_rest,675,https://london.eater.com/2017/10/10/16451864/pergola-group-west-brompton-london-restaurant-openings-pergola-paddington-pergola-on-the-roof
2,london_eater_rest,02_london_eater_rest,676,https://london.eater.com/2017/10/9/16444210/vineet-bhatia-london-restaurant-closure-michelin-star
2,london_eater_rest,02_london_eater_rest,677,https://london.eater.com/2017/10/9/16446392/poke-restaurant-opening-london-restaurant-news-intel
2,london_eater_rest,02_london_eater_rest,678,https://london.eater.com/2017/10/9/16447168/pied-a-terre-new-head-chef-bans-swearing-london-restaurant-news
2,london_eater_rest,02_london_eater_rest,679,https://london.eater.com/2017/10/6/16434976/ex-outlaws-capital-chef-tom-brown-carousel-residency-london-restaurant-news
2,london_eater_rest,02_london_eater_rest,680,https://london.eater.com/2017/10/6/16437692/koya-bar-city-bloomberg-hq-london-restaurant-news
2,london_eater_rest,02_london_eater_rest,681,https://london.eater.com/2017/10/3/16409536/selfridges-roof-london-restaurant-openings-il-tetto
2,london_eater_rest,02_london_eater_rest,682,https://london.eater.com/2017/10/2/16392118/michelin-restaurants-london-stars-2018
2,london_eater_rest,02_london_eater_rest,683,https://london.eater.com/2017/10/2/16395744/michelin-stars-london-restaurants
2,london_eater_rest,02_london_eater_rest,684,https://london.eater.com/2017/10/2/16400896/michelin-stars-london-guide-2018-analysis
2,london_eater_rest,02_london_eater_rest,685,https://london.eater.com/2017/9/29/16383226/michelin-bib-gourmands-london-restaurants
2,london_eater_rest,02_london_eater_rest,686,https://london.eater.com/2017/9/28/16378260/jks-restaurants-gymkhana-hoppers-delivery-motu-says-hello-islington-swiss-cottage-deliveroo-editions
2,london_eater_rest,02_london_eater_rest,687,https://london.eater.com/2017/9/27/16372708/deliveroo-rapid-growth-dark-kitchens-after-284m-investment-restaurant-delivery
2,london_eater_rest,02_london_eater_rest,688,https://london.eater.com/2017/9/22/16350388/ubers-loss-of-licence-in-london-will-not-affect-uber-eats-restaurant-delivery
2,london_eater_rest,02_london_eater_rest,689,https://london.eater.com/2017/9/1/16239530/uk-michelin-guide-announced-2-october-london
2,london_eater_rest,02_london_eater_rest,690,https://london.eater.com/2017/8/23/16189758/108-garage-chef-chris-denney-michelin-star-interview-es
2,london_eater_rest,02_london_eater_rest,691,https://london.eater.com/2017/8/2/16082298/core-clare-smyth-two-michelin-star-london-restaurant
2,london_eater_rest,02_london_eater_rest,692,https://london.eater.com/2017/7/17/15983840/best-ice-cream-gelato-where-to-eat
2,london_eater_rest,02_london_eater_rest,693,https://london.eater.com/21258444/coronavirus-lockdown-restaurants-reopening-london-delivery
2,london_eater_rest,02_london_eater_rest,694,https://london.eater.com/21427554/new-london-restaurant-openings
2,london_eater_rest,02_london_eater_rest,695,https://london.eater.com/21432173/best-food-films-watch-netflix-amazon-prime-youtube
2,london_eater_rest,02_london_eater_rest,696,https://london.eater.com/21503867/meal-kit-delivery-london-restaurants-coronavirus
2,london_eater_rest,02_london_eater_rest,697,https://london.eater.com/21522842/big-night-restaurant-delivery-crowdfunding-deliveroo-uber-eats-alternatives
2,london_eater_rest,02_london_eater_rest,698,https://london.eater.com/21541698/london-restaurant-news-coronavirus-cases-eat-out-help-out
2,london_eater_rest,02_london_eater_rest,699,https://london.eater.com/21547394/coronavirus-lockdown-food-delivery-uk-natoora-home-delivery
2,london_eater_rest,02_london_eater_rest,700,https://london.eater.com/21574873/coronavirus-lockdown-london-restaurants-closed-reopening-delivery
2,london_eater_rest,02_london_eater_rest,701,https://london.eater.com/22152338/restaurant-news-london-coronavirus-tier-two-rules-pubs
2,london_eater_rest,02_london_eater_rest,702,https://london.eater.com/22188431/restaurant-openings-2021-london
2,london_eater_rest,02_london_eater_rest,703,https://london.eater.com/22188444/best-food-tweets-2020
2,london_eater_rest,02_london_eater_rest,704,https://london.eater.com/22188446/best-food-moments-2020
2,london_eater_rest,02_london_eater_rest,705,https://london.eater.com/22238312/michelin-star-restaurants-uk-2021
2,london_eater_rest,02_london_eater_rest,706,https://london.eater.com/22242127/biden-inauguration-trump-exit-best-food-world-responses
2,london_eater_rest,02_london_eater_rest,707,https://london.eater.com/22248178/michelin-stars-2021-restaurants-london
2,london_eater_rest,02_london_eater_rest,708,https://london.eater.com/22248179/new-michelin-star-restaurants-london-2021
2,london_eater_rest,02_london_eater_rest,709,https://london.eater.com/22248883/michelin-stars-2021-uk-restaurants-announcement-davina-mccall
2,london_eater_rest,02_london_eater_rest,710,https://london.eater.com/22255927/when-will-restaurants-reopen-coronavirus-lockdown-michelin-stars-2021
2,london_eater_rest,02_london_eater_rest,711,https://london.eater.com/22319436/deliveroo-ipo-date-food-delivery-float-will-shu-london-stock-market
2,london_eater_rest,02_london_eater_rest,712,https://london.eater.com/22331892/patty-and-bun-delivery-sidechick-menu-new-restaurant-london
2,london_eater_rest,02_london_eater_rest,713,https://london.eater.com/22335649/uber-drivers-workers-minimum-wage-gig-economy-food-delivery
2,london_eater_rest,02_london_eater_rest,714,https://london.eater.com/22393993/eataly-london-liverpool-street-opening-hours-food-hall-restaurants-bars
2,london_eater_rest,02_london_eater_rest,715,https://london.eater.com/22399082/london-restaurant-news-covid-19-update-pubs-open
2,london_eater_rest,02_london_eater_rest,716,https://london.eater.com/22411588/london-restaurant-news-covid-19-update-pubs-open-boris-johnson
2,london_eater_rest,02_london_eater_rest,717,https://london.eater.com/22593866/best-london-restaurants-summer-dining-guide
2,london_eater_rest,02_london_eater_rest,718,https://london.eater.com/22619672/the-ledbury-restaurant-reopening-notting-hill-brett-graham-michelin-stars
2,london_eater_rest,02_london_eater_rest,719,https://london.eater.com/22710792/worlds-50-best-restaurants-2021-winners
2,london_eater_rest,02_london_eater_rest,720,https://london.eater.com/22788948/rosslyn-coffee-moorgate-best-coffee-shops-london
2,london_eater_rest,02_london_eater_rest,721,https://london.eater.com/22839311/best-meals-dishes-london-restaurants-2021
2,london_eater_rest,02_london_eater_rest,722,https://london.eater.com/22904541/michelin-star-restaurants-uk-2022
2,london_eater_rest,02_london_eater_rest,723,https://london.eater.com/22927103/michelin-stars-2022-london-restaurants-predictions
2,london_eater_rest,02_london_eater_rest,724,https://london.eater.com/22934564/michelin-stars-london-2022-special-awards
2,london_eater_rest,02_london_eater_rest,725,https://london.eater.com/22936945/new-michelin-star-restaurants-london-2022
2,london_eater_rest,02_london_eater_rest,726,https://london.eater.com/22936948/michelin-stars-london-restaurants-2022
2,london_eater_rest,02_london_eater_rest,727,https://london.eater.com/22937007/michelin-stars-uk-restaurants-2022-ceremony-twitter
2,london_eater_rest,02_london_eater_rest,728,https://london.eater.com/2022/11/17/23464382/taku-sushi-michelin-star-mayfiar-paris-omakase
2,london_eater_rest,02_london_eater_rest,729,https://london.eater.com/2022/8/22/23313232/london-restaurant-pop-ups-chishuru-quality-wines-joke-bakare
2,london_eater_rest,02_london_eater_rest,730,https://london.eater.com/2022/6/27/23184552/countertalk-spaces-london-restaurant-pop-ups
2,london_eater_rest,02_london_eater_rest,731,https://london.eater.com/2022/6/9/23161221/koyn-mayfair-izakaya-nair-lsl-capital-jamavar-michelin-star
2,london_eater_rest,02_london_eater_rest,732,https://london.eater.com/2022/6/7/23156120/ikoyi-two-michelin-star-moving-st-james-central-london
2,london_eater_rest,02_london_eater_rest,733,https://london.eater.com/2022/4/29/23048149/kiss-the-hippo-cafe-richmond-sheen-lane-best-coffee-london
2,london_eater_rest,02_london_eater_rest,734,https://london.eater.com/2022/4/1/23006009/best-april-fools-2022-london-restaurants-cafe-deco-menu
2,london_eater_rest,02_london_eater_rest,735,https://london.eater.com/2022/2/25/22950475/where-to-eat-in-london-this-weekend
2,london_eater_rest,02_london_eater_rest,736,https://london.eater.com/2022/2/16/22937024/michelin-stars-2022-london-demotions-celeste-lanesborough
2,london_eater_rest,02_london_eater_rest,737,https://london.eater.com/2022/2/11/22928860/michelin-bib-gourmands-london-2022
2,london_eater_rest,02_london_eater_rest,738,https://london.eater.com/2022/1/24/22898647/born-drippy-coffee-london-closing-filter-only-cafe
2,london_eater_rest,02_london_eater_rest,739,https://london.eater.com/2022/1/20/22892876/popeyes-chicken-london-delivery-deliveroo-editions
2,london_eater_rest,02_london_eater_rest,740,https://london.eater.com/2021/10/20/22736192/kapihan-battersea-outstanding-bakery-coffee-south-london-closing
2,london_eater_rest,02_london_eater_rest,741,https://london.eater.com/2021/8/10/22618011/nuno-mendes-chef-chiltern-firehouse-restaurant-new-opening
2,london_eater_rest,02_london_eater_rest,742,https://london.eater.com/2021/6/24/22548515/serpentine-hyde-park-restaurants-magazine-climate-change-new-london-restaurant-opening
2,london_eater_rest,02_london_eater_rest,743,https://london.eater.com/2021/6/1/22462739/london-best-mediterranean-restaurant-brawn-opening-sargasso-margate-summer
2,london_eater_rest,02_london_eater_rest,744,https://london.eater.com/2021/5/19/22443532/seafood-bar-amsterdam-restaurant-opening-london-soho
2,london_eater_rest,02_london_eater_rest,745,https://london.eater.com/2021/4/14/22382021/tetote-factory-japanese-bakery-south-ealing-best-bakeries-london
2,london_eater_rest,02_london_eater_rest,746,https://london.eater.com/2021/4/8/22373557/watchhouse-coffee-london-cafes-opening
2,london_eater_rest,02_london_eater_rest,747,https://london.eater.com/2021/3/24/22347981/deliveroo-delivery-uk-riders-ipo-valuation
2,london_eater_rest,02_london_eater_rest,748,https://london.eater.com/2021/3/17/22334407/dusty-knuckle-dalston-opening-green-lanes-best-bakeries-london
2,london_eater_rest,02_london_eater_rest,749,https://london.eater.com/2021/3/3/22310832/pret-a-manger-dinner-menu-delivery-katsu-curry-not
2,london_eater_rest,02_london_eater_rest,750,https://london.eater.com/2020/10/22/21526337/conrad-london-hotel-sally-abe-harwood-arms-michelin-star
2,london_eater_rest,02_london_eater_rest,751,https://london.eater.com/2020/10/8/21507358/coronavirus-latest-news-are-restaurants-pubs-closing-england
2,london_eater_rest,02_london_eater_rest,752,https://london.eater.com/2020/10/5/21501978/10pm-curfew-coronavirus-uk-restaurants-pubs-bars-closed-gay-soho-sadiq-khan
2,london_eater_rest,02_london_eater_rest,753,https://london.eater.com/2020/9/22/21450471/coronavirus-restrictions-curfew-pubs-restaurants-closing-10pm-england
2,london_eater_rest,02_london_eater_rest,754,https://london.eater.com/2020/9/18/21444993/pantechnicon-restaurant-opening-belgravia-cafe-kitsune-paris-london
2,london_eater_rest,02_london_eater_rest,755,https://london.eater.com/2020/8/27/21403767/best-summer-autumn-dishes-london-restaurants-sweetcorn
2,london_eater_rest,02_london_eater_rest,756,https://london.eater.com/2020/8/21/21395112/coronavirus-uk-latest-london-restaurant-news
2,london_eater_rest,02_london_eater_rest,757,https://london.eater.com/2020/8/20/21376966/instagram-food-trends-best-sandwiches-london-restaurants
2,london_eater_rest,02_london_eater_rest,758,https://london.eater.com/2020/8/19/21374941/the-clove-club-shoreditch-michelin-star-reeopening-after-coronavirus-lockdown
2,london_eater_rest,02_london_eater_rest,759,https://london.eater.com/2020/8/13/21364948/best-london-restaurant-dishes-summer-holiday-octopus-sandwich
2,london_eater_rest,02_london_eater_rest,760,https://london.eater.com/2020/8/10/21361543/franco-manca-pizza-restaurant-chains-closing-coronavirus-london
2,london_eater_rest,02_london_eater_rest,761,https://london.eater.com/2020/7/29/21346608/pizza-hut-restaurants-uk-closing-coronavirus-chain-restaurants
2,london_eater_rest,02_london_eater_rest,762,https://london.eater.com/2020/7/28/21344772/amazon-fresh-same-day-grocery-delivery-uk-prime
2,london_eater_rest,02_london_eater_rest,763,https://london.eater.com/2020/7/10/21318602/best-value-restaurants-reopening-eater-london
2,london_eater_rest,02_london_eater_rest,764,https://london.eater.com/2020/7/8/21317044/cafe-deco-bloomsbury-chef-anna-tobias-40-maltby-street-restaurant
2,london_eater_rest,02_london_eater_rest,765,https://london.eater.com/2020/7/8/21317054/mei-mei-borough-market-evening-menu-ba-elizabeth-haigh-michelin-star-pidgin
2,london_eater_rest,02_london_eater_rest,766,https://london.eater.com/2020/7/3/21312372/cafe-rouge-bella-italia-restaurants-closing-coronavirus-uk
2,london_eater_rest,02_london_eater_rest,767,https://london.eater.com/2020/5/27/21271990/padella-pasta-delivery-london-lockdown
2,london_eater_rest,02_london_eater_rest,768,https://london.eater.com/2020/4/24/21234177/uk-coronavirus-furlough-restaurants-pubs-bars-closed
2,london_eater_rest,02_london_eater_rest,769,https://london.eater.com/2020/4/6/21209347/coronavirus-stay-at-home-london-restaurant-news-vulnerabe-workers
2,london_eater_rest,02_london_eater_rest,770,https://london.eater.com/2020/3/24/21192283/coronavirus-uk-latest-stay-home-essential-businesses-restaurants-cafes
2,london_eater_rest,02_london_eater_rest,771,https://london.eater.com/2020/3/11/21174783/bao-cafe-london-new-restaurant-kings-cross-bakery
2,london_eater_rest,02_london_eater_rest,772,https://london.eater.com/2020/3/9/21170555/oklava-bakery-wine-black-sea-pide-london-restaurant-reviews
2,london_eater_rest,02_london_eater_rest,773,https://london.eater.com/2020/2/11/21131203/linden-stores-wine-bar-restaurant-highbury-islington-closing-laura-christie-oklava
2,london_eater_rest,02_london_eater_rest,774,https://london.eater.com/2020/2/10/21131133/dominos-pizza-uk-deals-delivery-franchising-dispute
2,london_eater_rest,02_london_eater_rest,775,https://london.eater.com/2020/1/29/21113189/beigel-bake-brick-lane-delivery
2,london_eater_rest,02_london_eater_rest,776,https://london.eater.com/2020/1/10/21059781/greggs-delivery-uk-vegan-steak-bake-sausage-roll
2,london_eater_rest,02_london_eater_rest,777,https://london.eater.com/2020/1/3/21046754/best-london-restaurants-to-eat-this-weekend
2,london_eater_rest,02_london_eater_rest,778,https://london.eater.com/2019/12/30/21031707/londons-best-restaurant-dining-neighbourhoods-2019
2,london_eater_rest,02_london_eater_rest,779,https://london.eater.com/2019/12/27/21031670/best-meals-london-restaurants-2019-eater
2,london_eater_rest,02_london_eater_rest,780,https://london.eater.com/2019/12/24/21036358/best-tweets-decade-london-restaurant-food-writers
2,london_eater_rest,02_london_eater_rest,781,https://london.eater.com/2019/12/23/21034947/best-london-restaurant-dishes-decade-2010-2020
2,london_eater_rest,02_london_eater_rest,782,https://london.eater.com/2019/12/23/21035120/watchhouse-coffee-london-fernandez-wells-cafe-wine-bar
2,london_eater_rest,02_london_eater_rest,783,https://london.eater.com/2019/12/12/21012361/london-restaurant-news-general-election-2019
2,london_eater_rest,02_london_eater_rest,784,https://london.eater.com/2019/12/11/21004480/best-christmas-dishes-london-restaurants-2019-mince-pies
2,london_eater_rest,02_london_eater_rest,785,https://london.eater.com/2019/12/3/20993198/michelin-tripadvisor-the-fork-bookatable-worldwide
2,london_eater_rest,02_london_eater_rest,786,https://london.eater.com/2019/11/27/20985208/daniel-humm-emp-michelin-starred-claridges-mayfair-london
2,london_eater_rest,02_london_eater_rest,787,https://london.eater.com/2019/11/22/20976782/mauricio-pochettino-sack-michelin-star-richard-e-grant-birthday
2,london_eater_rest,02_london_eater_rest,788,https://london.eater.com/2019/11/20/20972649/best-christmas-dishes-london-restaurants-white-truffle-season
2,london_eater_rest,02_london_eater_rest,789,https://london.eater.com/2019/11/15/20966319/where-to-eat-london-weekend-tooting-barking-greenwich
2,london_eater_rest,02_london_eater_rest,790,https://london.eater.com/2019/11/8/20955199/where-to-eat-london-fry-up-sandwiches-sourdough
2,london_eater_rest,02_london_eater_rest,791,https://london.eater.com/2019/11/4/20946171/liu-xiaomian-noodles-jackalope-pub-london-restaurant-reviews
2,london_eater_rest,02_london_eater_rest,792,https://london.eater.com/2019/10/31/20941871/p-franco-guest-chef-hackney-wine-bar-restaurant-seb-myers
2,london_eater_rest,02_london_eater_rest,793,https://london.eater.com/2019/10/18/20920816/where-to-eat-london-weekend-ealing-east-ham-herne-hill
2,london_eater_rest,02_london_eater_rest,794,https://london.eater.com/2019/10/15/20915498/market-halls-west-end-opening-date-restaurants-london-food-hall
2,london_eater_rest,02_london_eater_rest,795,https://london.eater.com/2019/10/14/20913578/eater-london-best-restaurant-awards-2019-call-for-nominations
2,london_eater_rest,02_london_eater_rest,796,https://london.eater.com/2019/10/10/20908213/best-value-restaurants-london-north-east-south-west
2,london_eater_rest,02_london_eater_rest,797,https://london.eater.com/2019/10/8/20904237/michelin-star-revelation-uk-2020-event-analysis
2,london_eater_rest,02_london_eater_rest,798,https://london.eater.com/2019/10/7/20903286/michelin-stars-london-2020-deletions-araki-three-michelin-star-sushi
2,london_eater_rest,02_london_eater_rest,799,https://london.eater.com/2019/10/4/20898374/worlds-50-best-bars-2019-london-connaught-bar
2,london_eater_rest,02_london_eater_rest,800,https://london.eater.com/2019/10/4/20898711/where-to-eat-london-weekend-indian-turkish-polish-pizza
2,london_eater_rest,02_london_eater_rest,801,https://london.eater.com/2019/9/27/20886698/mccain-surecrisp-fries-why-are-delivery-chips-so-bad
2,london_eater_rest,02_london_eater_rest,802,https://london.eater.com/2019/9/24/20879831/yardarm-leyton-restaurant-wine-bar-opening
2,london_eater_rest,02_london_eater_rest,803,https://london.eater.com/2019/9/24/20881470/michelin-star-france-marc-veyrat-court-cheddar-cheese-souffle
2,london_eater_rest,02_london_eater_rest,804,https://london.eater.com/2019/9/23/20878395/st-john-restaurant-bread-wine-london-food-reviews
2,london_eater_rest,02_london_eater_rest,805,https://london.eater.com/2019/9/19/20847172/kapihan-battersea-filipino-cafe-best-new-bakery-london
2,london_eater_rest,02_london_eater_rest,806,https://london.eater.com/2019/9/11/20860467/deliveroo-tv-advert-banned-asa-regulations-delivery-anywhere
2,london_eater_rest,02_london_eater_rest,807,https://london.eater.com/2019/9/3/20847098/frankie-bennys-chiquito-restaurant-chains-wagamama-closing-uk
2,london_eater_rest,02_london_eater_rest,808,https://london.eater.com/2019/9/2/20843514/arcade-food-theatre-centre-point-london-restaurant-reviews-grace-dent
2,london_eater_rest,02_london_eater_rest,809,https://london.eater.com/2019/8/8/20791451/haya-notting-hill-restaurant-opening-tel-aviv-chef-heston-blumenthal
2,london_eater_rest,02_london_eater_rest,810,https://london.eater.com/2019/8/5/20754515/forza-wine-rooftop-bar-peckham-forza-win-italian-restaurant-opening
2,london_eater_rest,02_london_eater_rest,811,https://london.eater.com/2019/8/2/20750266/london-pubs-bars-how-to-get-served-bar-queue-face-recognition-technology
2,london_eater_rest,02_london_eater_rest,812,https://london.eater.com/2019/7/23/20706753/deliveroo-sainsburys-pizza-supermarket-home-delivery
2,london_eater_rest,02_london_eater_rest,813,https://london.eater.com/2019/7/12/20690829/michelin-stars-la-maison-des-bois-marc-veyrat-cheddar-cheese
2,london_eater_rest,02_london_eater_rest,814,https://london.eater.com/2019/7/1/20676887/food-halls-london-restaurants-future-casual-dining-eater-talks
2,london_eater_rest,02_london_eater_rest,815,https://london.eater.com/2019/6/19/18683355/national-restaurant-awards-2019-uk-best-restaurant-worst-outfit
2,london_eater_rest,02_london_eater_rest,816,https://london.eater.com/2019/6/12/18661569/arcade-food-theatre-london-restaurants-centre-point-food-hall-opening-date
2,london_eater_rest,02_london_eater_rest,817,https://london.eater.com/2019/6/11/18661376/dominos-pizza-delivery-buckingham-palace-queen
2,london_eater_rest,02_london_eater_rest,818,https://london.eater.com/2019/5/30/18645553/hackney-restaurant-vegan-food-speciality-coffee-natural-wine
2,london_eater_rest,02_london_eater_rest,819,https://london.eater.com/2019/5/15/18623223/crickets-insects-food-abokado-restaurant-chain-entomophagy
2,london_eater_rest,02_london_eater_rest,820,https://london.eater.com/2019/5/13/18616879/guy-ritchie-pub-lore-of-the-land-london-restaurant-review
2,london_eater_rest,02_london_eater_rest,821,https://london.eater.com/2019/5/13/18617632/paella-michelin-starred-quique-dacosta-arroz-qd-fitzrovia
2,london_eater_rest,02_london_eater_rest,822,https://london.eater.com/2019/5/10/18564028/morrisons-supermarket-home-delivery-deliveroo
2,london_eater_rest,02_london_eater_rest,823,https://london.eater.com/2019/5/8/18536584/london-best-portuguese-wine-bar-bar-douro-new-restaurant-city
2,london_eater_rest,02_london_eater_rest,824,https://london.eater.com/2019/5/7/18531427/restaurant-review-london-food-critic-masterchef
2,london_eater_rest,02_london_eater_rest,825,https://london.eater.com/2019/4/10/18301800/instagram-stories-babybel-hot-cross-buns-london-restaurant-news
2,london_eater_rest,02_london_eater_rest,826,https://london.eater.com/2019/4/10/18304328/quality-chop-house-group-portland-clipstone-michelin-star-38-emilia-mayfair
2,london_eater_rest,02_london_eater_rest,827,https://london.eater.com/2019/3/28/18285150/kiss-the-hippo-richmond-london-coffee-shops-fitzrovia
2,london_eater_rest,02_london_eater_rest,828,https://london.eater.com/2019/3/26/18282663/hackney-natural-wine-bar-restaurant-guest-chef
2,london_eater_rest,02_london_eater_rest,829,https://london.eater.com/2019/3/21/18274421/curators-coffee-gallery-margaret-street-london-coffee-shops
2,london_eater_rest,02_london_eater_rest,830,https://london.eater.com/2019/3/18/18270657/mr-chow-knightsbridge-restaurant-review-marina-o-loughlin-food-critic-times
2,london_eater_rest,02_london_eater_rest,831,https://london.eater.com/2019/3/7/18254680/ceremony-best-vegetarian-restaurants-london-closing
2,london_eater_rest,02_london_eater_rest,832,https://london.eater.com/2019/3/6/18252893/singburi-best-thai-restaurants-london-opening-date
2,london_eater_rest,02_london_eater_rest,833,https://london.eater.com/2019/3/4/18249640/giraffe-restaurants-world-kitchen-chain-closing
2,london_eater_rest,02_london_eater_rest,834,https://london.eater.com/2019/2/26/18241103/workshop-coffee-holborn-coffee-bar-closing-amazon-london
2,london_eater_rest,02_london_eater_rest,835,https://london.eater.com/2019/2/4/18210306/byron-burger-chain-restaurant-casual-dining-closures-10-million-pounds
2,london_eater_rest,02_london_eater_rest,836,https://london.eater.com/2019/1/23/18194157/starbucks-frappuccino-delivery-london-uber-eats
2,london_eater_rest,02_london_eater_rest,837,https://london.eater.com/2019/1/21/18190687/din-tai-fung-london-restaurant-review-grace-dent-food-critic
2,london_eater_rest,02_london_eater_rest,838,https://london.eater.com/2019/1/21/18191364/michelin-star-gonzalo-luzarraga-rigo-fulham-close-move
2,london_eater_rest,02_london_eater_rest,839,https://london.eater.com/2019/1/14/18181817/rosas-thai-restaurant-chain-london-news-selfridges-food-hall-cbd-sushi
2,london_eater_rest,02_london_eater_rest,840,https://london.eater.com/2019/1/14/18181993/soderberg-edinburgh-bakery-cafe-london-opening-soho
2,london_eater_rest,02_london_eater_rest,841,https://london.eater.com/2019/1/10/18176633/stratford-hotel-manhattan-loft-gardens-chiltern-firehouse-marylebone-london-restaurant-news
2,london_eater_rest,02_london_eater_rest,842,https://london.eater.com/2019/1/7/18170843/din-tai-fung-london-restaurant-review-grace-dent-william-sitwell-vegans-food-critic
2,london_eater_rest,02_london_eater_rest,843,https://london.eater.com/2019/1/7/18171761/shoreditch-cafe-coffee-brooklyn-new-york-closing
2,london_eater_rest,02_london_eater_rest,844,https://london.eater.com/2019/1/4/18168039/happy-bar-grill-bulgarian-restaurant-chain-tgi-fridays-leicester-square-closed
2,london_eater_rest,02_london_eater_rest,845,https://london.eater.com/2018/12/28/18135880/best-london-restaurant-meals-2018
2,london_eater_rest,02_london_eater_rest,846,https://london.eater.com/2018/12/12/18135933/artesian-langham-worlds-best-bars-alex-kratena-monica-berg-new-london-cocktail-bar-old-street
2,london_eater_rest,02_london_eater_rest,847,https://london.eater.com/2018/12/6/18128662/flat-iron-square-restaurants-bar-douro-portuguese-guest-chefs
2,london_eater_rest,02_london_eater_rest,848,https://london.eater.com/2018/12/6/18128688/din-tai-fung-london-restaurant-opening-menu-taiwan-dumpling-chain-covent-garden
2,london_eater_rest,02_london_eater_rest,849,https://london.eater.com/2018/12/3/18122504/grace-dent-two-lights-shoreditch-restaurant-review-food-critic
2,london_eater_rest,02_london_eater_rest,850,https://london.eater.com/2018/12/3/18123551/din-tai-fung-london-restaurant-menu-covent-garden-xiaolongbao-restaurant-news
2,london_eater_rest,02_london_eater_rest,851,https://london.eater.com/2018/11/30/18119357/soup-2019-restaurant-trend-twitter-london-restaurant-news
2,london_eater_rest,02_london_eater_rest,852,https://london.eater.com/2018/11/29/18117602/best-restaurateur-restaurants-london-eater-awards-2018
2,london_eater_rest,02_london_eater_rest,853,https://london.eater.com/2018/11/19/18102390/the-french-house-soho-grace-dent-masterchef-professionals-guardian-restaurant-review-food-critic
2,london_eater_rest,02_london_eater_rest,854,https://london.eater.com/2018/11/13/18072802/masterchef-the-professionals-bbc-marcus-wareing-monica-galetti-gregg-wallace-michelin-star
2,london_eater_rest,02_london_eater_rest,855,https://london.eater.com/2018/11/8/18074840/cook-for-syria-instagram-clerkenwell-boy-unicef-charity-london-restaurant-news
2,london_eater_rest,02_london_eater_rest,856,https://london.eater.com/2018/11/5/18062310/franco-manca-sourdough-pizza-restaurant-new-london-restaurant-news
2,london_eater_rest,02_london_eater_rest,857,https://london.eater.com/2018/10/29/18035120/two-lights-shoreditch-clove-club-worlds-50-best-restaurant-review-fay-maschler-evening-standard
2,london_eater_rest,02_london_eater_rest,858,https://london.eater.com/2018/10/25/18021914/gbk-restaurant-burger-high-street-chain-closing-proper-indian-ruby-murray-campaign
2,london_eater_rest,02_london_eater_rest,859,https://london.eater.com/2018/10/24/18017914/aesop-uk-london-plant-based-vegan-restaurant-richmond-dinners-restaurant-news
2,london_eater_rest,02_london_eater_rest,860,https://london.eater.com/2018/10/22/18008218/f1-renault-flavio-briatore-crazy-pizza-paddington-street-marylebone-london-restaurant-news
2,london_eater_rest,02_london_eater_rest,861,https://london.eater.com/2018/10/17/17984160/deliveroo-westminster-mps-byron-george-osborne-ombra-hackney-parmesan-london-restaurant-news
2,london_eater_rest,02_london_eater_rest,862,https://london.eater.com/2018/10/16/17982588/miracle-cocktail-holiday-pop-up-new-york-london-2018-london-restaurant-news
2,london_eater_rest,02_london_eater_rest,863,https://london.eater.com/2018/10/15/17977640/pidgin-restaurant-hackney-james-ramsden-sam-herlihy-london-restaurant-news
2,london_eater_rest,02_london_eater_rest,864,https://london.eater.com/2018/10/15/17977726/dairy-chef-richard-falk-lino-city-restaurant-ybf-awards-winner
2,london_eater_rest,02_london_eater_rest,865,https://london.eater.com/2018/10/11/17959250/patisserie-valerie-hmrc-winding-up-order-tax-fraud-bbc-bao-borough-market-london-restaurant-news
2,london_eater_rest,02_london_eater_rest,866,https://london.eater.com/2018/10/9/17954746/james-cochran-great-british-menu-final-banquet-nhs-70-bbc-television-london-restaurant-news
2,london_eater_rest,02_london_eater_rest,867,https://london.eater.com/2018/10/8/17936138/met-bar-park-lane-gridiron-richard-turner-hawksmoor-three-sheets-dalston-new-restaurant-opening
2,london_eater_rest,02_london_eater_rest,868,https://london.eater.com/2018/10/8/17950434/james-syhabout-hawker-fare-commis-oakland-lyles-guest-series-london-restaurant-news
2,london_eater_rest,02_london_eater_rest,869,https://london.eater.com/2018/10/4/17932552/jolene-newington-green-bakery-restaurant-wine-bar-westerns-laundry
2,london_eater_rest,02_london_eater_rest,870,https://london.eater.com/2018/10/4/17935728/dandelyan-worlds-50-best-bars-2018-mr-lyan-american-bar-connaught-london
2,london_eater_rest,02_london_eater_rest,871,https://london.eater.com/2018/9/26/17901664/jamie-oliver-jamies-italian-closed-aramak-partnership-london-restaurant-news
2,london_eater_rest,02_london_eater_rest,872,https://london.eater.com/2018/9/24/17893664/tom-kerridge-kerridges-bar-grill-corinthia-london-giles-coren-times-restaurant-review
2,london_eater_rest,02_london_eater_rest,873,https://london.eater.com/2018/9/24/17895282/gaucho-argentine-steak-restaurant-closed-cva-london-restaurant-news
2,london_eater_rest,02_london_eater_rest,874,https://london.eater.com/2018/9/19/17873346/sushisamba-heron-tower-new-restaurant-covent-garden-london-restaurant-news
2,london_eater_rest,02_london_eater_rest,875,https://london.eater.com/2018/9/18/17873220/parmesan-row-twitter-jay-rayner-ombra-london-restaurant-news
2,london_eater_rest,02_london_eater_rest,876,https://london.eater.com/2018/9/17/17859838/dishoom-indian-restaurant-london-magic-breakfast-charity-london-restaurant-news
2,london_eater_rest,02_london_eater_rest,877,https://london.eater.com/2018/9/5/17822478/leon-restaurant-chain-washington-dc-opening
2,london_eater_rest,02_london_eater_rest,878,https://london.eater.com/2018/9/4/17817034/department-coffee-social-affairs-new-coffee-shops-london
2,london_eater_rest,02_london_eater_rest,879,https://london.eater.com/2018/8/28/17790178/best-new-restaurants-london-opening
2,london_eater_rest,02_london_eater_rest,880,https://london.eater.com/2018/8/23/17772394/platform-1-east-dulwich-london-restaurant-pop-ups-closed
2,london_eater_rest,02_london_eater_rest,881,https://london.eater.com/2018/8/8/17660128/atul-kochar-benares-michelin-star-sacked-anti-islamic-tweets
2,london_eater_rest,02_london_eater_rest,882,https://london.eater.com/2018/8/6/17655106/joel-robuchon-most-michelin-stars-death
2,london_eater_rest,02_london_eater_rest,883,https://london.eater.com/2018/6/14/17463150/michelin-star-alain-ducasse-chocolate-shop-kings-cross
2,london_eater_rest,02_london_eater_rest,884,https://london.eater.com/2018/6/4/17424420/rosas-thai-cafe-restaurant-chain-sale-trispan
2,london_eater_rest,02_london_eater_rest,885,https://london.eater.com/2018/6/1/17416872/london-restaurant-news-anna-tobias-p-franco-som-saa-st-john-bread-and-wine-lee-skeet-carousel
2,london_eater_rest,02_london_eater_rest,886,https://london.eater.com/2018/5/31/17413424/carluccios-closing-30-restaurants-casual-dining-downturn
2,london_eater_rest,02_london_eater_rest,887,https://london.eater.com/2018/5/21/17375518/chef-laurent-tourondel-opening-hotel-cafe-royal-june-london
2,london_eater_rest,02_london_eater_rest,888,https://london.eater.com/2018/5/16/17359800/where-to-eat-like-the-royal-family
2,london_eater_rest,02_london_eater_rest,889,https://london.eater.com/2018/5/14/17351350/paris-host-first-televised-world-restaurant-awards-oscars-food-petrini-bottura-smyth
2,london_eater_rest,02_london_eater_rest,890,https://london.eater.com/2018/5/3/17315074/michelin-star-mayfair-indian-tamarind-closed-refurbishment
2,london_eater_rest,02_london_eater_rest,891,https://london.eater.com/2018/5/2/17310400/instagram-food-london-restaurants-calum-franklin-cateys-dish-of-week
2,london_eater_rest,02_london_eater_rest,892,https://london.eater.com/2018/4/16/17242686/ollie-dabbous-hide-mayfair-michelin-star-first-look
2,london_eater_rest,02_london_eater_rest,893,https://london.eater.com/2018/4/11/17223518/restaurant-news-instagram-social-media-fortnum-and-mason
2,london_eater_rest,02_london_eater_rest,894,https://london.eater.com/2018/4/6/17205452/farzi-cafe-indian-restaurant-london-opening
2,london_eater_rest,02_london_eater_rest,895,https://london.eater.com/2018/3/28/17171716/easter-food-restaurant-guide-london
2,london_eater_rest,02_london_eater_rest,896,https://london.eater.com/2018/3/22/17150928/heinz-beck-michelin-star-browns-hotel-mayfair
2,london_eater_rest,02_london_eater_rest,897,https://london.eater.com/2018/3/16/17091852/ollie-dabbous-hide-michelin-star-2019-hedonism-wines
2,london_eater_rest,02_london_eater_rest,898,https://london.eater.com/2018/3/16/17126272/alastair-little-soup-delivery-west-london
2,london_eater_rest,02_london_eater_rest,899,https://london.eater.com/2018/3/13/17113590/benares-michelin-starred-plant-based-menu
2,london_eater_rest,02_london_eater_rest,900,https://london.eater.com/2018/3/9/17099660/hawker-chan-michelin-star-singapore-london
2,london_eater_rest,02_london_eater_rest,901,https://london.eater.com/2018/2/27/17057276/restaurant-pop-ups-events-collaborations-march
2,london_eater_rest,02_london_eater_rest,902,https://london.eater.com/2018/2/27/17057330/motu-indian-delivery-jks-high-street-curry-houses
2,london_eater_rest,02_london_eater_rest,903,https://london.eater.com/2018/2/14/17011242/restaurant-news-influencers-instagram
2,london_eater_rest,02_london_eater_rest,904,https://london.eater.com/2018/2/13/17007204/spuntino-heathrow-restaurants-food-menu-terminal-3-russell-norman-airport-dining-london
2,london_eater_rest,02_london_eater_rest,905,https://london.eater.com/2018/2/7/16984266/instagram-stories-restaurant-news-influencers-sabor-noble-rot
2,london_eater_rest,02_london_eater_rest,906,https://london.eater.com/2018/2/6/16977840/ellory-michelin-star-hackney-for-sale
2,london_eater_rest,02_london_eater_rest,907,https://london.eater.com/2018/1/19/16882460/roganic-michelin-star-london-simon-rogan-lenclume-cartmel
2,london_eater_rest,02_london_eater_rest,908,https://london.eater.com/2018/1/4/16848924/restaurant-and-bar-from-nyc-opening-london-genuine-liquorette-superette
2,london_eater_rest,02_london_eater_rest,909,https://london.eater.com/2017/12/29/16807642/best-meals-london-restaurants-of-2017
2,london_eater_rest,02_london_eater_rest,910,https://london.eater.com/2017/12/18/16789620/food-critic-restaurant-reviews-giles-coren-marina-oloughlin-fay-mascher-jay-rayner-grace-dent
2,london_eater_rest,02_london_eater_rest,911,https://london.eater.com/2017/12/18/16789680/chef-restaurateur-stevie-parle-original-restaurant-dock-kitchen-closing
2,london_eater_rest,02_london_eater_rest,912,https://london.eater.com/2017/12/15/16780940/pub-owners-with-pedigree-opening-new-all-day-restaurant-stockwell-continental
2,london_eater_rest,02_london_eater_rest,913,https://london.eater.com/2017/12/12/16733998/chef-victor-garvey-rambla-sibarita-opening-new-paella-restaurant-soho-new-year
2,london_eater_rest,02_london_eater_rest,914,https://london.eater.com/2017/12/12/16766166/star-spanish-chef-nieves-baragan-mohacho-back-sabor-new-year-restaurant-opening
2,london_eater_rest,02_london_eater_rest,915,https://london.eater.com/2017/12/11/16761088/p-franco-best-london-restaurant-of-the-year-eater-awards-2017
2,london_eater_rest,02_london_eater_rest,916,https://london.eater.com/2017/12/7/16741472/flexitarian-restaurant-notting-hill-changes-chef-ahead-of-opening-184-green-and-grill
2,london_eater_rest,02_london_eater_rest,917,https://london.eater.com/2017/12/6/16741214/ikoyi-2017-two-end-of-year-west-african-feasts-more-restaurant-news
2,london_eater_rest,02_london_eater_rest,918,https://london.eater.com/2017/12/1/16723504/mcdonalds-hijab-row-london-restaurant-news
2,london_eater_rest,02_london_eater_rest,919,https://london.eater.com/2017/11/30/16719766/best-london-restaurant-expansion-of-the-year-eater-awards-2017
2,london_eater_rest,02_london_eater_rest,920,https://london.eater.com/2017/11/13/16643552/deliveroo-introduce-free-delivery-monthly-fee
2,london_eater_rest,02_london_eater_rest,921,https://london.eater.com/2017/11/2/16598084/swedish-speciality-fika-london-restaurant-news
2,london_eater_rest,02_london_eater_rest,922,https://london.eater.com/2017/11/1/16583744/ekachai-london-restaurant-news-kings-cross
2,london_eater_rest,02_london_eater_rest,923,https://london.eater.com/2017/11/1/16588462/supper-london-delivery-crowdfund
2,london_eater_rest,02_london_eater_rest,924,https://london.eater.com/2017/11/1/16589284/the-kitchens-old-spitalfields-market-london-restaurant-news
2,london_eater_rest,02_london_eater_rest,925,https://london.eater.com/2017/11/1/16589598/london-versus-new-york-jason-atherton-the-clocktower-michelin-2018
2,london_eater_rest,02_london_eater_rest,926,https://london.eater.com/2017/10/27/16552410/a-dog-brandy-sommelier-london-restaurant-more-news-ottos-bresse-chicken-pop-ups-collaborations
2,london_eater_rest,02_london_eater_rest,927,https://london.eater.com/2017/10/26/16552052/british-burger-chain-byron-considers-sale-as-casual-dining-downturn-gets-real-brexit-restaurants
2,london_eater_rest,02_london_eater_rest,928,https://london.eater.com/2017/10/17/16489022/an-avocado-restaurant-is-opening-in-covent-garden-london-novelty-food
2,london_eater_rest,02_london_eater_rest,929,https://london.eater.com/2017/10/12/16463668/ottolenghi-head-chef-scully-is-opening-his-own-restaurant-london-st-james-2018
2,london_eater_rest,02_london_eater_rest,930,https://london.eater.com/2017/10/10/16450256/tom-kerridge-u-turn-jumeirah-carlton-london-restaurant-news
2,london_eater_rest,02_london_eater_rest,931,https://london.eater.com/2017/10/10/16452130/hkk-permanently-closed-hakkasan-group-london-restaurant-news
2,london_eater_rest,02_london_eater_rest,932,https://london.eater.com/2017/10/9/16446492/london-restaurant-news-hospitality-industry-brexit
2,london_eater_rest,02_london_eater_rest,933,https://london.eater.com/2017/10/9/16446536/deliveroo-editions-london-dark-kitchens-council-regulations-restaurant-news
2,london_eater_rest,02_london_eater_rest,934,https://london.eater.com/2017/10/6/16407870/michelin-stars-london-uk-2018-relevant-analysis
2,london_eater_rest,02_london_eater_rest,935,https://london.eater.com/2017/10/3/16400372/londons-first-dedicated-guacamole-tequila-bar-covent-garden-new-restaurant-opening
2,london_eater_rest,02_london_eater_rest,936,https://london.eater.com/2017/9/25/16360026/bastard-turncoat-marina-oloughlin-likes-a-pub-week-in-restaurant-reviews-london
2,london_eater_rest,02_london_eater_rest,937,https://london.eater.com/2017/9/14/16300770/neo-bistro-alex-harper-young-british-foodies-awards-best-chef-more-news
2,london_eater_rest,02_london_eater_rest,938,https://london.eater.com/2017/8/23/16179562/best-new-restaurants-london-opening
2,london_eater_rest,02_london_eater_rest,939,https://london.eater.com/2017/8/11/16130218/pizza-pilgrims-cannon-cannon-london-restaurant-news
2,london_eater_rest,02_london_eater_rest,940,https://london.eater.com/2017/8/8/16111824/cube-restaurant-kakurega-bar-new-opening-london-mayfair
2,london_eater_rest,02_london_eater_rest,941,https://london.eater.com/2017/7/28/16054948/nuno-mendes-chef-is-opening-a-restaurant-in-london-fields
2,london_eater_rest,02_london_eater_rest,942,https://london.eater.com/2017/7/26/16031296/rola-wala-open-first-permanent-site-and-more-restaurant-news
2,london_eater_rest,02_london_eater_rest,943,https://london.eater.com/2017/7/24/16018752/zoe-and-layo-paskin-to-open-jacob-the-angel-and-more-restaurant-news
2,london_eater_rest,02_london_eater_rest,944,https://london.eater.com/2017/7/19/15995456/lyles-collaborate-with-nycs-pam-yung-and-more-restaurant-news
2,london_eater_rest,02_london_eater_rest,945,https://london.eater.com/2017/7/19/15999040/cheese-posties-thinks-a-cheese-toast-delivery-service-is-a-good-idea
2,london_eater_rest,02_london_eater_rest,946,https://london.eater.com/2017/7/17/15981014/p-f-changs-is-launching-in-london-restaurant-news
2,london_eater_rest,02_london_eater_rest,947,https://london.eater.com/21432166/amazon-prime-best-shows-food-bbc-iplayer-parts-unknown-cook-eat-repeat
2,london_eater_rest,02_london_eater_rest,948,https://london.eater.com/21450474/coronavirus-curfew-10pm-uk-restaurants-pubs-closing
2,london_eater_rest,02_london_eater_rest,949,https://london.eater.com/21457119/10pm-coronavirus-curfew-restaurants-pubs-bars-london
2,london_eater_rest,02_london_eater_rest,950,https://london.eater.com/21496723/best-autumn-dishes-london-restaurants-mushroom-season
2,london_eater_rest,02_london_eater_rest,951,https://london.eater.com/21509226/coronavirus-latest-news-are-restaurants-pubs-closing-england-rishi-sunak-job-support
2,london_eater_rest,02_london_eater_rest,952,https://london.eater.com/21547312/mcdonalds-uk-open-delivery-coronavirus-lockdown
2,london_eater_rest,02_london_eater_rest,953,https://london.eater.com/21547492/national-coronavirus-lockdown-rules-restaurants-pubs-takeaway
2,london_eater_rest,02_london_eater_rest,954,https://london.eater.com/21556439/best-restaurant-dishes-london
2,london_eater_rest,02_london_eater_rest,955,https://london.eater.com/21563627/coronavirus-latest-news-uk-restaurants-pubs-closed-lockdown-eat-out-help-out
2,london_eater_rest,02_london_eater_rest,956,https://london.eater.com/21569321/pret-a-manger-delivery-covid-dinners-by-pret
2,london_eater_rest,02_london_eater_rest,957,https://london.eater.com/21569430/coronavirus-new-restaurant-opening-cafe-deco-bloomsbury-anna-tobias-40-maltby-street
2,london_eater_rest,02_london_eater_rest,958,https://london.eater.com/21718987/best-restaurant-dishes-london
2,london_eater_rest,02_london_eater_rest,959,https://london.eater.com/21722314/covid-tiers-england-restaurants-pubs-opening-rules-impact
2,london_eater_rest,02_london_eater_rest,960,https://london.eater.com/22188436/best-london-restaurant-dishes-2020
2,london_eater_rest,02_london_eater_rest,961,https://london.eater.com/22214790/arrosto-delivery-quality-chop-house-quality-wines-nick-bramham
2,london_eater_rest,02_london_eater_rest,962,https://london.eater.com/22216702/best-christmas-food-2020-instagram-london-restaurants
2,london_eater_rest,02_london_eater_rest,963,https://london.eater.com/22220224/london-restaurant-news-coronavirus-lockdown-january-2021
2,london_eater_rest,02_london_eater_rest,964,https://london.eater.com/22352951/nhs-test-and-trace-app-covid-restaurants-pubs-bars
2,london_eater_rest,02_london_eater_rest,965,https://london.eater.com/22375156/london-restaurants-pubs-reopening-outdoor-dining-covid-lockdown
2,london_eater_rest,02_london_eater_rest,966,https://london.eater.com/22583331/covid-19-restaurants-pubs-bars-england-staff-furlough-pingdemic
2,london_eater_rest,02_london_eater_rest,967,https://london.eater.com/22595594/salt-bae-london-restaurant-opening-date-first-reviews
2,london_eater_rest,02_london_eater_rest,968,https://london.eater.com/22606269/salt-bae-london-restaurant-opening-date-menu-first-reviews
2,london_eater_rest,02_london_eater_rest,969,https://london.eater.com/22704018/uk-vat-rate-2021-restaurants-pubs-cafes
2,london_eater_rest,02_london_eater_rest,970,https://london.eater.com/22894662/best-restaurant-dishes-london-2022
2,london_eater_rest,02_london_eater_rest,971,https://london.eater.com/22969089/arcade-food-hall-centre-point-menu-opening-restaurants
2,london_eater_rest,02_london_eater_rest,972,https://london.eater.com/23011822/sarap-baon-restaurant-brixton-market-closing-chef-budgie-montoya
2,london_eater_rest,02_london_eater_rest,973,https://london.eater.com/23328498/energy-bills-crisis-restaurants-pubs-closing-uk
2,london_eater_rest,02_london_eater_rest,974,https://london.eater.com/23440793/london-restaurant-news-november-2022
2,london_eater_rest,02_london_eater_rest,975,https://london.eater.com/23453107/best-restaurant-dishes-london-2022
2,london_eater_rest,02_london_eater_rest,976,https://london.eater.com/23510663/best-meals-2022-london-restaurants
2,london_eater_rest,02_london_eater_rest,977,https://london.eater.com/23510667/best-new-restaurants-london-2022-review
2,london_eater_rest,02_london_eater_rest,978,https://london.eater.com/23516362/best-hanukkah-london-celebrations-restaurants-bars
2,london_eater_rest,02_london_eater_rest,979,https://london.eater.com/23538795/helene-darroze-three-michelin-star-london-video
2,london_eater_rest,02_london_eater_rest,980,https://london.eater.com/23546160/worlds-best-restaurant-noma-closing-rene-redzepi-copenhagen
2,london_eater_rest,02_london_eater_rest,981,https://london.eater.com/2023/1/13/23553307/trullo-restaurant-islington-wine-bar
2,london_eater_rest,02_london_eater_rest,982,https://london.eater.com/2023/1/13/23553586/byron-burger-restaurants-closing-administration-famously-proper-tristar-foods
2,london_eater_rest,02_london_eater_rest,983,https://london.eater.com/2023/1/10/23548689/oklava-restaurant-selin-kiazim-chef-closed
2,london_eater_rest,02_london_eater_rest,984,https://london.eater.com/2023/1/9/23542091/byron-burger-restaurants-administration-chains-covid-19-brexit
2,london_eater_rest,02_london_eater_rest,985,https://london.eater.com/2023/1/4/23535346/kapihan-battersea-filipino-cafe-bakery-london
2,london_eater_rest,02_london_eater_rest,986,https://london.eater.com/2023/1/3/23537188/london-restaurants-review-2022
2,london_eater_rest,02_london_eater_rest,987,https://london.eater.com/2022/12/6/23495983/bao-fitzrovia-restaurant-closing
2,london_eater_rest,02_london_eater_rest,988,https://london.eater.com/2022/12/2/23489577/lulus-wine-bar-herne-hill-restaurant-llewelyns
2,london_eater_rest,02_london_eater_rest,989,https://london.eater.com/2022/11/18/23465962/flor-bakery-london-closing
2,london_eater_rest,02_london_eater_rest,990,https://london.eater.com/2022/11/2/23436464/simpsons-tavern-closing-landlord-rent-covid-very-old-restaurant
2,london_eater_rest,02_london_eater_rest,991,https://london.eater.com/2022/10/27/23426210/chishuru-restaurant-brixton-closing-adejoke-bakare
2,london_eater_rest,02_london_eater_rest,992,https://london.eater.com/2022/10/24/23420517/sheesh-restaurant-essex-opening-mayfair-love-island-tyson-fury-harry-kane
2,london_eater_rest,02_london_eater_rest,993,https://london.eater.com/2022/10/24/23420758/big-mamma-restaurant-london-jacuzzi-kensington-menu-opening-date
2,london_eater_rest,02_london_eater_rest,994,https://london.eater.com/2022/10/20/23414129/phil-howard-pasta-restaurant-otto-notto-piccadilly-opening
2,london_eater_rest,02_london_eater_rest,995,https://london.eater.com/2022/10/20/23414140/akub-restaurant-london-fadi-kattan-palestinian-food
2,london_eater_rest,02_london_eater_rest,996,https://london.eater.com/2022/10/13/23402691/compton-arms-islington-pub-licensing-review-result
2,london_eater_rest,02_london_eater_rest,997,https://london.eater.com/2022/10/12/23400277/restaurants-pubs-energy-crisis-uk-government
2,london_eater_rest,02_london_eater_rest,998,https://london.eater.com/2022/9/23/23366865/mini-budget-kwasi-kwarteng-restaurants-pubs-vat
2,london_eater_rest,02_london_eater_rest,999,https://london.eater.com/2022/9/20/23362670/seed-library-shoreditch-food-menu-normans-cafe-london
2,london_eater_rest,02_london_eater_rest,1000,https://london.eater.com/2022/9/13/23350563/speedboat-bar-restaurant-london-menu-chinatown-bangkok
2,london_eater_rest,02_london_eater_rest,1001,https://london.eater.com/2022/9/5/23337762/liz-truss-prime-minister-energy-bills-restaurants-pubs
2,london_eater_rest,02_london_eater_rest,1002,https://london.eater.com/2022/8/26/23323008/bar-swift-london-cocktail-bars-borough-high-street
2,london_eater_rest,02_london_eater_rest,1003,https://london.eater.com/2022/8/23/23313231/compton-arms-pub-islington-license-review-nimby-london
2,london_eater_rest,02_london_eater_rest,1004,https://london.eater.com/2022/8/4/23291236/the-tent-restaurant-chef-john-javier-17-little-portland-street
2,london_eater_rest,02_london_eater_rest,1005,https://london.eater.com/2022/8/3/23289029/bicester-village-shops-cafe-wolseley-closing
2,london_eater_rest,02_london_eater_rest,1006,https://london.eater.com/2022/7/29/23283818/sparrow-italia-restaurant-los-angeles-opening-mayfair-london
2,london_eater_rest,02_london_eater_rest,1007,https://london.eater.com/2022/7/21/23272938/peg-restaurant-hackney-closing-staff-shortage
2,london_eater_rest,02_london_eater_rest,1008,https://london.eater.com/2022/7/5/23195087/roti-joupa-clapham-closing-opening-balham
2,london_eater_rest,02_london_eater_rest,1009,https://london.eater.com/2022/6/28/23186146/mriya-restaurant-london-ukrainian-chef-yurii-koyryzhenko
2,london_eater_rest,02_london_eater_rest,1010,https://london.eater.com/2022/6/21/23176562/gordon-ramsay-lucky-cat-shoreditch-restaurant-opening
2,london_eater_rest,02_london_eater_rest,1011,https://london.eater.com/2022/6/14/23167146/national-restaurant-awards-2022
2,london_eater_rest,02_london_eater_rest,1012,https://london.eater.com/2022/6/7/23157877/salon-brixton-wine-bar-closing-nick-balfe
2,london_eater_rest,02_london_eater_rest,1013,https://london.eater.com/2022/5/10/23064911/juliets-cafe-studio-voltaire-clapham-best-brunch-south-west-london
2,london_eater_rest,02_london_eater_rest,1014,https://london.eater.com/2022/4/27/23042797/burger-king-restaurants-uk-chains
2,london_eater_rest,02_london_eater_rest,1015,https://london.eater.com/2022/4/26/23042678/bar-daskal-borough-yards-restaurants-barrafina
2,london_eater_rest,02_london_eater_rest,1016,https://london.eater.com/2022/4/11/23016631/corbin-and-king-minor-international-wolseley-restaurant-opening
2,london_eater_rest,02_london_eater_rest,1017,https://london.eater.com/2022/3/28/22999529/miznon-restaurant-paris-opening-london-pita-eyal-shani
2,london_eater_rest,02_london_eater_rest,1018,https://london.eater.com/2022/3/23/22992443/p-franco-clapton-wine-bar-menu-new-chef
2,london_eater_rest,02_london_eater_rest,1019,https://london.eater.com/2022/3/16/22980614/jamie-oliver-russia-restaurant-closing-ukraine-war-impact
2,london_eater_rest,02_london_eater_rest,1020,https://london.eater.com/2022/3/14/22968644/honey-and-co-restaurant-london-bloomsbury-new-opening
2,london_eater_rest,02_london_eater_rest,1021,https://london.eater.com/2022/3/4/22961349/rosslyn-coffee-tower-42-cafes
2,london_eater_rest,02_london_eater_rest,1022,https://london.eater.com/2022/2/24/22948807/jerusalem-tavern-londons-best-pubs-closed
2,london_eater_rest,02_london_eater_rest,1023,https://london.eater.com/2022/2/22/22945631/market-halls-food-hall-roti-king-canary-wharf-oxford-street-opening
2,london_eater_rest,02_london_eater_rest,1024,https://london.eater.com/2022/2/18/22940570/saltie-girl-boston-menu-restaurant-opening-mayfair
2,london_eater_rest,02_london_eater_rest,1025,https://london.eater.com/2022/2/17/22938835/roti-king-opening-restaurant-battersea-power-station
2,london_eater_rest,02_london_eater_rest,1026,https://london.eater.com/2022/2/15/22934588/honey-and-co-london-restaurant-closing
2,london_eater_rest,02_london_eater_rest,1027,https://london.eater.com/2022/2/14/22932961/three-uncles-cantonese-menu-new-restaurant-opening-brixton-village
2,london_eater_rest,02_london_eater_rest,1028,https://london.eater.com/2022/2/3/22915814/david-thompson-chef-restaurant-long-chim-london-nahm
2,london_eater_rest,02_london_eater_rest,1029,https://london.eater.com/2022/2/1/22912277/john-javier-chef-london-restaurant-master-sydney
2,london_eater_rest,02_london_eater_rest,1030,https://london.eater.com/2022/1/28/22906225/bubala-restaurant-soho-menu-opening
2,london_eater_rest,02_london_eater_rest,1031,https://london.eater.com/2022/1/25/22900460/corbin-and-king-restaurants-london-not-closing
2,london_eater_rest,02_london_eater_rest,1032,https://london.eater.com/2022/1/14/22883460/jolene-opening-bakery-well-street-hackney
2,london_eater_rest,02_london_eater_rest,1033,https://london.eater.com/2022/1/11/22877964/patty-and-bun-restaurants-london-best-burgers
2,london_eater_rest,02_london_eater_rest,1034,https://london.eater.com/2022/1/6/22868508/margot-bakery-east-finchley-opening-holloway-model-bakery
2,london_eater_rest,02_london_eater_rest,1035,https://london.eater.com/2021/12/21/22847934/best-christmas-hamper-guide-uk-london-2021
2,london_eater_rest,02_london_eater_rest,1036,https://london.eater.com/2021/12/20/22846438/omicron-rishi-sunak-hospitality-support-calls-restaurants-pubs-closed
2,london_eater_rest,02_london_eater_rest,1037,https://london.eater.com/2021/12/6/22820081/boundary-shoreditch-restaurant-hotel-new-opening-2022
2,london_eater_rest,02_london_eater_rest,1038,https://london.eater.com/2021/12/3/22813736/new-omakase-counter-restaurant-roji-opening-mayfair
2,london_eater_rest,02_london_eater_rest,1039,https://london.eater.com/2021/11/25/22802176/aubrey-japanese-izakaya-new-knightsbridge-restaurant-mandarin-oriental-bar-boulud-closed
2,london_eater_rest,02_london_eater_rest,1040,https://london.eater.com/2021/11/25/22802319/wendys-chicken-fast-food-success-opening-expansion
2,london_eater_rest,02_london_eater_rest,1041,https://london.eater.com/2021/11/23/22798591/lina-stores-fresh-pasta-restaurant-marylebone-opening
2,london_eater_rest,02_london_eater_rest,1042,https://london.eater.com/2021/11/22/22791564/new-mayfair-middle-eastern-restaurant-chef-roy-ner
2,london_eater_rest,02_london_eater_rest,1043,https://london.eater.com/2021/11/18/22788958/chef-chantelle-nicholson-apricity-sustainability-restaurant-mayfair
2,london_eater_rest,02_london_eater_rest,1044,https://london.eater.com/2021/11/18/22789241/cafe-rouge-french-chain-name-change-new-menu-vegan
2,london_eater_rest,02_london_eater_rest,1045,https://london.eater.com/2021/11/17/22787285/toklas-bakery-restaurant-frieze-surrey-street
2,london_eater_rest,02_london_eater_rest,1046,https://london.eater.com/2021/11/10/22772520/selfridges-restaurants-din-tai-fung-pizza-pilgrims-late-night-food-london
2,london_eater_rest,02_london_eater_rest,1047,https://london.eater.com/2021/9/30/22701875/din-tai-fung-london-restaurant-opening-selfridges
2,london_eater_rest,02_london_eater_rest,1048,https://london.eater.com/2021/9/22/22687504/sonora-taqueria-menu-opening-times-netil-market-best-tacos-london
2,london_eater_rest,02_london_eater_rest,1049,https://london.eater.com/2021/9/10/22666315/manteca-restaurant-london-menu-opening-shoreditch
2,london_eater_rest,02_london_eater_rest,1050,https://london.eater.com/2021/9/6/22659447/salt-bae-london-restaurant-opening-date-still-unknown
2,london_eater_rest,02_london_eater_rest,1051,https://london.eater.com/2021/8/31/22650014/soho-restaurants-al-fresco-dining-scheme-westminster-end-september
2,london_eater_rest,02_london_eater_rest,1052,https://london.eater.com/2021/8/25/22640965/bar-flounder-netil-market-street-food-london-lobster-rolls
2,london_eater_rest,02_london_eater_rest,1053,https://london.eater.com/2021/8/16/22627117/sichuan-popo-london-chinese-restaurants-sichuan-food
2,london_eater_rest,02_london_eater_rest,1054,https://london.eater.com/2021/8/12/22620169/gunpowder-london-restaurant-opening-greek-street-soho
2,london_eater_rest,02_london_eater_rest,1055,https://london.eater.com/2021/8/6/22612535/new-london-restaurants-mowgli-indian-street-food-nisha-katona
2,london_eater_rest,02_london_eater_rest,1056,https://london.eater.com/2021/8/4/22609158/berber-and-q-hackney-opening-new-restaurant-carmel-queens-park
2,london_eater_rest,02_london_eater_rest,1057,https://london.eater.com/2021/8/2/22605622/scotts-restaurant-opening-richmond-richard-caring-mayfair
2,london_eater_rest,02_london_eater_rest,1058,https://london.eater.com/2021/7/28/22428681/arcade-food-theatre-london-centre-point-jks-restaurants-reopening
2,london_eater_rest,02_london_eater_rest,1059,https://london.eater.com/2021/7/8/22564815/londons-best-butcher-opening-second-shop-hill-and-szrok-newington-green
2,london_eater_rest,02_london_eater_rest,1060,https://london.eater.com/2021/7/7/22566477/manteca-restaurant-opening-london-shoreditch
2,london_eater_rest,02_london_eater_rest,1061,https://london.eater.com/2021/7/2/22560442/best-mexican-food-best-tacos-london-fields-sonora-tortillas
2,london_eater_rest,02_london_eater_rest,1062,https://london.eater.com/2021/6/29/22553999/sessions-arts-club-restaurant-florence-knight-chef-london
2,london_eater_rest,02_london_eater_rest,1063,https://london.eater.com/2021/6/24/22548412/four-legs-plimsoll-pub-finsbury-park-compton-arms-restaurant-residency
2,london_eater_rest,02_london_eater_rest,1064,https://london.eater.com/2021/6/21/22543528/bar-boulud-daniel-boulud-restaurant-london-mandarin-oriental-knightsbridge-closed
2,london_eater_rest,02_london_eater_rest,1065,https://london.eater.com/2021/6/17/22538646/angus-steakhouse-restaurants-london-covent-garden-closing-menu
2,london_eater_rest,02_london_eater_rest,1066,https://london.eater.com/2021/6/15/22535077/bodega-ritas-clerkenwell-menu-opening-date-missy-flynn-gabe-pryce-new-london-restaurant
2,london_eater_rest,02_london_eater_rest,1067,https://london.eater.com/2021/6/9/22525765/niklas-ekstedt-chef-restaurant-london-great-scotland-yard-hotel
2,london_eater_rest,02_london_eater_rest,1068,https://london.eater.com/2021/6/7/22522449/one-hundred-hotel-shoreditch-restaurants-bars-ace-hotel-shoreditch-high-street
2,london_eater_rest,02_london_eater_rest,1069,https://london.eater.com/2021/5/28/22458114/ramo-ramen-restaurant-soho-filipino-japanese-food-maginhawa-group-mamasons
2,london_eater_rest,02_london_eater_rest,1070,https://london.eater.com/2021/5/27/22456864/the-pem-restaurant-sally-abe-chef-conrad-london-hotel
2,london_eater_rest,02_london_eater_rest,1071,https://london.eater.com/2021/5/12/22432371/hectors-wine-bar-cafe-de-beauvoir
2,london_eater_rest,02_london_eater_rest,1072,https://london.eater.com/2021/5/7/22424427/p-franco-guest-chef-chase-lovecky-hackney-wine-bar-clove-club
2,london_eater_rest,02_london_eater_rest,1073,https://london.eater.com/2021/4/30/22412047/river-cafe-max-rocha-restaurant-hackney-broadway-market
2,london_eater_rest,02_london_eater_rest,1074,https://london.eater.com/2021/4/29/22409247/boris-johnson-curtains-covid-vaccine-passport-restaurants-pubs
2,london_eater_rest,02_london_eater_rest,1075,https://london.eater.com/2021/4/26/22402146/polpo-russell-norman-brutto-new-london-restaurant-opening-2021
2,london_eater_rest,02_london_eater_rest,1076,https://london.eater.com/2021/4/22/22397665/the-sea-the-sea-pavilion-road-fishmonger-restaurant-acton-mews-haggerston-leo-carreira-chef
2,london_eater_rest,02_london_eater_rest,1077,https://london.eater.com/2021/4/20/22393830/covid-19-unemployment-figures-jobs-restaurants-pubs
2,london_eater_rest,02_london_eater_rest,1078,https://london.eater.com/2021/4/19/22391485/cafe-monico-restaurant-shaftesbury-avenue-closed-macellaio-rc-italian-steak
2,london_eater_rest,02_london_eater_rest,1079,https://london.eater.com/2021/4/13/22381396/fried-chicken-chains-london-pelicana-korea-wingshack-restaurant-expansions-covid-reopening
2,london_eater_rest,02_london_eater_rest,1080,https://london.eater.com/2021/4/6/22369735/rudys-pizza-manchester-restaurants-menu-opening-soho-london
2,london_eater_rest,02_london_eater_rest,1081,https://london.eater.com/2021/3/30/22358164/light-bar-restaurant-shoreditch-high-street
2,london_eater_rest,02_london_eater_rest,1082,https://london.eater.com/2021/3/22/22344196/marugame-udon-restaurant-menu-opening-liverpool-street-london
2,london_eater_rest,02_london_eater_rest,1083,https://london.eater.com/2021/3/16/22334155/gordon-ramsay-street-burger-restaurants-london-opening
2,london_eater_rest,02_london_eater_rest,1084,https://london.eater.com/2021/3/10/22322840/roketsu-restaurant-london-opening-date-daisuke-hayashi-kaiseki
2,london_eater_rest,02_london_eater_rest,1085,https://london.eater.com/2021/3/4/22313026/el-pastor-soho-new-london-restaurant-opening
2,london_eater_rest,02_london_eater_rest,1086,https://london.eater.com/2021/3/4/22313073/test-and-trace-app-coronavirus-restaurants-pubs-data-breaches
2,london_eater_rest,02_london_eater_rest,1087,https://london.eater.com/2021/2/25/22300785/restaurants-eat-out-to-help-out-reopening-after-lockdown
2,london_eater_rest,02_london_eater_rest,1088,https://london.eater.com/2021/2/24/22298836/outdoor-dining-london-when-restaurants-reopen-after-lockdown
2,london_eater_rest,02_london_eater_rest,1089,https://london.eater.com/2021/2/22/22294924/coronavirus-lockdown-roadmap-reopening-boris-johnson-restaurants-pubs
2,london_eater_rest,02_london_eater_rest,1090,https://london.eater.com/2021/2/16/22285267/vaccine-passports-after-lockdown-england-cinemas-restaurants-pubs
2,london_eater_rest,02_london_eater_rest,1091,https://london.eater.com/2021/2/11/22277906/prezzo-chain-restaurants-uk-coronavirus-closures
2,london_eater_rest,02_london_eater_rest,1092,https://london.eater.com/2020/12/21/22192904/marcus-rashford-end-child-food-poverty-campaign-food-banks-uk-map
2,london_eater_rest,02_london_eater_rest,1093,https://london.eater.com/2020/12/17/22180117/river-cafe-restaurant-lego-set-jj-abrams-director
2,london_eater_rest,02_london_eater_rest,1094,https://london.eater.com/2020/12/16/22178377/elliots-restaurant-borough-market-new-opening-hackney-mare-street
2,london_eater_rest,02_london_eater_rest,1095,https://london.eater.com/2020/12/15/22175932/simon-rogan-restaurants-london-roganic-marylebone-closing
2,london_eater_rest,02_london_eater_rest,1096,https://london.eater.com/2020/12/14/22173807/imads-syrian-kitchen-soho-restaurant-opening-london
2,london_eater_rest,02_london_eater_rest,1097,https://london.eater.com/2020/12/1/21728086/river-cafe-london-new-restaurant-sylvias-ruth-rogers
2,london_eater_rest,02_london_eater_rest,1098,https://london.eater.com/2020/10/30/21541579/pizza-express-restaurants-closing-uk-coronavirus-regulations
2,london_eater_rest,02_london_eater_rest,1099,https://london.eater.com/2020/10/26/21531623/atari-ya-sushi-bar-ealing-common-restaurant-closed
2,london_eater_rest,02_london_eater_rest,1100,https://london.eater.com/2020/10/21/21526300/buvette-restaurant-jody-williams-new-opening-london-via-carota-i-sodi
2,london_eater_rest,02_london_eater_rest,1101,https://london.eater.com/2020/10/20/21524739/london-coronavirus-lockdown-mayor-sadiq-khan-10pm-pub-restaurant-curfew
2,london_eater_rest,02_london_eater_rest,1102,https://london.eater.com/2020/10/13/21514029/connaught-patisserie-mayfair-hotel-restaurant-river-cafe-nemesis
2,london_eater_rest,02_london_eater_rest,1103,https://london.eater.com/2020/10/1/21496687/curfew-coronavirus-uk-10pm-lockdown-restaurants-pubs
2,london_eater_rest,02_london_eater_rest,1104,https://london.eater.com/2020/9/29/21493085/tramshed-project-shoreditch-restaurant-opening-co-working
2,london_eater_rest,02_london_eater_rest,1105,https://london.eater.com/2020/9/29/21493121/corbin-and-king-restaurants-manzis-soho-seafood-opening
2,london_eater_rest,02_london_eater_rest,1106,https://london.eater.com/2020/9/22/21450553/coronavirus-curfew-restaurants-pubs-10pm-mask-rules
2,london_eater_rest,02_london_eater_rest,1107,https://london.eater.com/2020/9/18/21445001/coronavirus-lockdown-uk-restaurants-closing-rising-cases
2,london_eater_rest,02_london_eater_rest,1108,https://london.eater.com/2020/9/14/21425877/noble-rot-restaurant-soho-menu-opening-stephen-harris-alex-jackson
2,london_eater_rest,02_london_eater_rest,1109,https://london.eater.com/2020/9/11/21431949/uk-coronavirus-latest-news-track-and-trace-restaurants-dining
2,london_eater_rest,02_london_eater_rest,1110,https://london.eater.com/2020/9/9/21428679/uk-coronavirus-latest-news-track-and-trace-restaurants-pubs-privacy
2,london_eater_rest,02_london_eater_rest,1111,https://london.eater.com/2020/9/4/21422633/the-dairy-clapham-new-restaurant-opening-bermondsey
2,london_eater_rest,02_london_eater_rest,1112,https://london.eater.com/2020/9/1/21409991/marcus-rashford-child-food-insecurity-free-school-meals-food-alliance
2,london_eater_rest,02_london_eater_rest,1113,https://london.eater.com/2020/8/28/21405247/uk-coronavirus-latest-news-restaurants-eat-out-help-out
2,london_eater_rest,02_london_eater_rest,1114,https://london.eater.com/2020/8/26/21402255/eat-out-to-help-out-restaurant-discount-london-running-out-extension-september
2,london_eater_rest,02_london_eater_rest,1115,https://london.eater.com/2020/8/26/21402492/wahaca-london-menu-restaurants-closing-coronavirus-pandemic
2,london_eater_rest,02_london_eater_rest,1116,https://london.eater.com/2020/8/24/21398789/asma-khan-darjeeling-express-new-restaurant-opening-covent-garden-london
2,london_eater_rest,02_london_eater_rest,1117,https://london.eater.com/2020/8/21/21395121/london-chinatown-restaurants-outdoor-dining-economic-recovery
2,london_eater_rest,02_london_eater_rest,1118,https://london.eater.com/2020/8/20/21377002/eat-out-to-help-out-discount-extension-london-restaurants
2,london_eater_rest,02_london_eater_rest,1119,https://london.eater.com/2020/8/19/21374903/pizza-express-closing-restaurants-coronavirus-pandemic
2,london_eater_rest,02_london_eater_rest,1120,https://london.eater.com/2020/8/19/21374904/the-dairy-restaurant-clapham-robin-gill-closing-coronavirus
2,london_eater_rest,02_london_eater_rest,1121,https://london.eater.com/2020/8/19/21374965/forza-win-restaurant-peckham-italian-closing
2,london_eater_rest,02_london_eater_rest,1122,https://london.eater.com/2020/8/18/21373728/eat-out-to-help-out-35-million-meals-coronavirus-uk
2,london_eater_rest,02_london_eater_rest,1123,https://london.eater.com/2020/8/17/21371711/emilia-restaurant-bonhams-london-closing
2,london_eater_rest,02_london_eater_rest,1124,https://london.eater.com/2020/8/14/21368600/eat-out-help-out-restaurants-latest-coronavirus-news
2,london_eater_rest,02_london_eater_rest,1125,https://london.eater.com/2020/8/11/21363120/eat-out-to-help-out-restaurant-deal-10-million
2,london_eater_rest,02_london_eater_rest,1126,https://london.eater.com/2020/8/7/21358385/cub-mr-lyan-hoxton-street-restaurant-closing
2,london_eater_rest,02_london_eater_rest,1127,https://london.eater.com/2020/8/6/21356800/dumpling-shack-restaurant-spitalfields-opening-london-isle-of-dogs
2,london_eater_rest,02_london_eater_rest,1128,https://london.eater.com/2020/8/5/21355274/dum-biryani-soho-lucknow-49-mayfair-central-london-indian-restaurants-closing
2,london_eater_rest,02_london_eater_rest,1129,https://london.eater.com/2020/8/4/21353816/pizza-express-restaurants-closing-uk-debts
2,london_eater_rest,02_london_eater_rest,1130,https://london.eater.com/2020/8/3/21349694/byron-burger-menu-restaurants-closing
2,london_eater_rest,02_london_eater_rest,1131,https://london.eater.com/2020/8/3/21352389/oklava-restaurant-shoreditch-selin-kiazim-bakery-fitzrovia-closed
2,london_eater_rest,02_london_eater_rest,1132,https://london.eater.com/2020/7/31/21349248/london-restaurants-latest-news-eat-out-to-help-out-scheme-list
2,london_eater_rest,02_london_eater_rest,1133,https://london.eater.com/2020/7/30/21347801/dominique-ansel-bakery-london-treehouse-cronut-closing
2,london_eater_rest,02_london_eater_rest,1134,https://london.eater.com/2020/7/28/21344749/eat-out-help-out-scheme-restaurants-london-near-me
2,london_eater_rest,02_london_eater_rest,1135,https://london.eater.com/2020/7/24/21336893/london-restaurants-latest-news-masks-takeaway-coronavirus
2,london_eater_rest,02_london_eater_rest,1136,https://london.eater.com/2020/7/23/21335334/bread-ahead-bakery-doughnuts-borough-market-new-opening-chiswick
2,london_eater_rest,02_london_eater_rest,1137,https://london.eater.com/2020/7/23/21335552/face-masks-compulsory-uk-takeaway-food-drink-24-july
2,london_eater_rest,02_london_eater_rest,1138,https://london.eater.com/2020/7/20/21328236/ask-restaurants-zizzi-italian-closing-coronavirus-pandemic
2,london_eater_rest,02_london_eater_rest,1139,https://london.eater.com/2020/7/16/21326798/vat-relief-uk-restaurant-chains-cutting-prices-mcdonalds-nandos-kfc
2,london_eater_rest,02_london_eater_rest,1140,https://london.eater.com/2020/7/15/21325333/wear-mask-shops-uk-coronavirus-restaurants-pubs
2,london_eater_rest,02_london_eater_rest,1141,https://london.eater.com/2020/7/13/21322335/when-restaurants-opening-eating-out-survey-office-national-statistics-coronavirus
2,london_eater_rest,02_london_eater_rest,1142,https://london.eater.com/2020/7/9/21318813/covid-19-cereal-killer-cafe-closing-brick-lane-east-london
2,london_eater_rest,02_london_eater_rest,1143,https://london.eater.com/2020/7/3/21312381/pubs-restaurants-reopening-6am-england-4-july-social-distancing
2,london_eater_rest,02_london_eater_rest,1144,https://london.eater.com/2020/7/1/21301529/london-restaurants-reopening-guide-uk-coronavirus-social-distancing
2,london_eater_rest,02_london_eater_rest,1145,https://london.eater.com/2020/6/30/21308148/marugame-udon-restaurant-menu-opening-london
2,london_eater_rest,02_london_eater_rest,1146,https://london.eater.com/2020/6/29/21306738/wendys-burgers-american-fast-food-opening-uk
2,london_eater_rest,02_london_eater_rest,1147,https://london.eater.com/2020/6/23/21300146/black-box-best-coffee-london-orbital-comic-book-store-seven-dials
2,london_eater_rest,02_london_eater_rest,1148,https://london.eater.com/2020/6/23/21300147/uk-restaurants-pubs-reopen-4-july-coronavirus-lockdown
2,london_eater_rest,02_london_eater_rest,1149,https://london.eater.com/2020/6/22/21298853/percy-ingle-east-london-bakery-closing-covid-19
2,london_eater_rest,02_london_eater_rest,1150,https://london.eater.com/2020/6/18/21295313/best-london-restaurants-reopening-fay-gomes-elephant-castle
2,london_eater_rest,02_london_eater_rest,1151,https://london.eater.com/2020/6/17/21293974/when-restaurants-reopen-london-outdoor-dining-coronavirus-lockdown-westminster-council
2,london_eater_rest,02_london_eater_rest,1152,https://london.eater.com/2020/6/15/21291292/coronavirus-social-distancing-uk-when-restaurants-pubs-reopen
2,london_eater_rest,02_london_eater_rest,1153,https://london.eater.com/2020/6/10/21286182/when-restaurants-reopen-pubs-uk-coronavirus-lockdown-latest-news
2,london_eater_rest,02_london_eater_rest,1154,https://london.eater.com/2020/6/1/21276647/restaurant-reopening-st-john-doughnuts-bakery-south-london
2,london_eater_rest,02_london_eater_rest,1155,https://london.eater.com/2020/5/29/21274331/london-restaurant-opening-coronavirus-lockdown-pandemic-hoxton-street
2,london_eater_rest,02_london_eater_rest,1156,https://london.eater.com/2020/5/28/21272947/boris-johnson-liaison-committee-pubs-restaurants-reopening
2,london_eater_rest,02_london_eater_rest,1157,https://london.eater.com/2020/5/19/21263353/carluccios-restaurants-closing-coronavirus-new-owners-giraffe
2,london_eater_rest,02_london_eater_rest,1158,https://london.eater.com/2020/5/6/21224734/coronavirus-free-food-nhs-staff-volunteering-deliveraid-london-restaurants
2,london_eater_rest,02_london_eater_rest,1159,https://london.eater.com/2020/4/24/21234156/uk-coronavirus-lockdown-when-restaurants-pubs-reopen-explained
2,london_eater_rest,02_london_eater_rest,1160,https://london.eater.com/2020/4/20/21227717/uk-coronavirus-lockdown-when-restaurants-pubs-reopen-michael-gove
2,london_eater_rest,02_london_eater_rest,1161,https://london.eater.com/2020/4/7/21209386/mark-hix-restaurants-london-administration-closing-coronavirus-impact
2,london_eater_rest,02_london_eater_rest,1162,https://london.eater.com/2020/4/1/21202581/coronavirus-uk-latest-one-million-businesses-closing-restaurant-job-losses
2,london_eater_rest,02_london_eater_rest,1163,https://london.eater.com/2020/3/24/21190599/coronavirus-uk-latest-mcdonalds-closing-restaurants-nandos-costa-pret-a-manger
2,london_eater_rest,02_london_eater_rest,1164,https://london.eater.com/2020/3/23/21190611/coronavirus-uk-london-restaurants-closing-photos
2,london_eater_rest,02_london_eater_rest,1165,https://london.eater.com/2020/3/23/21190728/st-john-restaurants-bakeries-coronavirus-closure
2,london_eater_rest,02_london_eater_rest,1166,https://london.eater.com/2020/3/20/21188211/best-london-restaurants-recipes-home-cooking-padella-hoppers-bao-sabor
2,london_eater_rest,02_london_eater_rest,1167,https://london.eater.com/2020/3/19/21186741/coronavirus-uk-latest-london-restaurants-closing-news
2,london_eater_rest,02_london_eater_rest,1168,https://london.eater.com/2020/3/18/21184008/london-restaurants-closing-coronavirus-response-instagram
2,london_eater_rest,02_london_eater_rest,1169,https://london.eater.com/2020/3/17/21183103/coronavirus-uk-latest-avoid-restaurants-advice-catastrophe-restaurant-industry
2,london_eater_rest,02_london_eater_rest,1170,https://london.eater.com/2020/3/17/21183209/coronavirus-london-restaurants-closing-bright-peg
2,london_eater_rest,02_london_eater_rest,1171,https://london.eater.com/2020/3/17/21183520/coronavirus-uk-latest-restaurants-closing-government-financial-relief-announcement
2,london_eater_rest,02_london_eater_rest,1172,https://london.eater.com/2020/3/16/21178431/coronavirus-uk-latest-restaurant-food-impact-kfc-adverts
2,london_eater_rest,02_london_eater_rest,1173,https://london.eater.com/2020/3/16/21181906/uk-coronavirus-new-guidance-avoid-restaurants-bars-clubs
2,london_eater_rest,02_london_eater_rest,1174,https://london.eater.com/2020/3/13/21178251/best-london-restaurants-recommendations-2020
2,london_eater_rest,02_london_eater_rest,1175,https://london.eater.com/2020/3/9/21171246/towpath-cafe-london-opening-date-singburi-leytonstone
2,london_eater_rest,02_london_eater_rest,1176,https://london.eater.com/2020/3/2/21160195/davies-and-brook-daniel-humm-london-restaurant-review-jay-rayner-claridges
2,london_eater_rest,02_london_eater_rest,1177,https://london.eater.com/2020/3/2/21160999/tata-eatery-iberico-katsu-sando-restaurant-closing-tayer-elementary-old-street
2,london_eater_rest,02_london_eater_rest,1178,https://london.eater.com/2020/2/26/21152627/fresh-pasta-restaurants-london-dried-pasta-food-trend
2,london_eater_rest,02_london_eater_rest,1179,https://london.eater.com/2020/2/26/21154059/cafe-deco-restaurant-store-street-london-40-maltby-street-anna-tobias
2,london_eater_rest,02_london_eater_rest,1180,https://london.eater.com/2020/2/17/21140683/claro-portuguese-seafood-restaurant-soho-chef-leo-carreira
2,london_eater_rest,02_london_eater_rest,1181,https://london.eater.com/2020/2/14/21136608/best-restaurant-recommendations-london-weekend
2,london_eater_rest,02_london_eater_rest,1182,https://london.eater.com/2020/2/12/21133040/dominique-ansel-treehouse-london-restaurant-instagram-food
2,london_eater_rest,02_london_eater_rest,1183,https://london.eater.com/2020/2/10/21130524/casa-do-frango-shoreditch-piri-piri-chicken-restaurant-review-london-marina-o-loughlin-jay-rayner
2,london_eater_rest,02_london_eater_rest,1184,https://london.eater.com/2020/2/7/21126505/jolene-bakery-newington-green-new-opening-hornsey-road-westerns-laundry-primeur
2,london_eater_rest,02_london_eater_rest,1185,https://london.eater.com/2020/2/6/21126076/nobu-berkeley-street-sushi-restaurant-mayfair-closing-march-2020
2,london_eater_rest,02_london_eater_rest,1186,https://london.eater.com/2020/2/5/21122126/brexit-transition-london-restaurants-impact-food-prices-goods
2,london_eater_rest,02_london_eater_rest,1187,https://london.eater.com/2020/2/5/21123892/padella-pasta-shoreditch-restaurant-opening
2,london_eater_rest,02_london_eater_rest,1188,https://london.eater.com/2020/2/3/21119511/mei-mei-borough-market-london-restaurant-reviews-jay-rayner
2,london_eater_rest,02_london_eater_rest,1189,https://london.eater.com/2020/1/31/21116597/best-restaurant-recommendations-london-weekends
2,london_eater_rest,02_london_eater_rest,1190,https://london.eater.com/2020/1/29/21112140/pasta-pizza-mash-up-best-london-restaurant-residencies-four-legs
2,london_eater_rest,02_london_eater_rest,1191,https://london.eater.com/2020/1/27/21082659/neat-burger-london-restaurant-review-lewis-hamilton-beyond-meat-vegan-burgers
2,london_eater_rest,02_london_eater_rest,1192,https://london.eater.com/2020/1/23/21078314/lamberts-restaurant-balham-closing-london
2,london_eater_rest,02_london_eater_rest,1193,https://london.eater.com/2020/1/21/21073733/best-dumplings-chinese-restaurants-london
2,london_eater_rest,02_london_eater_rest,1194,https://london.eater.com/2020/1/20/21073076/silo-doug-mcmaster-zero-waste-london-restaurant-review
2,london_eater_rest,02_london_eater_rest,1195,https://london.eater.com/2020/1/20/21073775/moio-restaurant-last-crumb-bakery-stoke-newington-closed
2,london_eater_rest,02_london_eater_rest,1196,https://london.eater.com/2020/1/17/21070135/loyle-carner-food-ottolenghi-celebrity-sightings-london-restaurants
2,london_eater_rest,02_london_eater_rest,1197,https://london.eater.com/2020/1/16/21068746/dominique-ansel-treehouse-covent-garden-restaurant-opening
2,london_eater_rest,02_london_eater_rest,1198,https://london.eater.com/2020/1/15/21066808/mcdonalds-rutland-first-fast-food-restaurant
2,london_eater_rest,02_london_eater_rest,1199,https://london.eater.com/2020/1/13/21063355/davies-and-brook-claridges-london-restaurant-review-daniel-humm-make-it-nice
2,london_eater_rest,02_london_eater_rest,1200,https://london.eater.com/2020/1/13/21063368/sambal-shiok-new-restaurant-opening-london-mandy-yin
2,london_eater_rest,02_london_eater_rest,1201,https://london.eater.com/2020/1/10/21058470/highgate-cafe-rouge-closed-celebrities-favourite-london-restaurants
2,london_eater_rest,02_london_eater_rest,1202,https://london.eater.com/2020/1/8/21054678/dan-doherty-chef-sexual-harassment-investigation-new-london-restaurant
2,london_eater_rest,02_london_eater_rest,1203,https://london.eater.com/2020/1/6/21050554/silo-restaurant-doug-mcmaster-london-restaurant-reviews
2,london_eater_rest,02_london_eater_rest,1204,https://london.eater.com/2020/1/3/21046649/oliveira-vegetarian-restaurant-london-opening-shoreditch-east-sheen
2,london_eater_rest,02_london_eater_rest,1205,https://london.eater.com/2020/1/2/21046308/dominique-ansel-cronut-bakery-london-new-restaurant-covent-garden
2,london_eater_rest,02_london_eater_rest,1206,https://london.eater.com/2020/1/2/21046321/best-london-restaurants-2019
2,london_eater_rest,02_london_eater_rest,1207,https://london.eater.com/2019/12/31/21044141/chourangi-kolkata-restaurant-london-speciality-restaurants-india
2,london_eater_rest,02_london_eater_rest,1208,https://london.eater.com/2019/12/30/21031687/worst-restaurant-meals-experiences-london-2019
2,london_eater_rest,02_london_eater_rest,1209,https://london.eater.com/2019/12/27/21031598/best-new-london-restaurants-2019
2,london_eater_rest,02_london_eater_rest,1210,https://london.eater.com/2019/12/27/21031692/best-london-restaurant-regulars-2019
2,london_eater_rest,02_london_eater_rest,1211,https://london.eater.com/2019/12/27/21038940/brickhouse-bakery-east-dulwich-peckham-closing
2,london_eater_rest,02_london_eater_rest,1212,https://london.eater.com/2019/12/19/21029555/shoreditch-coffee-syds-closing-100-years-museum-of-london
2,london_eater_rest,02_london_eater_rest,1213,https://london.eater.com/2019/12/18/21027806/din-tai-fung-xiaolongbao-tottenham-court-road-london-restaurant-opening
2,london_eater_rest,02_london_eater_rest,1214,https://london.eater.com/2019/12/17/21025820/pret-a-manger-menu-new-dishes-eat
2,london_eater_rest,02_london_eater_rest,1215,https://london.eater.com/2019/12/17/21025862/patri-restaurant-northfields-opening-ealing-broadway-bond-street
2,london_eater_rest,02_london_eater_rest,1216,https://london.eater.com/2019/12/16/21023946/stormzy-jay-rayner-restaurant-review-observer
2,london_eater_rest,02_london_eater_rest,1217,https://london.eater.com/2019/12/9/21001531/ed-sheeran-restaurant-bertie-blossoms-notting-hill-review
2,london_eater_rest,02_london_eater_rest,1218,https://london.eater.com/2019/12/9/21002481/mark-hix-soho-restaurant-closing
2,london_eater_rest,02_london_eater_rest,1219,https://london.eater.com/2019/12/6/20997322/omari-mc-queen-chef-dipalicious-caribbean-food-boxpark-croydon
2,london_eater_rest,02_london_eater_rest,1220,https://london.eater.com/2019/12/5/20996834/bob-bob-cite-restaurant-london-chef-eric-chavot
2,london_eater_rest,02_london_eater_rest,1221,https://london.eater.com/2019/12/4/20994152/christmas-food-turkey-mince-pies-instagram-london-restaurants
2,london_eater_rest,02_london_eater_rest,1222,https://london.eater.com/2019/12/4/20994949/vintage-bottle-irn-bru-ebay-london-restaurant-food-news
2,london_eater_rest,02_london_eater_rest,1223,https://london.eater.com/2019/12/3/20993292/etles-uyghur-restaurant-walthamstow-opening-finchley-road-london
2,london_eater_rest,02_london_eater_rest,1224,https://london.eater.com/2019/12/2/20991383/london-restaurant-reviews-marina-oloughlin-fornum-mason-fay-maschler-shoreditch
2,london_eater_rest,02_london_eater_rest,1225,https://london.eater.com/2019/11/25/20981516/ed-sheeran-notting-hill-jimi-famurewa-fay-maschler-soho-grace-dent-restaurant-review
2,london_eater_rest,02_london_eater_rest,1226,https://london.eater.com/2019/11/20/20973803/jamie-oliver-restaurants-international-opening-jamies-italian-collapse
2,london_eater_rest,02_london_eater_rest,1227,https://london.eater.com/2019/11/19/20972475/gino-sorbillo-pizza-naples-london-restaurant-opening
2,london_eater_rest,02_london_eater_rest,1228,https://london.eater.com/2019/11/18/20969303/decimo-restaurant-standard-hotel-kings-cross-london-restaurant-reviews
2,london_eater_rest,02_london_eater_rest,1229,https://london.eater.com/2019/11/14/20963139/noble-rot-restaurant-opening-soho-gay-hussar
2,london_eater_rest,02_london_eater_rest,1230,https://london.eater.com/2019/11/11/20959013/jay-rayner-restaurant-review-norma-london
2,london_eater_rest,02_london_eater_rest,1231,https://london.eater.com/2019/11/8/20953033/pitt-cue-london-restaurant-opening-2020
2,london_eater_rest,02_london_eater_rest,1232,https://london.eater.com/2019/11/5/20947720/singapulah-arome-singapore-restaurant-bakery-soho-london
2,london_eater_rest,02_london_eater_rest,1233,https://london.eater.com/2019/11/4/20947724/kyseri-fitzrovia-turkish-restaurant-london-closing
2,london_eater_rest,02_london_eater_rest,1234,https://london.eater.com/2019/11/1/20942370/best-celebrity-halloween-costumes-london-restaurants
2,london_eater_rest,02_london_eater_rest,1235,https://london.eater.com/2019/10/30/20938524/halloween-food-london-restaurants-trick-or-treat
2,london_eater_rest,02_london_eater_rest,1236,https://london.eater.com/2019/10/29/20937855/nobu-chef-new-sushi-restaurant-mayfair-10-heddon-street-pasta
2,london_eater_rest,02_london_eater_rest,1237,https://london.eater.com/2019/10/28/20932397/lucky-joy-pop-up-chinese-restaurant-opening-clapton
2,london_eater_rest,02_london_eater_rest,1238,https://london.eater.com/2019/10/28/20934850/betterment-restaurant-jason-atherton-gordon-ramsay-lucky-cat-restaurant-reviews
2,london_eater_rest,02_london_eater_rest,1239,https://london.eater.com/2019/10/24/20919138/alchemy-coffee-new-cafe-shoreditch
2,london_eater_rest,02_london_eater_rest,1240,https://london.eater.com/2019/10/23/20928232/coco-ichibanya-cocoichi-ondon-restaurant-japanese-curry-rice-chain
2,london_eater_rest,02_london_eater_rest,1241,https://london.eater.com/2019/10/23/20928286/dim-sum-duddells-restaurant-closing-london-bridge-hong-kong
2,london_eater_rest,02_london_eater_rest,1242,https://london.eater.com/2019/10/21/20923871/flor-borough-market-london-restaurant-review-jay-rayner-observer
2,london_eater_rest,02_london_eater_rest,1243,https://london.eater.com/2019/10/21/20924765/yen-soba-noodle-restaurant-london-strand-closing
2,london_eater_rest,02_london_eater_rest,1244,https://london.eater.com/2019/10/18/20920515/ofm-awards-winners-jamie-oliver-food-personality-observer-food-monthly
2,london_eater_rest,02_london_eater_rest,1245,https://london.eater.com/2019/10/18/20920646/chick-fil-a-uk-restaurant-closing-oracle-reading-lgbtq-protest
2,london_eater_rest,02_london_eater_rest,1246,https://london.eater.com/2019/10/16/20917059/ave-mario-covent-garden-restaurant-gloria-circolo-populare-big-mamma-restaurants
2,london_eater_rest,02_london_eater_rest,1247,https://london.eater.com/2019/10/15/20913868/pizza-express-administration-debt-restaurants-locations-not-closing
2,london_eater_rest,02_london_eater_rest,1248,https://london.eater.com/2019/10/14/20912546/betterment-jason-atherton-mayfair-london-restaurant-review
2,london_eater_rest,02_london_eater_rest,1249,https://london.eater.com/2019/10/14/20913384/wendys-menu-uk-restaurant-opening-spicy-nuggets-frosty-baconator
2,london_eater_rest,02_london_eater_rest,1250,https://london.eater.com/2019/10/9/20906064/decimo-restaurant-standard-hotel-kings-cross-opening-date-menu
2,london_eater_rest,02_london_eater_rest,1251,https://london.eater.com/2019/10/9/20906117/tom-aikens-chef-muse-new-london-restaurant-tasting-menu
2,london_eater_rest,02_london_eater_rest,1252,https://london.eater.com/2019/10/7/20901841/betterment-mayfair-jason-atherton-restaurants-london-review-fay-maschler
2,london_eater_rest,02_london_eater_rest,1253,https://london.eater.com/2019/9/30/20890937/flor-borough-market-london-restaurant-reviews
2,london_eater_rest,02_london_eater_rest,1254,https://london.eater.com/2019/9/26/20883478/zahter-restaurant-soho-carnaby-turkish-food-esra-muslu-istanbul
2,london_eater_rest,02_london_eater_rest,1255,https://london.eater.com/2019/9/26/20884956/best-dumpling-shack-chinese-food-spitalfields-hand-pulled-noodles-london
2,london_eater_rest,02_london_eater_rest,1256,https://london.eater.com/2019/9/25/20881932/london-restaurant-trend-beige-food-autumn
2,london_eater_rest,02_london_eater_rest,1257,https://london.eater.com/2019/9/18/20870622/folie-restaurant-menu-opening-date-soho-golden-square
2,london_eater_rest,02_london_eater_rest,1258,https://london.eater.com/2019/9/16/20868120/wild-honey-restaurant-mayfair-new-opening-dim-sum
2,london_eater_rest,02_london_eater_rest,1259,https://london.eater.com/2019/9/13/20864089/best-hidden-gem-london-restaurant-recommendations-weekend
2,london_eater_rest,02_london_eater_rest,1260,https://london.eater.com/2019/9/9/20855580/eggslut-notting-hill-london-restaurant-review
2,london_eater_rest,02_london_eater_rest,1261,https://london.eater.com/2019/9/9/20856587/padella-london-pasta-restaurant-shoreditch-opening
2,london_eater_rest,02_london_eater_rest,1262,https://london.eater.com/2019/9/6/20852677/best-london-restaurant-recommendations-weekends
2,london_eater_rest,02_london_eater_rest,1263,https://london.eater.com/2019/9/5/20850818/oren-dalston-new-opening-london-tel-aviv-restaurants
2,london_eater_rest,02_london_eater_rest,1264,https://london.eater.com/2019/9/2/20844545/violet-bakery-claire-ptak-new-wine-bar-hackney
2,london_eater_rest,02_london_eater_rest,1265,https://london.eater.com/2019/8/29/20838164/eater-talks-evolution-specialty-coffee-cafes-london
2,london_eater_rest,02_london_eater_rest,1266,https://london.eater.com/2019/8/29/20838366/taylor-street-baristas-london-cafes-black-sheep-coffee-administration
2,london_eater_rest,02_london_eater_rest,1267,https://london.eater.com/2019/8/28/20835273/london-summer-restaurant-trend-sweetcorn-dishes
2,london_eater_rest,02_london_eater_rest,1268,https://london.eater.com/2019/8/28/20836463/ozone-coffee-cafe-shoreditch-new-bethnal-green
2,london_eater_rest,02_london_eater_rest,1269,https://london.eater.com/2019/8/27/20831955/kebab-queen-tasting-menu-restaurant-review-marina-o-loughlin-london
2,london_eater_rest,02_london_eater_rest,1270,https://london.eater.com/2019/8/23/20829458/prue-leith-hospital-food-nhs-government-review
2,london_eater_rest,02_london_eater_rest,1271,https://london.eater.com/2019/8/23/20829481/kol-restaurant-santiago-lastra-noma-mexico-opening-marylebone-london-2020
2,london_eater_rest,02_london_eater_rest,1272,https://london.eater.com/2019/8/23/20829503/breakfast-club-soho-cafe-restaurant-polpo-polpetto-restaurant
2,london_eater_rest,02_london_eater_rest,1273,https://london.eater.com/2019/8/21/20814058/best-desserts-london-restaurants-instagram
2,london_eater_rest,02_london_eater_rest,1274,https://london.eater.com/2019/8/19/20811112/flor-restaurant-borough-market-london-restaurant-reviews
2,london_eater_rest,02_london_eater_rest,1275,https://london.eater.com/2019/8/16/20808395/no-deal-brexit-food-shortages-restaurant-market-impact
2,london_eater_rest,02_london_eater_rest,1276,https://london.eater.com/2019/8/15/20806753/village-east-bermondsey-duck-waffle-chef-new-restaurant
2,london_eater_rest,02_london_eater_rest,1277,https://london.eater.com/2019/8/14/20805145/yo-sushi-conveyor-belt-restaurant-rebrand-japanese-food
2,london_eater_rest,02_london_eater_rest,1278,https://london.eater.com/2019/8/12/20800756/nandine-camberwell-restaurant-review-jay-rayner-observer
2,london_eater_rest,02_london_eater_rest,1279,https://london.eater.com/2019/8/12/20801798/claw-seafood-restaurant-soho-closing-seven-dials-market-covent-garden
2,london_eater_rest,02_london_eater_rest,1280,https://london.eater.com/2019/8/9/20791857/eggslut-notting-hill-restaurant-opening-party-made-in-chelsea
2,london_eater_rest,02_london_eater_rest,1281,https://london.eater.com/2019/8/7/20758656/supermacs-irish-fast-food-burgers-opening-london
2,london_eater_rest,02_london_eater_rest,1282,https://london.eater.com/2019/8/6/20757358/kudu-restaurant-peckham-new-restaurant-opening-little-kudu
2,london_eater_rest,02_london_eater_rest,1283,https://london.eater.com/2019/8/5/20753830/bao-borough-market-restaurant-review-karaoke-room-taiwanese
2,london_eater_rest,02_london_eater_rest,1284,https://london.eater.com/2019/8/5/20754498/spudulike-baked-potato-restaurant-chain-closed-administration-brexit
2,london_eater_rest,02_london_eater_rest,1285,https://london.eater.com/2019/8/5/20754557/boxpark-shipping-containers-shoreditch-wembley-croydon-new-development-restaurants-food-halls
2,london_eater_rest,02_london_eater_rest,1286,https://london.eater.com/2019/8/2/20751382/lantica-pizzeria-da-michele-naples-london-restaurant-opening-soho
2,london_eater_rest,02_london_eater_rest,1287,https://london.eater.com/2019/7/31/20748303/mcdonalds-expansion-to-go-takeaway-restaurants-london
2,london_eater_rest,02_london_eater_rest,1288,https://london.eater.com/2019/7/30/20746761/sainsburys-supermarkets-opening-restaurants-uber-eats-asda-merger
2,london_eater_rest,02_london_eater_rest,1289,https://london.eater.com/2019/7/29/8931816/market-halls-victoria-cook-daily-vegan-bowl-restaurant-london-food-halls
2,london_eater_rest,02_london_eater_rest,1290,https://london.eater.com/2019/7/29/8933947/gordon-ramsay-lucky-cat-restaurant-review-giles-coren-london
2,london_eater_rest,02_london_eater_rest,1291,https://london.eater.com/2019/7/29/8934652/taylor-street-baristas-administration-london-specialty-cafes-black-sheep-coffee
2,london_eater_rest,02_london_eater_rest,1292,https://london.eater.com/2019/7/29/8935057/bellanger-restaurant-islington-closing-wolseley-london-new-restaurant
2,london_eater_rest,02_london_eater_rest,1293,https://london.eater.com/2019/7/26/8931488/best-london-restaurant-recommendations-weekends
2,london_eater_rest,02_london_eater_rest,1294,https://london.eater.com/2019/7/24/20707265/london-restaurant-trend-2019-fresh-pasta-restaurants
2,london_eater_rest,02_london_eater_rest,1295,https://london.eater.com/2019/7/24/20708583/padella-pasta-borough-market-new-restaurant-opening-shoreditch
2,london_eater_rest,02_london_eater_rest,1296,https://london.eater.com/2019/7/22/20700773/london-hottest-new-food-court-arcade-centre-point-tata-sando-pophams-bakery-oklava
2,london_eater_rest,02_london_eater_rest,1297,https://london.eater.com/2019/7/22/20702881/lucky-cat-gordon-ramsay-restaurant-review-london
2,london_eater_rest,02_london_eater_rest,1298,https://london.eater.com/2019/7/22/20703424/jay-rayner-observer-restaurant-review-marthas-soho
2,london_eater_rest,02_london_eater_rest,1299,https://london.eater.com/2019/7/22/20703602/stevie-parle-pastaio-pasta-restaurant-soho-marylebone-opening
2,london_eater_rest,02_london_eater_rest,1300,https://london.eater.com/2019/7/17/20697462/best-multivitamin-company-feel-beige-food-carbs
2,london_eater_rest,02_london_eater_rest,1301,https://london.eater.com/2019/7/15/20694430/middle-eastern-restaurants-london-barbary-berber-q-new-opening-bubala
2,london_eater_rest,02_london_eater_rest,1302,https://london.eater.com/2019/7/12/20690339/action-bronson-fuck-thats-delicious-best-london-restaurants
2,london_eater_rest,02_london_eater_rest,1303,https://london.eater.com/2019/7/12/20691475/liu-xiaomian-noodles-holborn-whippet-pub-london-restaurant-pop-up
2,london_eater_rest,02_london_eater_rest,1304,https://london.eater.com/2019/7/8/20685359/805-old-kent-road-west-african-nigerian-restaurant-review-london
2,london_eater_rest,02_london_eater_rest,1305,https://london.eater.com/2019/7/4/20682196/ed-sheeran-bar-notting-hill-portobello-road-galicia-restaurant
2,london_eater_rest,02_london_eater_rest,1306,https://london.eater.com/2019/7/3/20680728/opera-tavern-london-restaurant-opening-covent-garden
2,london_eater_rest,02_london_eater_rest,1307,https://london.eater.com/2019/7/2/20679128/steak-chain-flat-iron-closed-restaurant-notting-hill-golborne
2,london_eater_rest,02_london_eater_rest,1308,https://london.eater.com/2019/7/1/20563132/wahlburgers-london-restaurant-review-grace-dent-guardian-mark-wahlberg
2,london_eater_rest,02_london_eater_rest,1309,https://london.eater.com/2019/7/1/20595440/ralph-lauren-london-flagship-ralphs-coffee-cafe
2,london_eater_rest,02_london_eater_rest,1310,https://london.eater.com/2019/6/28/19047001/jamie-oliver-cooks-italy-london-restaurants-river-cafe
2,london_eater_rest,02_london_eater_rest,1311,https://london.eater.com/2019/6/28/19102438/great-queen-street-restaurant-covent-garden-london-closing
2,london_eater_rest,02_london_eater_rest,1312,https://london.eater.com/2019/6/26/18744462/best-pastries-london-flor-borough-market-restaurant
2,london_eater_rest,02_london_eater_rest,1313,https://london.eater.com/2019/6/24/18714516/sette-restaurant-bulgari-hotel-knightsbridge-restaurant-review-marina-oloughlin-sunday-times
2,london_eater_rest,02_london_eater_rest,1314,https://london.eater.com/2019/6/19/18691242/aa-gill-award-sunday-times-emerging-food-critics
2,london_eater_rest,02_london_eater_rest,1315,https://london.eater.com/2019/6/17/18681309/parrillan-barrafina-coal-drops-yard-restaurant-review
2,london_eater_rest,02_london_eater_rest,1316,https://london.eater.com/2019/6/11/18661010/hawksmoor-steak-restaurants-foxlow-london-closing
2,london_eater_rest,02_london_eater_rest,1317,https://london.eater.com/2019/6/10/18658487/bob-bob-ricard-cite-cheesegrater-london-restaurant-reviews
2,london_eater_rest,02_london_eater_rest,1318,https://london.eater.com/2019/6/3/18650178/london-seafood-restaurant-review-the-sea-the-sea-pavilion-road-chelsea
2,london_eater_rest,02_london_eater_rest,1319,https://london.eater.com/2019/6/3/18650240/mayfair-fine-dining-restaurant-stem-closed-mark-jarvis
2,london_eater_rest,02_london_eater_rest,1320,https://london.eater.com/2019/6/3/18650294/second-shot-coffee-bethnal-green-homelessness-social-enterprise-cafe
2,london_eater_rest,02_london_eater_rest,1321,https://london.eater.com/2019/5/31/18644365/bishopsgate-food-court-london-ybfs-rhubarb-restaurant-group
2,london_eater_rest,02_london_eater_rest,1322,https://london.eater.com/2019/5/28/18641775/jay-rayner-restaurant-reviews-holiday-inn-kensington-hotel
2,london_eater_rest,02_london_eater_rest,1323,https://london.eater.com/2019/5/28/18642254/carluccios-restaurant-chain-italian-menu
2,london_eater_rest,02_london_eater_rest,1324,https://london.eater.com/2019/5/23/18637229/turkish-pide-alan-yau-restaurant-opening-high-street-kensington-soho-closure
2,london_eater_rest,02_london_eater_rest,1325,https://london.eater.com/2019/5/22/18634038/instagram-iconic-sandwich-week-restaurant-food-news-london
2,london_eater_rest,02_london_eater_rest,1326,https://london.eater.com/2019/5/22/18635500/london-restaurant-chain-bills-jamie-oliver-italian-collapse-soho
2,london_eater_rest,02_london_eater_rest,1327,https://london.eater.com/2019/5/20/18632229/londons-hottest-restaurant-gloria-marina-o-loughlin-restaurant-reviews-critics
2,london_eater_rest,02_london_eater_rest,1328,https://london.eater.com/2019/5/20/18632256/snack-bar-cafe-urban-farm-dalston-east-london
2,london_eater_rest,02_london_eater_rest,1329,https://london.eater.com/2019/5/17/18629129/north-london-upper-street-new-sichuan-restaurant-opening-barshu
2,london_eater_rest,02_london_eater_rest,1330,https://london.eater.com/2019/5/16/18627442/westfield-london-bleecker-burger-restaurant-opening
2,london_eater_rest,02_london_eater_rest,1331,https://london.eater.com/2019/5/15/18624492/two-new-fried-chicken-restaurants-opening-soho-chikn-coqfighter
2,london_eater_rest,02_london_eater_rest,1332,https://london.eater.com/2019/5/8/18536827/wolseley-restaurant-london-new-opening-house-of-fraser-building
2,london_eater_rest,02_london_eater_rest,1333,https://london.eater.com/2019/5/3/18528284/pophams-bakery-london-new-bakery-restaurant-london-fields
2,london_eater_rest,02_london_eater_rest,1334,https://london.eater.com/2019/5/3/18528330/london-chef-seaside-dreamland-margate-cafe-barletta
2,london_eater_rest,02_london_eater_rest,1335,https://london.eater.com/2019/4/30/18523968/fitzroy-restaurant-cornwall-opening-london-suppliers
2,london_eater_rest,02_london_eater_rest,1336,https://london.eater.com/2019/4/29/18521760/london-restaurant-reviews-sunday-times-marina-o-loughlin-grace-dent-guardian
2,london_eater_rest,02_london_eater_rest,1337,https://london.eater.com/2019/4/26/18517771/borough-market-new-bakery-flor-lyles-restaurant-shoreditch
2,london_eater_rest,02_london_eater_rest,1338,https://london.eater.com/2019/4/25/18515594/standard-international-hotel-london-kings-cross-restaurants-opening-date
2,london_eater_rest,02_london_eater_rest,1339,https://london.eater.com/2019/4/24/18512454/st-john-restaurant-menu-london-french-house-dining-room
2,london_eater_rest,02_london_eater_rest,1340,https://london.eater.com/2019/4/24/18513938/scarpetta-restaurant-new-york-city-italian-scott-conant-chef
2,london_eater_rest,02_london_eater_rest,1341,https://london.eater.com/2019/4/17/18411788/chef-ollie-dabbous-hide-chelsea-flower-show-barracks-new-restaurant
2,london_eater_rest,02_london_eater_rest,1342,https://london.eater.com/2019/4/15/18311094/london-restaurant-reviews-momo-mayfair-evening-standard-times
2,london_eater_rest,02_london_eater_rest,1343,https://london.eater.com/2019/4/12/18306135/celbrity-sightings-london-restaurants-bars-drake-annabels
2,london_eater_rest,02_london_eater_rest,1344,https://london.eater.com/2019/4/9/18301755/chelsea-seafood-restaurant-the-sea-the-sea-portuguese-chef-leandro-carreira
2,london_eater_rest,02_london_eater_rest,1345,https://london.eater.com/2019/4/8/18300118/restaurant-reviews-marina-oloughlin-jay-rayner-jimi-famurewa-peg-locatelli
2,london_eater_rest,02_london_eater_rest,1346,https://london.eater.com/2019/4/2/18291821/bunhouse-soho-restaurant-tearoom-chinatown-opening-date
2,london_eater_rest,02_london_eater_rest,1347,https://london.eater.com/2019/4/2/18291900/river-cafe-italian-restaurant-notting-hill-gold
2,london_eater_rest,02_london_eater_rest,1348,https://london.eater.com/2019/4/1/18290175/peg-restaurant-review-grace-dent-guardian-east-london
2,london_eater_rest,02_london_eater_rest,1349,https://london.eater.com/2019/3/29/18286696/pizza-express-oxford-circus-new-restaurant-chain
2,london_eater_rest,02_london_eater_rest,1350,https://london.eater.com/2019/3/28/18285133/bob-bob-cite-russian-restaurant-london-opening-date
2,london_eater_rest,02_london_eater_rest,1351,https://london.eater.com/2019/3/25/18279933/yotam-ottolenghi-rovi-restaurant-review-london
2,london_eater_rest,02_london_eater_rest,1352,https://london.eater.com/2019/3/25/18281099/el-bulli-alumnus-mayfair-bar-restaurant-gazelle-closed
2,london_eater_rest,02_london_eater_rest,1353,https://london.eater.com/2019/3/22/18277535/st-james-market-development-new-restaurant-opening-cubitt-house
2,london_eater_rest,02_london_eater_rest,1354,https://london.eater.com/2019/3/21/18275518/fat-duck-wild-honey-mayfair-london-restaurant-opening
2,london_eater_rest,02_london_eater_rest,1355,https://london.eater.com/2019/3/19/18272373/wagamama-restaurant-group-pret-a-manger-takeaway-noodles-grab-go
2,london_eater_rest,02_london_eater_rest,1356,https://london.eater.com/2019/3/19/18272889/towpath-cafe-opening-spring-summer-2019
2,london_eater_rest,02_london_eater_rest,1357,https://london.eater.com/2019/3/14/18265434/jolene-bakery-eater-award-design-winner-where-to-buy
2,london_eater_rest,02_london_eater_rest,1358,https://london.eater.com/2019/3/12/18261642/magpie-restaurant-mayfair-london-closing
2,london_eater_rest,02_london_eater_rest,1359,https://london.eater.com/2019/3/11/18259604/gloria-italian-restaurant-review-london-shoreditch-grace-dent-brexit
2,london_eater_rest,02_london_eater_rest,1360,https://london.eater.com/2019/3/8/18254674/pidgin-restaurant-hackney-chef-adolfo-de-cecco-lardo-bebe
2,london_eater_rest,02_london_eater_rest,1361,https://london.eater.com/2019/3/8/18255869/kensington-place-restaurant-london-closing
2,london_eater_rest,02_london_eater_rest,1362,https://london.eater.com/2019/3/7/18254398/za-grab-go-pizza-express-restaurant-chain-london
2,london_eater_rest,02_london_eater_rest,1363,https://london.eater.com/2019/3/6/18251540/pancake-day-2019-london-restaurants-best-pancakes
2,london_eater_rest,02_london_eater_rest,1364,https://london.eater.com/2019/3/6/18253149/screwdriver-restaurant-bar-ridley-road-dalston-east-london-closed
2,london_eater_rest,02_london_eater_rest,1365,https://london.eater.com/2019/3/5/18250315/peg-restaurant-natural-wine-bar-east-london-bright-p-franco
2,london_eater_rest,02_london_eater_rest,1366,https://london.eater.com/2019/3/5/18251273/som-saa-chef-anglo-thai-mountgrove-bothy-wine-bar-london
2,london_eater_rest,02_london_eater_rest,1367,https://london.eater.com/2019/3/4/18249188/yeni-london-turkish-restaurant-review-jay-rayner-observer
2,london_eater_rest,02_london_eater_rest,1368,https://london.eater.com/2019/2/28/18244351/mortimer-house-kitchen-fitzrovia-restaurant-lanima-chef
2,london_eater_rest,02_london_eater_rest,1369,https://london.eater.com/2019/2/28/18244352/wild-honey-restaurant-mayfair-anthony-demetre-closing
2,london_eater_rest,02_london_eater_rest,1370,https://london.eater.com/2019/2/28/18244451/desi-chinese-indo-chinese-restaurants-london-fatt-pundit-soho-opening
2,london_eater_rest,02_london_eater_rest,1371,https://london.eater.com/2019/2/26/18241195/great-scotland-yard-restaurant-london-hotel-hyatt-opening
2,london_eater_rest,02_london_eater_rest,1372,https://london.eater.com/2019/2/26/18241292/enrique-olvera-pujol-mexico-city-worlds-50-best-restaurant-tour-london
2,london_eater_rest,02_london_eater_rest,1373,https://london.eater.com/2019/2/25/18239432/londrino-restaurant-london-portuguese-chef-leandro-carreira
2,london_eater_rest,02_london_eater_rest,1374,https://london.eater.com/2019/2/25/18239468/kosebasi-turkish-restaurant-istanbul-turkey-london-opening
2,london_eater_rest,02_london_eater_rest,1375,https://london.eater.com/2019/2/22/18234880/brits-2019-brit-awards-winners-after-party-london-restaurants
2,london_eater_rest,02_london_eater_rest,1376,https://london.eater.com/2019/2/19/18231256/world-restaurant-awards-2019-paris-noble-rot-london
2,london_eater_rest,02_london_eater_rest,1377,https://london.eater.com/2019/2/18/18229093/caractere-notting-hill-restaurant-roux-review-grace-dent
2,london_eater_rest,02_london_eater_rest,1378,https://london.eater.com/2019/2/14/18222735/sri-lankan-restaurant-supper-club-pol-boy-brixton-pound-cafe
2,london_eater_rest,02_london_eater_rest,1379,https://london.eater.com/2019/2/13/18222016/all-you-can-eat-sushi-brunch-london-restaurants
2,london_eater_rest,02_london_eater_rest,1380,https://london.eater.com/2019/2/12/18221558/peg-restaurant-east-london-bright-restaurant-london-fields-p-franco-wine-bar
2,london_eater_rest,02_london_eater_rest,1381,https://london.eater.com/2019/2/12/18221917/over-neapolitan-pizza-borough-restaurant-opening-st-james
2,london_eater_rest,02_london_eater_rest,1382,https://london.eater.com/2019/2/4/18209448/redfarm-london-restaurant-review-giles-coren-vegan-restaurant-grace-dent-jolene
2,london_eater_rest,02_london_eater_rest,1383,https://london.eater.com/2019/2/1/18206600/thattukada-london-best-keralan-restaurant-east-ham
2,london_eater_rest,02_london_eater_rest,1384,https://london.eater.com/2019/1/31/18205033/yopo-serge-le-phoque-mandrake-hotel-fitzrovia-restaurant-opening-date
2,london_eater_rest,02_london_eater_rest,1385,https://london.eater.com/2019/1/22/18192653/leon-restaurant-allergies-news-london-rosas-thai-chain
2,london_eater_rest,02_london_eater_rest,1386,https://london.eater.com/2019/1/18/18188007/dusty-knuckle-dalston-best-bakeries-london-baking-school
2,london_eater_rest,02_london_eater_rest,1387,https://london.eater.com/2019/1/16/18184989/pizza-express-casual-dining-crisis-za-takeaway
2,london_eater_rest,02_london_eater_rest,1388,https://london.eater.com/2019/1/14/18181197/jay-rayner-peking-duck-imperial-treasure-chinese-restaurant-review-london
2,london_eater_rest,02_london_eater_rest,1389,https://london.eater.com/2019/1/11/18175677/xian-impression-london-restaurant-wei-guirong-chef
2,london_eater_rest,02_london_eater_rest,1390,https://london.eater.com/2019/1/9/18173509/momo-mayfair-restaurant-bar-refurbishment-mourad-mazouz-erik-lorenz-savoy
2,london_eater_rest,02_london_eater_rest,1391,https://london.eater.com/2019/1/7/18171708/brexit-london-restaurant-chains-leon-carluccios-settled-status-eu
2,london_eater_rest,02_london_eater_rest,1392,https://london.eater.com/2019/1/4/18168027/gizzi-erskine-filth-foods-plant-based-burger-vegan-fast-food-shoreditch-london-restaurant
2,london_eater_rest,02_london_eater_rest,1393,https://london.eater.com/2019/1/2/18154796/centre-point-london-restaurants-din-tai-fung-arcade-food-theatre
2,london_eater_rest,02_london_eater_rest,1394,https://london.eater.com/2018/12/27/18135865/best-new-restaurants-london-2018-year-in-eater
2,london_eater_rest,02_london_eater_rest,1395,https://london.eater.com/2018/12/27/18135891/london-restaurants-2018-review-eater-london
2,london_eater_rest,02_london_eater_rest,1396,https://london.eater.com/2018/12/27/18157680/elan-cafe-instagram-coffee-shop-knightsbridge-london
2,london_eater_rest,02_london_eater_rest,1397,https://london.eater.com/2018/12/24/18148741/din-tai-fung-london-restaurant-opening-dumpling-xiaolongbao-menu-photos
2,london_eater_rest,02_london_eater_rest,1398,https://london.eater.com/2018/12/24/18154361/donnellys-restaurant-sun-13-cantons-bermondsey-bar-kitchen-2019
2,london_eater_rest,02_london_eater_rest,1399,https://london.eater.com/2018/12/21/18150266/nigella-lawson-how-to-eat-dwayne-johnson-pineapple-pizza-celebrity-sightings-london-restaurants
2,london_eater_rest,02_london_eater_rest,1400,https://london.eater.com/2018/12/20/18126992/coal-drops-yard-london-restaurants-kings-cross-ritas-dining-missy-flynn
2,london_eater_rest,02_london_eater_rest,1401,https://london.eater.com/2018/12/20/18139186/best-london-restaurants-open-christmas-2018
2,london_eater_rest,02_london_eater_rest,1402,https://london.eater.com/2018/12/19/18147053/london-restaurant-opening-instagram-influencers
2,london_eater_rest,02_london_eater_rest,1403,https://london.eater.com/2018/12/19/18148671/island-social-club-caribbean-food-rum-cocktails-dalston-opening-date
2,london_eater_rest,02_london_eater_rest,1404,https://london.eater.com/2018/12/17/18144282/orasay-restaurant-jackson-boxer-notting-hill-menu-opening-date
2,london_eater_rest,02_london_eater_rest,1405,https://london.eater.com/2018/12/13/18138999/time-out-market-london-waterloo-restaurant-food-hall-2021
2,london_eater_rest,02_london_eater_rest,1406,https://london.eater.com/2018/12/12/18137397/brexit-news-london-restaurants-no-deal-food-stockpiling
2,london_eater_rest,02_london_eater_rest,1407,https://london.eater.com/2018/12/10/18134062/coal-drops-yard-restaurants-kings-cross-london-st-john-bridge-theatre-restaurant
2,london_eater_rest,02_london_eater_rest,1408,https://london.eater.com/2018/12/10/18134095/dishoom-london-restaurant-bacon-naan-cashless-restaurants
2,london_eater_rest,02_london_eater_rest,1409,https://london.eater.com/2018/12/10/18134173/coco-ichibanya-japanese-curry-restaurant-opening-london-covent-garden
2,london_eater_rest,02_london_eater_rest,1410,https://london.eater.com/2018/12/7/18129197/din-tai-fung-boris-johnson-london-restaurant-opening-menu-covent-garden
2,london_eater_rest,02_london_eater_rest,1411,https://london.eater.com/2018/12/5/18125660/din-tai-fung-london-restaurant-menu-opening-date-dumplings-covent-garden
2,london_eater_rest,02_london_eater_rest,1412,https://london.eater.com/2018/12/4/18125268/polpetto-soho-russell-norman-head-chef-anthea-stephenson-river-cafe
2,london_eater_rest,02_london_eater_rest,1413,https://london.eater.com/2018/11/29/18063766/halal-guys-nyc-street-food-london-restaurants-expansion
2,london_eater_rest,02_london_eater_rest,1414,https://london.eater.com/2018/11/28/18115930/wagamama-japanese-restaurant-chain-restaurant-group-acquisition-frankie-bennys-high-street
2,london_eater_rest,02_london_eater_rest,1415,https://london.eater.com/2018/11/27/18114102/brexit-burger-steakout-restaurant-chain-brexit-deal-theresa-may-eu
2,london_eater_rest,02_london_eater_rest,1416,https://london.eater.com/2018/11/27/18114515/dandy-cafe-newington-green-london-fields-dan-wilson-chef-crowdfund-maltby-street-market-london
2,london_eater_rest,02_london_eater_rest,1417,https://london.eater.com/2018/11/26/18111337/berenjak-soho-restaurant-review-fay-maschler-cornerstone-tom-brown-great-british-menu-jay-rayner
2,london_eater_rest,02_london_eater_rest,1418,https://london.eater.com/2018/11/22/18107902/meatliquor-oxford-street-burger-restaurant-london-closing
2,london_eater_rest,02_london_eater_rest,1419,https://london.eater.com/2018/11/21/18088208/market-halls-victoria-london-food-hall-restaurants-roti-king-montys-deli
2,london_eater_rest,02_london_eater_rest,1420,https://london.eater.com/2018/11/19/18102430/boxpark-wembley-street-food-restaurants-shipping-containers-london
2,london_eater_rest,02_london_eater_rest,1421,https://london.eater.com/2018/11/16/18097000/wagamama-takeover-deal-the-restaurant-group-frankie-bennys-high-street-chain
2,london_eater_rest,02_london_eater_rest,1422,https://london.eater.com/2018/11/15/18095313/hard-rock-cafe-london-piccadilly-circus-new-restaurant
2,london_eater_rest,02_london_eater_rest,1423,https://london.eater.com/2018/11/12/18085792/red-farm-london-pac-man-dumplings-grace-dent-guardian-restaurant-review
2,london_eater_rest,02_london_eater_rest,1424,https://london.eater.com/2018/11/8/18074830/albert-adria-cakes-and-bubbles-london-cafe-royal-chefs-table-el-bulli
2,london_eater_rest,02_london_eater_rest,1425,https://london.eater.com/2018/11/6/18064994/netflix-chefs-table-asma-khan-cafe-calcutta-canteen-carnaby-soho
2,london_eater_rest,02_london_eater_rest,1426,https://london.eater.com/2018/11/5/18061710/zela-meppon-cuisine-cristiano-ronaldo-london-restaurant-grace-dent-guardian-review
2,london_eater_rest,02_london_eater_rest,1427,https://london.eater.com/2018/11/5/18064066/bun-house-soho-chinatown-london-new-restaurant-opening
2,london_eater_rest,02_london_eater_rest,1428,https://london.eater.com/2018/11/1/18051306/chefs-table-asma-khan-zoes-ghana-kitchen-new-london-food-zine-instagram-a-meeting-place
2,london_eater_rest,02_london_eater_rest,1429,https://london.eater.com/2018/10/31/18047044/halloween-food-pumpkins-candy-london-restaurant-instagram
2,london_eater_rest,02_london_eater_rest,1430,https://london.eater.com/2018/10/30/18041760/wagamama-noodle-restaurant-sale-restaurant-group-casual-dining
2,london_eater_rest,02_london_eater_rest,1431,https://london.eater.com/2018/10/25/18021868/noma-restaurant-copenhagen-leonardo-pereira-lisbon-chef
2,london_eater_rest,02_london_eater_rest,1432,https://london.eater.com/2018/10/25/18021872/gunpowder-restaurant-london-one-tower-bridge-custard-bakery
2,london_eater_rest,02_london_eater_rest,1433,https://london.eater.com/2018/10/23/18009484/noma-gordon-ramsay-chef-pucci-mayfair-restaurant
2,london_eater_rest,02_london_eater_rest,1434,https://london.eater.com/2018/10/22/18008184/london-restaurant-reviews-paranhodu-korean-new-cross-jimi-famurewa-evening-standard-magazine
2,london_eater_rest,02_london_eater_rest,1435,https://london.eater.com/2018/10/22/18008284/burger-beyond-street-food-kerb-shoreditch-new-restaurant
2,london_eater_rest,02_london_eater_rest,1436,https://london.eater.com/2018/10/17/17989364/kol-restaurant-london-santiago-lastra-mexican-food
2,london_eater_rest,02_london_eater_rest,1437,https://london.eater.com/2018/10/15/17977588/marina-o-loughlin-restaurant-review-greenhouse-mayfair-jimi-famurewa-evening-standard-magazine
2,london_eater_rest,02_london_eater_rest,1438,https://london.eater.com/2018/10/12/17904856/donald-trump-potus-us-embassy-london-nine-elms-restaurant-opening-news
2,london_eater_rest,02_london_eater_rest,1439,https://london.eater.com/2018/10/10/17955752/frieze-masters-art-fair-2018-london-river-cafe-xu-petersham-nurseries-london-restaurant-instagram
2,london_eater_rest,02_london_eater_rest,1440,https://london.eater.com/2018/10/8/17950320/james-cochran-1251-restaurant-islington-great-british-menu-jay-rayner-review
2,london_eater_rest,02_london_eater_rest,1441,https://london.eater.com/2018/10/4/17931548/giles-coren-the-times-kaki-restaurant-review-racism
2,london_eater_rest,02_london_eater_rest,1442,https://london.eater.com/2018/10/4/17936352/din-tai-fung-london-restaurant-opening-covent-garden-taiwan-dumplings-xiaolongbao
2,london_eater_rest,02_london_eater_rest,1443,https://london.eater.com/2018/10/3/17904894/chefs-table-asma-khan-netflix-darjeeling-express-london-chef
2,london_eater_rest,02_london_eater_rest,1444,https://london.eater.com/2018/10/1/17922560/dandelyan-london-worlds-best-cocktail-bar-mr-lyan-chetiyawardana-mondrian-sea-containers
2,london_eater_rest,02_london_eater_rest,1445,https://london.eater.com/2018/9/19/17877984/din-tai-fung-london-restaurant-opening-covent-garden-centre-point
2,london_eater_rest,02_london_eater_rest,1446,https://london.eater.com/2018/9/18/17873806/kahani-indian-restaurant-chef-peter-joseph-chelsea
2,london_eater_rest,02_london_eater_rest,1447,https://london.eater.com/2018/9/13/17854104/dua-lipa-isaac-carew-dirty-dishes-kricket-television-centre-new-restaurant
2,london_eater_rest,02_london_eater_rest,1448,https://london.eater.com/2018/9/11/17845362/tom-kerridge-london-restaurant-great-british-menu-netflix-chefs-table-asma-khan
2,london_eater_rest,02_london_eater_rest,1449,https://london.eater.com/2018/9/11/17846532/francis-mallmann-chefs-table-argentina-grill-chef-wolfgang-puck-dorchester-mayfair
2,london_eater_rest,02_london_eater_rest,1450,https://london.eater.com/2018/9/10/17837756/london-restaurant-reviews-piri-piri-jay-rayner-observer-jimi-famurewa-evening-standard-fay-maschler
2,london_eater_rest,02_london_eater_rest,1451,https://london.eater.com/2018/9/6/17826524/grind-coffee-cocktails-brunch-new-restaurant-greenwich
2,london_eater_rest,02_london_eater_rest,1452,https://london.eater.com/2018/9/5/17822410/richard-caring-le-caprice-harrys-bar-new-restaurant-london
2,london_eater_rest,02_london_eater_rest,1453,https://london.eater.com/2018/9/3/17811810/grace-dent-gazelle-mayfair-gymkhana-mayfair-tony-conigliario-london-restaurant-review
2,london_eater_rest,02_london_eater_rest,1454,https://london.eater.com/2018/8/28/17788592/joel-robuchon-marina-o-loughlin-restaurant-review-jay-rayner-observer
2,london_eater_rest,02_london_eater_rest,1455,https://london.eater.com/2018/8/28/17791182/dead-rabbit-nyc-worlds-best-bar-2016-london-cocktail-week-2018
2,london_eater_rest,02_london_eater_rest,1456,https://london.eater.com/2018/8/23/17772424/jolene-bakery-opening-westerns-laundry-primeur-newington-green
2,london_eater_rest,02_london_eater_rest,1457,https://london.eater.com/2018/8/22/17767692/gbk-burger-restaurant-losses-chain-byron
2,london_eater_rest,02_london_eater_rest,1458,https://london.eater.com/2018/8/20/17756970/westerns-laundry-natural-wine-tim-hayward-jay-rayner-observer-marina-o-loughlin-restaurant-reviews
2,london_eater_rest,02_london_eater_rest,1459,https://london.eater.com/2018/8/17/17714752/karma-food-waste-app-sweden-funding-london-restaurants
2,london_eater_rest,02_london_eater_rest,1460,https://london.eater.com/2018/8/17/17714858/st-john-restaurant-fergus-henderson-bakery-neals-yard-covent-garden
2,london_eater_rest,02_london_eater_rest,1461,https://london.eater.com/2018/8/16/17692648/stem-glory-cambridge-vegan-cafe-london-restaurant-crowdcube
2,london_eater_rest,02_london_eater_rest,1462,https://london.eater.com/2018/8/16/17697868/amazonico-madrid-restaurant-london-opening-date-berkeley-square-mayfair
2,london_eater_rest,02_london_eater_rest,1463,https://london.eater.com/2018/8/13/17680810/yottam-ottolenghi-new-restaurant-rovi-london-restaurant-reviews
2,london_eater_rest,02_london_eater_rest,1464,https://london.eater.com/2018/8/8/17663508/jason-atherton-temple-and-sons-tower-42-bar-restaurant-closed
2,london_eater_rest,02_london_eater_rest,1465,https://london.eater.com/2018/8/6/17653810/grace-dent-guardian-ruya-mayfair-fay-maschler-ottolenghi-new-restaurant-rovi-restaurant-reviews
2,london_eater_rest,02_london_eater_rest,1466,https://london.eater.com/2018/8/2/17644258/first-avocado-restaurant-london-avo-bar-covent-garden
2,london_eater_rest,02_london_eater_rest,1467,https://london.eater.com/2018/8/1/17634250/katsu-sando-2018-food-trend-london-restaurant-instagram
2,london_eater_rest,02_london_eater_rest,1468,https://london.eater.com/2018/7/31/17635434/crispin-spitalfields-all-day-dining-speciality-coffee-scotchtails
2,london_eater_rest,02_london_eater_rest,1469,https://london.eater.com/2018/7/30/17627526/fay-maschler-standard-giles-coren-times-jay-rayner-guardian-restaurant-review
2,london_eater_rest,02_london_eater_rest,1470,https://london.eater.com/2018/7/30/17629466/byron-burger-chain-struggling-restaurant-downturn
2,london_eater_rest,02_london_eater_rest,1471,https://london.eater.com/2018/7/27/17621020/steak-restaurant-zelman-meats-st-pauls-london-closing
2,london_eater_rest,02_london_eater_rest,1472,https://london.eater.com/2018/7/26/17611492/best-london-restaurant-blackboard-menus
2,london_eater_rest,02_london_eater_rest,1473,https://london.eater.com/2018/7/24/17602868/tool-themed-restaurant-bar-screwdriver-ridley-road-dalston
2,london_eater_rest,02_london_eater_rest,1474,https://london.eater.com/2018/7/23/17601882/grace-dent-guardian-sambal-shiok-marina-oloughlin-jay-rayner-duke-of-richmond-restaurant-reviews
2,london_eater_rest,02_london_eater_rest,1475,https://london.eater.com/2018/7/16/17575260/restaurant-reviews-critics-london-grace-dent-bright-fay-maschler-giles-coren-jay-rayner
2,london_eater_rest,02_london_eater_rest,1476,https://london.eater.com/2018/7/12/17561282/londons-best-cookie-restaurant-recommendation-ask-eater-london
2,london_eater_rest,02_london_eater_rest,1477,https://london.eater.com/2018/7/11/17559338/tish-jewish-kosher-restaurant-opening-belsize-park-july
2,london_eater_rest,02_london_eater_rest,1478,https://london.eater.com/2018/7/10/17552264/andrew-a-wong-kyms-bloomberg-arcade-restaurant-opening
2,london_eater_rest,02_london_eater_rest,1479,https://london.eater.com/2018/7/9/17547778/london-restaurant-reviews-giles-coren-marina-oloughlin-fay-maschler-jay-rayner
2,london_eater_rest,02_london_eater_rest,1480,https://london.eater.com/2018/7/9/17547834/thai-restaurant-kin-deum-opening-london-bridge
2,london_eater_rest,02_london_eater_rest,1481,https://london.eater.com/2018/7/6/17539742/xian-impression-biang-biang-london-restaurant-opening-spitalfields
2,london_eater_rest,02_london_eater_rest,1482,https://london.eater.com/2018/7/4/17534464/honest-burgers-london-burger-chain-manchester-liverpool-restaurant
2,london_eater_rest,02_london_eater_rest,1483,https://london.eater.com/2018/7/2/17518026/quality-chop-house-clerkenwell-restaurant-new-wine-bar-london
2,london_eater_rest,02_london_eater_rest,1484,https://london.eater.com/2018/7/2/17519116/marina-o-loughlin-sunday-times-st-leonards-jay-rayner-house-of-commons-restaurant-reviews
2,london_eater_rest,02_london_eater_rest,1485,https://london.eater.com/2018/6/27/17509034/instagram-stories-sandos-summer-food-trend-worlds-50-best
2,london_eater_rest,02_london_eater_rest,1486,https://london.eater.com/2018/6/26/17505124/hummus-bros-chain-administration-restaurant-closures-soho-brexit
2,london_eater_rest,02_london_eater_rest,1487,https://london.eater.com/2018/6/25/17500276/restaurant-reviews-jay-rayner-jackson-boxer-giles-coren-marina-oloughlin-david-sexton-james-hansen
2,london_eater_rest,02_london_eater_rest,1488,https://london.eater.com/2018/6/25/17501192/fette-sau-nyc-essential-barbecue-restaurants-london-pop-up-mare-street-market
2,london_eater_rest,02_london_eater_rest,1489,https://london.eater.com/2018/6/22/17492198/five-restaurants-try-this-weekend-milk-lido-cafe-okan-marina-zoes-ghana-kitchen
2,london_eater_rest,02_london_eater_rest,1490,https://london.eater.com/2018/6/20/17482718/female-chefs-database-women-of-food-london-equity-at-the-table
2,london_eater_rest,02_london_eater_rest,1491,https://london.eater.com/2018/6/20/17482764/old-street-irish-restaurant-nuala-chef-niall-davidson
2,london_eater_rest,02_london_eater_rest,1492,https://london.eater.com/2018/6/18/17474236/restaurant-reviews-lina-stores-marina-oloughlin-giles-coren-grace-dent
2,london_eater_rest,02_london_eater_rest,1493,https://london.eater.com/2018/6/13/17458782/elk-in-the-woods-angel-islington-closure-restaurant-pub-downturn
2,london_eater_rest,02_london_eater_rest,1494,https://london.eater.com/2018/6/12/17434958/best-london-restaurant-recommendations-ask-eater-london
2,london_eater_rest,02_london_eater_rest,1495,https://london.eater.com/2018/6/12/17452560/kiln-sabor-core-national-restaurant-awards-uk
2,london_eater_rest,02_london_eater_rest,1496,https://london.eater.com/2018/6/12/17452600/worlds-50-best-51-100-announcement-london-restaurants
2,london_eater_rest,02_london_eater_rest,1497,https://london.eater.com/2018/6/11/17448220/restaurant-reviews-london-giles-coren-jay-rayner-tim-hayward-david-sexton
2,london_eater_rest,02_london_eater_rest,1498,https://london.eater.com/2018/6/8/17441160/best-london-restaurant-recommendations-weekend
2,london_eater_rest,02_london_eater_rest,1499,https://london.eater.com/2018/6/8/17442254/ex-duck-waffle-chef-dan-doherty-new-restaurant-royal-oak-marylebone
2,london_eater_rest,02_london_eater_rest,1500,https://london.eater.com/2018/6/6/17433254/fat-duck-head-chef-plans-new-london-restaurant-for-2019
2,london_eater_rest,02_london_eater_rest,1501,https://london.eater.com/2018/6/5/17428666/st-john-closing-restaurant-maltby-street-bermondsey
2,london_eater_rest,02_london_eater_rest,1502,https://london.eater.com/2018/6/4/17424126/leroy-grace-dent-restaurant-reviews-giles-coren-marina-oloughlin-kyseri
2,london_eater_rest,02_london_eater_rest,1503,https://london.eater.com/2018/5/31/17412482/ex-hakkasan-chef-de-cuisine-vietnamese-cocktail-bar-viet-lounge-chinatown
2,london_eater_rest,02_london_eater_rest,1504,https://london.eater.com/2018/5/30/17408176/duck-and-waffle-chef-dan-doherty-new-restaurant-hudson-yards-nyc
2,london_eater_rest,02_london_eater_rest,1505,https://london.eater.com/2018/5/30/17408598/finsbury-park-gillys-fry-bar-closing-moving-west-end
2,london_eater_rest,02_london_eater_rest,1506,https://london.eater.com/2018/5/24/17385726/bengali-supper-club-little-kolkata-permanent-restaurant-opening-covent-garden
2,london_eater_rest,02_london_eater_rest,1507,https://london.eater.com/2018/5/22/17379848/chef-adam-handling-byron-hoxton-square-frog-restaurant-shoreditch
2,london_eater_rest,02_london_eater_rest,1508,https://london.eater.com/2018/5/21/17375440/london-restaurant-reviews-critics-giles-coren-cornerstone-marina-oloughlin-royal-wedding
2,london_eater_rest,02_london_eater_rest,1509,https://london.eater.com/2018/5/17/17364228/jones-and-sons-dalston-restaurant-opening-angel-central-summer
2,london_eater_rest,02_london_eater_rest,1510,https://london.eater.com/2018/5/17/17364238/carluccios-close-34-restaurants-uk-casual-dining-crisis
2,london_eater_rest,02_london_eater_rest,1511,https://london.eater.com/2018/5/15/17355326/popular-balham-brunch-cafe-brother-marcus-to-open-new-angel-restaurant
2,london_eater_rest,02_london_eater_rest,1512,https://london.eater.com/2018/5/14/17349426/restaurant-reviews-hide-scully-grace-dent-giles-coren-chucs-beck-browns
2,london_eater_rest,02_london_eater_rest,1513,https://london.eater.com/2018/5/11/17343528/five-best-london-restaurants-weekend
2,london_eater_rest,02_london_eater_rest,1514,https://london.eater.com/2018/5/11/17343546/omotesando-koffee-london-coffee-shop-opening-hours-menu-fitzrovia
2,london_eater_rest,02_london_eater_rest,1515,https://london.eater.com/2018/5/11/17344196/french-restaurant-chain-cote-london-closures
2,london_eater_rest,02_london_eater_rest,1516,https://london.eater.com/2018/5/10/17340054/camden-restaurant-opening-hook-kookoo
2,london_eater_rest,02_london_eater_rest,1517,https://london.eater.com/2018/5/9/17334722/chef-vivek-singh-cinnamon-soho-indian-restaurant-closed
2,london_eater_rest,02_london_eater_rest,1518,https://london.eater.com/2018/5/9/17335778/native-covent-garden-restaurant-closing
2,london_eater_rest,02_london_eater_rest,1519,https://london.eater.com/2018/5/8/17330300/restaurant-reviews-giles-coren-david-sexton-hampstead-petersham-nurseries-micheal-deacon
2,london_eater_rest,02_london_eater_rest,1520,https://london.eater.com/2018/5/8/17330358/restaurant-of-the-year-p-franco-bright-london-fields-new-opening
2,london_eater_rest,02_london_eater_rest,1521,https://london.eater.com/2018/5/8/17330586/american-mega-chain-taco-bell-uk-expansion-opening-london
2,london_eater_rest,02_london_eater_rest,1522,https://london.eater.com/2018/5/3/17314272/us-burger-chain-wahlburgers-opening-london
2,london_eater_rest,02_london_eater_rest,1523,https://london.eater.com/2018/5/2/17310384/burger-chain-byron-london-five-restaurant-closures
2,london_eater_rest,02_london_eater_rest,1524,https://london.eater.com/2018/5/1/17306266/soutine-restaurant-st-johns-wood-london-opening-date-wolseley-owners
2,london_eater_rest,02_london_eater_rest,1525,https://london.eater.com/2018/5/1/17306354/harneet-devina-baweja-gunpowder-custard-one-tower-bridge-bakery-opening
2,london_eater_rest,02_london_eater_rest,1526,https://london.eater.com/2018/4/30/17301160/restaurant-reviews-giles-coren-grace-dent-hide-brat-kate-spicer-marina-oloughlin
2,london_eater_rest,02_london_eater_rest,1527,https://london.eater.com/2018/4/26/17284338/chef-dan-doherty-leaves-restaurant-duck-waffle
2,london_eater_rest,02_london_eater_rest,1528,https://london.eater.com/2018/4/25/17279120/clare-smyth-worlds-50-best-female-chef-why
2,london_eater_rest,02_london_eater_rest,1529,https://london.eater.com/2018/4/23/17269824/jay-rayner-guardian-brat-giles-coren-times-bike-shed-restaurant-reviews
2,london_eater_rest,02_london_eater_rest,1530,https://london.eater.com/2018/4/16/17242016/restaurant-reviews-brat-orrery-sapling-marina-oloughlin-grace-dent-tim-hayward
2,london_eater_rest,02_london_eater_rest,1531,https://london.eater.com/2018/4/13/17233694/din-tai-fung-restaurant-london-covent-garden-2018-opening
2,london_eater_rest,02_london_eater_rest,1532,https://london.eater.com/2018/4/12/17228338/sarona-restaurant-opening-clerkenwell-road
2,london_eater_rest,02_london_eater_rest,1533,https://london.eater.com/2018/4/9/17214560/restaurant-reviews-london-grace-dent-fay-maschler-george-reynolds
2,london_eater_rest,02_london_eater_rest,1534,https://london.eater.com/2018/4/4/17197770/rochelle-ica-restaurant-expansion-eater-awards
2,london_eater_rest,02_london_eater_rest,1535,https://london.eater.com/2018/4/3/17190096/restaurant-reviews-deacon-santa-maria-oloughlin-rascals-maschler-brat-coren-sabor-golby
2,london_eater_rest,02_london_eater_rest,1536,https://london.eater.com/2018/4/3/17192040/bao-istanbul-bunco-monument-restaurant-opening
2,london_eater_rest,02_london_eater_rest,1537,https://london.eater.com/2018/4/3/17192616/caravan-coffee-new-restaurant-grab-go
2,london_eater_rest,02_london_eater_rest,1538,https://london.eater.com/2018/3/28/17167886/vegan-food-restaurants-london-explained
2,london_eater_rest,02_london_eater_rest,1539,https://london.eater.com/2018/3/28/17171550/london-restaurant-stories-of-the-week-instagram-p-franco-larb-kiln-anna-tobias-beige-food
2,london_eater_rest,02_london_eater_rest,1540,https://london.eater.com/2018/3/22/17152540/iconic-casual-dining-chain-carluccios-is-for-sale
2,london_eater_rest,02_london_eater_rest,1541,https://london.eater.com/2018/3/21/17146304/restaurant-stories-instagram-london-influencers-menus-dishes
2,london_eater_rest,02_london_eater_rest,1542,https://london.eater.com/2018/3/19/17138266/restaurant-reviews-guardian-telegraph-michael-deacon-fay-maschler-marina-oloughlin-indian-accent
2,london_eater_rest,02_london_eater_rest,1543,https://london.eater.com/2018/3/13/17113336/towpath-cafe-opening-spring-summer-2018
2,london_eater_rest,02_london_eater_rest,1544,https://london.eater.com/2018/3/13/17113370/st-patricks-day-pubs-restaurants-london
2,london_eater_rest,02_london_eater_rest,1545,https://london.eater.com/2018/3/12/17108826/restaurant-reviews-london-fay-mascher-sabor-giles-coren-grace-dent-jay-rayner
2,london_eater_rest,02_london_eater_rest,1546,https://london.eater.com/2018/3/12/17109200/chiswick-foxlow-restaurant-closing
2,london_eater_rest,02_london_eater_rest,1547,https://london.eater.com/2018/3/8/17095454/lahpet-burmese-restaurant-opening-shoreditch
2,london_eater_rest,02_london_eater_rest,1548,https://london.eater.com/2018/3/5/17080078/restaurant-reviews-londrino-united-chip-sorella-grace-dent-giles-coren-tim-hayward
2,london_eater_rest,02_london_eater_rest,1549,https://london.eater.com/2018/3/2/17068316/five-restaurants-to-try-this-weekend-theos-cheese-bar-newcomer-finks-vinarius
2,london_eater_rest,02_london_eater_rest,1550,https://london.eater.com/2018/2/26/17052686/restaurant-reviews-giles-coren-grace-dent-marina-oloughlin-ella-canta-wolf-and-lamb
2,london_eater_rest,02_london_eater_rest,1551,https://london.eater.com/2018/2/20/17031234/soho-house-opening-cecconis-pizza-bar
2,london_eater_rest,02_london_eater_rest,1552,https://london.eater.com/2018/2/15/17011350/karma-app-food-waste-london-restaurants
2,london_eater_rest,02_london_eater_rest,1553,https://london.eater.com/2018/2/14/17011284/chinese-new-year-2020-restaurant-guide-london
2,london_eater_rest,02_london_eater_rest,1554,https://london.eater.com/2018/2/13/17007618/quality-chop-house-opening-cafe
2,london_eater_rest,02_london_eater_rest,1555,https://london.eater.com/2018/2/12/17003468/nancy-silverton-london-residency-california-chef-chefs-table
2,london_eater_rest,02_london_eater_rest,1556,https://london.eater.com/2018/2/12/17004258/lyles-restaurant-shoreditch-london-new-bar-menu
2,london_eater_rest,02_london_eater_rest,1557,https://london.eater.com/2018/2/9/16994372/m-restaurants-martin-williams-chains-profits
2,london_eater_rest,02_london_eater_rest,1558,https://london.eater.com/2018/2/7/16984288/isabel-most-beautiful-london-restaurant-eater-awards
2,london_eater_rest,02_london_eater_rest,1559,https://london.eater.com/2018/1/31/16955114/caravan-coffee-fitzrovia-summer-opening
2,london_eater_rest,02_london_eater_rest,1560,https://london.eater.com/2018/1/29/16944366/london-restaurant-reviews-fay-maschler-grace-dent-giles-coren-julie-burchill
2,london_eater_rest,02_london_eater_rest,1561,https://london.eater.com/2018/1/26/16933806/julie-burchill-anti-irish-sentiment-nuala-es-mag-restaurant-review
2,london_eater_rest,02_london_eater_rest,1562,https://london.eater.com/2018/1/22/16919726/jamie-oliver-restaurant-group-confirms-closure-12-restaurants-four-london
2,london_eater_rest,02_london_eater_rest,1563,https://london.eater.com/2018/1/17/16900380/londons-only-real-philly-cheesesteak-passyunk-liberty-goes-from-food-truck-to-permanent-restaurant
2,london_eater_rest,02_london_eater_rest,1564,https://london.eater.com/2018/1/16/16895910/award-winning-jamon-producer-opens-restaurant-in-islington-london
2,london_eater_rest,02_london_eater_rest,1565,https://london.eater.com/2018/1/15/16892314/chef-angela-hartnett-british-food-culture-all-about-money-bbc-desert-island-discs-interview
2,london_eater_rest,02_london_eater_rest,1566,https://london.eater.com/2018/1/11/16873160/selin-kiazim-second-oklava-restaurant-opening
2,london_eater_rest,02_london_eater_rest,1567,https://london.eater.com/2018/1/8/16853176/international-indian-restaurant-farzi-cafe-is-moving-into-st-jamess
2,london_eater_rest,02_london_eater_rest,1568,https://london.eater.com/2018/1/8/16862248/london-restaurant-reviews-fay-maschler-giles-coren-grace-dent-marina-oloughlin-jay-rayner
2,london_eater_rest,02_london_eater_rest,1569,https://london.eater.com/2018/1/4/16848890/modern-indian-restaurant-kricket-confirms-opening-white-city-west-london
2,london_eater_rest,02_london_eater_rest,1570,https://london.eater.com/2018/1/4/16849596/italian-chain-strada-first-casual-dining-casualty-2018
2,london_eater_rest,02_london_eater_rest,1571,https://london.eater.com/2018/1/3/16844764/tooting-taiwanese-restaurant-mr-bao-second-site-opening
2,london_eater_rest,02_london_eater_rest,1572,https://london.eater.com/2018/1/2/16840178/wagamama-london-restaurant-chain-sick-leave-scandal-2018
2,london_eater_rest,02_london_eater_rest,1573,https://london.eater.com/2017/12/28/16806504/best-london-dining-neighbourhoods-2017-year-in-eater
2,london_eater_rest,02_london_eater_rest,1574,https://london.eater.com/2017/12/28/16807626/biggest-london-restaurant-surprises-shocks-unexpected-food-2017
2,london_eater_rest,02_london_eater_rest,1575,https://london.eater.com/2017/12/21/16806566/italian-food-hall-eataly-opening-city-of-london-next-year
2,london_eater_rest,02_london_eater_rest,1576,https://london.eater.com/2017/12/15/16780066/five-restaurants-try-this-weekend-eater-guide-london
2,london_eater_rest,02_london_eater_rest,1577,https://london.eater.com/2017/12/14/16775802/ex-nobu-kurobuta-chef-scott-hallsworth-crowdfunding-next-restaurant-freakscene
2,london_eater_rest,02_london_eater_rest,1578,https://london.eater.com/2017/12/14/16777092/borough-bakery-bread-ahead-new-opening-soho-january
2,london_eater_rest,02_london_eater_rest,1579,https://london.eater.com/2017/12/11/16761102/worlds-best-indian-restaurants-open-mayfair-thursday
2,london_eater_rest,02_london_eater_rest,1580,https://london.eater.com/2017/12/8/16750656/five-restaurants-to-try-this-weekend-eater-guide
2,london_eater_rest,02_london_eater_rest,1581,https://london.eater.com/2017/12/7/16745278/10-best-lines-chef-tom-sellers-interview-evening-standard-story-ours-fay-maschler
2,london_eater_rest,02_london_eater_rest,1582,https://london.eater.com/2017/12/5/16737976/belgravia-institution-ebury-restaurant-wine-bar-close-60-years
2,london_eater_rest,02_london_eater_rest,1583,https://london.eater.com/2017/12/4/16732896/northern-powerhouse-grace-dents-es-mag-restaurant-reviews-fay-maschler-giles-coren-jay-rayner
2,london_eater_rest,02_london_eater_rest,1584,https://london.eater.com/2017/12/4/16733188/sushi-restaurant-sticks-n-sushi-victoria-opening-fifth-london-site
2,london_eater_rest,02_london_eater_rest,1585,https://london.eater.com/2017/12/1/16714308/koya-city-site-two-london-best-noodle-bar
2,london_eater_rest,02_london_eater_rest,1586,https://london.eater.com/2017/12/1/16723198/kitty-fishers-head-chef-tomos-parry-to-open-first-solo-restaurant
2,london_eater_rest,02_london_eater_rest,1587,https://london.eater.com/2017/12/1/16723382/5-restaurants-to-try-this-weekend-guide
2,london_eater_rest,02_london_eater_rest,1588,https://london.eater.com/2017/11/30/16720106/us-burger-chain-five-guys-open-two-new-takeaway-shops-west-london
2,london_eater_rest,02_london_eater_rest,1589,https://london.eater.com/2017/11/28/16709628/best-chefs-london-2017
2,london_eater_rest,02_london_eater_rest,1590,https://london.eater.com/2017/11/24/16696302/gordon-ramsay-airport-restaurant-go-global-plane-food
2,london_eater_rest,02_london_eater_rest,1591,https://london.eater.com/2017/11/23/16694070/london-coffee-cocktail-chain-grind-targets-train-stations-airports-major-growth
2,london_eater_rest,02_london_eater_rest,1592,https://london.eater.com/2017/11/23/16694380/inside-dishoom-new-art-deco-jazz-inspired-kensington-restaurant-opening
2,london_eater_rest,02_london_eater_rest,1593,https://london.eater.com/2017/11/20/16678440/marina-oloughlin-zero-waste-cub-restaurant-reviews-fay-maschler-grace-dent
2,london_eater_rest,02_london_eater_rest,1594,https://london.eater.com/2017/11/20/16679082/award-winning-south-london-gastropub-camberwell-arms-franks-rooftop-cafe
2,london_eater_rest,02_london_eater_rest,1595,https://london.eater.com/2017/11/13/16642762/fay-maschler-questions-authenticity-new-smoking-goat-giles-coren-marina-oloughlin-restaurant-reviews
2,london_eater_rest,02_london_eater_rest,1596,https://london.eater.com/2017/11/8/16618452/south-london-peckham-kudu-south-african-restaurant-opening
2,london_eater_rest,02_london_eater_rest,1597,https://london.eater.com/2017/11/8/16622794/chef-ollie-dabbous-return-with-a-mayfair-piccadilly-restaurant-next-year
2,london_eater_rest,02_london_eater_rest,1598,https://london.eater.com/2017/11/7/16617118/chef-heinz-beck-planning-to-open-a-restaurant-in-london-browns-hotel-pop-up-mayfair-mark-hix
2,london_eater_rest,02_london_eater_rest,1599,https://london.eater.com/2017/11/7/16618772/old-street-white-collar-factory-ex-chiltern-firehouse-chefs-first-restaurant-niall-davidson-nuala
2,london_eater_rest,02_london_eater_rest,1600,https://london.eater.com/2017/11/6/16611878/cuban-tamales-paella-live-music-salsa-arrives-in-camden-town-new-restaurant-opening
2,london_eater_rest,02_london_eater_rest,1601,https://london.eater.com/2017/11/6/16612034/hard-truths-restaurants-soft-opening-london-stevie-parle
2,london_eater_rest,02_london_eater_rest,1602,https://london.eater.com/2017/11/6/16612856/mini-chain-rosas-thai-cafe-trial-vegetarian-only-menu-next-year-soho-london
2,london_eater_rest,02_london_eater_rest,1603,https://london.eater.com/2017/11/3/16600536/yeotown-kitchen-marylebone-mindfulness-london-restaurant-opening-news
2,london_eater_rest,02_london_eater_rest,1604,https://london.eater.com/2017/11/3/16602000/london-restaurant-food-and-drink-auction-laughing-heart-tutto-wines
2,london_eater_rest,02_london_eater_rest,1605,https://london.eater.com/2017/11/2/16561498/eat-white-truffles-london-restaurants-autumn-winter-2017
2,london_eater_rest,02_london_eater_rest,1606,https://london.eater.com/2017/10/31/16561582/best-pumpkin-dishes-in-london-pumpkin-season
2,london_eater_rest,02_london_eater_rest,1607,https://london.eater.com/2017/10/31/16572056/butchies-broadway-market-london-restaurant-opening
2,london_eater_rest,02_london_eater_rest,1608,https://london.eater.com/2017/10/30/16569372/fay-maschler-restaurant-critic-london-reviews
2,london_eater_rest,02_london_eater_rest,1609,https://london.eater.com/2017/10/25/16542676/tottenham-hotspur-football-club-latest-signing-chef-chris-galvin-restaurant-london
2,london_eater_rest,02_london_eater_rest,1610,https://london.eater.com/2017/10/25/16543040/inside-the-restaurant-rochelle-canteen-taking-art-gallery-dining-to-the-next-level
2,london_eater_rest,02_london_eater_rest,1611,https://london.eater.com/2017/10/24/16534322/first-look-at-smoking-goat-shoreditch-most-ambitious-new-bar-thai-restaurant-ben-chapman
2,london_eater_rest,02_london_eater_rest,1612,https://london.eater.com/2017/10/23/16519490/critic-grace-dent-core-by-clare-smyth-fay-maschler-giles-coren-marina-oloughlin-restaurant-reviews
2,london_eater_rest,02_london_eater_rest,1613,https://london.eater.com/2017/10/19/16502598/hackney-chef-magnus-reid-new-dining-series-in-west-end-w-hotel-leicester-square
2,london_eater_rest,02_london_eater_rest,1614,https://london.eater.com/2017/10/19/16503054/jamie-oliver-celebrity-chef-business-magazine-restaurants-closure
2,london_eater_rest,02_london_eater_rest,1615,https://london.eater.com/2017/10/18/16497646/chef-simon-rogan-permanent-return-to-london-roganic-restaurant-marylebone
2,london_eater_rest,02_london_eater_rest,1616,https://london.eater.com/2017/10/16/16481216/marina-oloughlin-tribute-aa-gill-sunday-times-debut-fay-maschler-giles-coren-restaurant-reviews
2,london_eater_rest,02_london_eater_rest,1617,https://london.eater.com/2017/10/16/16482342/japanese-sushi-chain-itsus-vegetarian-sales-doubled-since-2015-vegan-food-trend
2,london_eater_rest,02_london_eater_rest,1618,https://london.eater.com/2017/10/13/16468512/gunpowder-operators-opening-two-new-restaurants-rumour-shoreditch-madame-d-gul-and-sepoy
2,london_eater_rest,02_london_eater_rest,1619,https://london.eater.com/2017/10/12/16464424/berber-q-shawarma-bar-and-friends-food-wine-terroir-series-exmouth-market
2,london_eater_rest,02_london_eater_rest,1620,https://london.eater.com/2017/10/10/16452160/gordon-ramsay-brexit-london-restaurant-food-drink-news
2,london_eater_rest,02_london_eater_rest,1621,https://london.eater.com/2017/10/9/16444988/critic-fay-maschler-serge-et-le-phoque-week-restaurant-reviews-london
2,london_eater_rest,02_london_eater_rest,1622,https://london.eater.com/2017/10/6/16433670/american-bar-savoy-london-worlds-best-bar-2017
2,london_eater_rest,02_london_eater_rest,1623,https://london.eater.com/2017/10/6/16435052/old-spitalfields-market-london-breddos-tacos-berber-q-london-restaurant-street-food-news
2,london_eater_rest,02_london_eater_rest,1624,https://london.eater.com/2017/10/6/16435962/platform1-east-dulwich-london-restaurant-opening-news
2,london_eater_rest,02_london_eater_rest,1625,https://london.eater.com/2017/10/5/16429210/new-chefs-jason-atherton-restaurants-hai-cenato-social-wine-tapas
2,london_eater_rest,02_london_eater_rest,1626,https://london.eater.com/2017/10/5/16429624/chef-henry-harris-cooks-three-london-pubs-clerkenwell-maida-vale-city
2,london_eater_rest,02_london_eater_rest,1627,https://london.eater.com/2017/10/3/16411766/the-wolseley-first-restaurant-notting-hill-london-restaurant-opening
2,london_eater_rest,02_london_eater_rest,1628,https://london.eater.com/2017/9/29/16383342/outlaws-chef-tom-brown-moves-knightsbridge-capital-hotel-new-restaurant-hackney-wick
2,london_eater_rest,02_london_eater_rest,1629,https://london.eater.com/2017/9/28/16378948/vegan-restaurant-wulf-lamb-takes-root-new-opening-in-sloane-square-chelsea-london
2,london_eater_rest,02_london_eater_rest,1630,https://london.eater.com/2017/9/27/16372722/7-brilliant-acts-critic-giles-coren-trashes-chef-adam-handling-in-his-own-restaurant
2,london_eater_rest,02_london_eater_rest,1631,https://london.eater.com/2017/9/26/16368554/gauthier-soho-restaurant-1000-pounds-hiring-bonus-solve-the-chef-shortage
2,london_eater_rest,02_london_eater_rest,1632,https://london.eater.com/2017/9/22/16349076/good-food-society-add-third-restaurant-to-their-portfolio-hovarda-yosma-london-soho
2,london_eater_rest,02_london_eater_rest,1633,https://london.eater.com/2017/9/22/16349408/why-london-small-chains-restaurant-expanding-rapidly-wahaca-jamie-oliver-report
2,london_eater_rest,02_london_eater_rest,1634,https://london.eater.com/2017/9/20/16338190/chef-victor-garvey-brings-catalan-barcelona-restaurant-rambla-to-dean-street-soho
2,london_eater_rest,02_london_eater_rest,1635,https://london.eater.com/2017/9/20/16339060/the-good-egg-crowdfunding-opening-second-tel-aviv-inspired-restaurant-in-soho-london
2,london_eater_rest,02_london_eater_rest,1636,https://london.eater.com/2017/9/20/16339816/soho-pub-the-sun-13-cantons-new-resident-restaurant-oxalis
2,london_eater_rest,02_london_eater_rest,1637,https://london.eater.com/2017/9/19/16332170/sushi-roll-takeaway-music-luke-the-kooks-opening-soho-london-october
2,london_eater_rest,02_london_eater_rest,1638,https://london.eater.com/2017/9/19/16332520/ethically-minded-fast-food-restaurant-chikn-secures-second-site-islington-london
2,london_eater_rest,02_london_eater_rest,1639,https://london.eater.com/2017/9/15/16311474/chef-facing-deportation-receives-award-after-inspiring-others-with-story
2,london_eater_rest,02_london_eater_rest,1640,https://london.eater.com/2017/9/11/16286404/hubris-outstrips-execution-flavour-bastard-fay-maschler-restaurant-reviews
2,london_eater_rest,02_london_eater_rest,1641,https://london.eater.com/2017/9/4/16251282/critic-grace-dent-rigo-restaurant-reviews
2,london_eater_rest,02_london_eater_rest,1642,https://london.eater.com/2017/9/1/16239284/indian-restaurant-gaylord-closed-food-standards-agency
2,london_eater_rest,02_london_eater_rest,1643,https://london.eater.com/2017/8/31/16232368/prison-themed-pop-up-bar-opening-brick-lane-shoreditch
2,london_eater_rest,02_london_eater_rest,1644,https://london.eater.com/2017/8/31/16233532/italian-restaurant-antico-closing
2,london_eater_rest,02_london_eater_rest,1645,https://london.eater.com/2017/8/30/16224900/great-british-bake-off-paul-hollywood-opening-bakery-euston-station
2,london_eater_rest,02_london_eater_rest,1646,https://london.eater.com/2017/8/29/16219472/fay-maschler-clare-smyth-core-three-stars-restaurant-reviews
2,london_eater_rest,02_london_eater_rest,1647,https://london.eater.com/2017/8/23/16188620/palomar-zoe-layo-paskin-details-jacob-the-angel-new-cafe-opening
2,london_eater_rest,02_london_eater_rest,1648,https://london.eater.com/2017/8/21/16177920/marina-oloughlin-fay-maschler-jay-rayner-neo-bistro-london-restaurant-reviews
2,london_eater_rest,02_london_eater_rest,1649,https://london.eater.com/2017/8/21/16177986/stevie-parle-opening-pastaio-new-pasta-restaurant-soho-autumn-london
2,london_eater_rest,02_london_eater_rest,1650,https://london.eater.com/2017/8/17/16160716/the-good-food-guide-released-more-news-london
2,london_eater_rest,02_london_eater_rest,1651,https://london.eater.com/2017/8/16/16156256/summer-restaurant-guide-august-london-soho-shoreditch-mayfair-clerkenwell
2,london_eater_rest,02_london_eater_rest,1652,https://london.eater.com/2017/8/14/16142396/fay-maschler-off-script-restaurant-review-jean-georges-at-the-connaught-london
2,london_eater_rest,02_london_eater_rest,1653,https://london.eater.com/2017/8/14/16142410/former-racine-chef-henry-harris-truscott-arms-london-pub
2,london_eater_rest,02_london_eater_rest,1654,https://london.eater.com/2017/8/11/16130450/caravan-city-restaurant-october-opening-bloomberg
2,london_eater_rest,02_london_eater_rest,1655,https://london.eater.com/2017/8/11/16130800/former-murano-chef-pip-lacey-new-restaurant-london-called-hicce
2,london_eater_rest,02_london_eater_rest,1656,https://london.eater.com/2017/8/8/16111792/salvation-in-noodles-new-restaurant-opening-vietnamese-bbq-notting-hill-london
2,london_eater_rest,02_london_eater_rest,1657,https://london.eater.com/2017/8/7/16105834/grace-dent-nobu-shoreditch-week-london-restaurant-reviews
2,london_eater_rest,02_london_eater_rest,1658,https://london.eater.com/2017/8/4/16089162/tata-eatery-restaurant-dalston-closing
2,london_eater_rest,02_london_eater_rest,1659,https://london.eater.com/2017/8/2/16082424/restaurant-flavour-bastard-is-opening-in-soho-seriously
2,london_eater_rest,02_london_eater_rest,1660,https://london.eater.com/2017/8/1/16069434/ethics-of-reviewing-restaurants-during-soft-opening
2,london_eater_rest,02_london_eater_rest,1661,https://london.eater.com/2017/7/31/16067754/marina-oloughlin-does-like-xu-restaurant-reviews
2,london_eater_rest,02_london_eater_rest,1662,https://london.eater.com/2017/7/31/16067778/ex-chateaubriand-owner-opening-restaurant-fitzrovia
2,london_eater_rest,02_london_eater_rest,1663,https://london.eater.com/2017/7/31/16070256/ryan-chetiyawardana-is-opening-a-restaurant-in-london-september
2,london_eater_rest,02_london_eater_rest,1664,https://london.eater.com/2017/7/28/16054876/meatliquor-are-opening-restaurant-in-kings-cross-plus-more-news
2,london_eater_rest,02_london_eater_rest,1665,https://london.eater.com/2017/7/27/16035406/best-late-night-restaurants-london-though
2,london_eater_rest,02_london_eater_rest,1666,https://london.eater.com/2017/7/27/16049020/m-manze-pie-and-mash-shop-restaurant-in-islington-is-closing
2,london_eater_rest,02_london_eater_rest,1667,https://london.eater.com/2017/7/26/16034178/the-worlds-best-bar-is-coming-to-claridges-london-for-a-week
2,london_eater_rest,02_london_eater_rest,1668,https://london.eater.com/2017/7/25/16024844/108-garage-duo-are-opening-a-second-restaurant-notting-hill-southam-street
2,london_eater_rest,02_london_eater_rest,1669,https://london.eater.com/2017/7/24/16018626/marina-oloughlin-does-not-like-that-ned-restaurant-reviews
2,london_eater_rest,02_london_eater_rest,1670,https://london.eater.com/2017/7/24/16019186/dandelyan-named-worlds-best-cocktail-bar-london
2,london_eater_rest,02_london_eater_rest,1671,https://london.eater.com/2017/7/21/16007772/jean-georges-will-serve-takeaway-pizza-from-new-restaurant-the-connaught-and-more-news
2,london_eater_rest,02_london_eater_rest,1672,https://london.eater.com/2017/7/21/16007870/bruno-loubets-grain-store-restaurant-is-closing
2,london_eater_rest,02_london_eater_rest,1673,https://london.eater.com/2017/7/20/15998370/dishoom-indian-cafe-restaurant-london-queues-padella-borough-market
2,london_eater_rest,02_london_eater_rest,1674,https://london.eater.com/2017/7/20/16003656/a-locals-guide-to-north-east-london-restaurants
2,london_eater_rest,02_london_eater_rest,1675,https://london.eater.com/2017/7/19/15995458/pavilion-bakery-cafe-will-stop-serving-meat
2,london_eater_rest,02_london_eater_rest,1676,https://london.eater.com/2017/7/18/15988146/sam-bryant-is-opening-coal-rooms-restaurant-in-peckham
2,london_eater_rest,02_london_eater_rest,1677,https://london.eater.com/2017/7/14/15946504/marina-o-loughlin-restaurant-critic-times-pubs-wetherspoons-brexit-twitter
2,london_eater_rest,02_london_eater_rest,1678,https://london.eater.com/2017/7/12/15933398/london-vs-nyc-best-city-restaurant-scene
2,london_eater_rest,02_london_eater_rest,1679,https://london.eater.com/2017/7/12/15934718/grace-dent-london-chains-favourite-restaurants-wetherspoons-pret-pizza-express
2,london_eater_rest,02_london_eater_rest,1680,https://london.eater.com/2017/7/11/15933260/gender-diversity-london-restaurant-industry-women-in-food
2,london_eater_rest,02_london_eater_rest,1681,https://london.eater.com/2017/7/11/15950198/restaurant-influencers-social-media-instagram-food-blogs
2,london_eater_rest,02_london_eater_rest,1682,https://london.eater.com/2017/6/28/15888776/eater-london-newsletter-sign-up-restaurant-dining
2,london_eater_rest,02_london_eater_rest,1683,https://london.eater.com/21349244/eat-out-help-out-restaurant-list-london-near-me
2,london_eater_rest,02_london_eater_rest,1684,https://london.eater.com/21377373/eat-out-to-help-out-discount-september-extension-london-restaurants
2,london_eater_rest,02_london_eater_rest,1685,https://london.eater.com/21399037/best-london-restaurant-merch-t-shirt-tote-bag
2,london_eater_rest,02_london_eater_rest,1686,https://london.eater.com/21409952/london-best-vegetarian-restaurant-vanilla-black-permanently-closed-covid-19
2,london_eater_rest,02_london_eater_rest,1687,https://london.eater.com/21418408/best-tacos-london-mexican-sonora-taqueria-hackney-street-food
2,london_eater_rest,02_london_eater_rest,1688,https://london.eater.com/21418452/instagram-food-london-restaurants-strongbow-ad-marketing
2,london_eater_rest,02_london_eater_rest,1689,https://london.eater.com/21422603/eat-out-to-help-out-100-million-restaurants-uk-coronavirus
2,london_eater_rest,02_london_eater_rest,1690,https://london.eater.com/21432172/best-london-restaurant-cookbooks
2,london_eater_rest,02_london_eater_rest,1691,https://london.eater.com/21448710/coronavirus-lockdown-uk-restaurants-closing-case-spike-blame-matt-hancock
2,london_eater_rest,02_london_eater_rest,1692,https://london.eater.com/21452713/coronavirus-curfew-restaurants-bars-10pm-restrictions-uk
2,london_eater_rest,02_london_eater_rest,1693,https://london.eater.com/21452876/restaurants-coronavirus-curfew-closing-10pm-instagram
2,london_eater_rest,02_london_eater_rest,1694,https://london.eater.com/21455623/coronavirus-latest-news-uk-curfew-restaurants-pubs
2,london_eater_rest,02_london_eater_rest,1695,https://london.eater.com/21455992/kyms-restaurant-bloomberg-arcade-andrew-wong-closing
2,london_eater_rest,02_london_eater_rest,1696,https://london.eater.com/21508970/coronavirus-latest-news-restaurants-pubs-uk-government-minister
2,london_eater_rest,02_london_eater_rest,1697,https://london.eater.com/21509358/coronavirus-latest-news-restaurants-pubs-lockdown-restrictions-england
2,london_eater_rest,02_london_eater_rest,1698,https://london.eater.com/21516216/best-fatima-cyber-memes-instagram-food
2,london_eater_rest,02_london_eater_rest,1699,https://london.eater.com/21517389/coronavirus-roadmap-restaurants-pubs-reopening-inside-england-rules
2,london_eater_rest,02_london_eater_rest,1700,https://london.eater.com/21531548/oh-wonder-band-peckham-cafe-nola-coffee
2,london_eater_rest,02_london_eater_rest,1701,https://london.eater.com/21538475/free-school-meals-london-restaurants-half-term-instagram
2,london_eater_rest,02_london_eater_rest,1702,https://london.eater.com/21545503/coronavirus-national-lockdown-england-latest-rules-restaurants-closing-london
2,london_eater_rest,02_london_eater_rest,1703,https://london.eater.com/21549305/london-restaurants-closing-coronavirus-lockdown-november
2,london_eater_rest,02_london_eater_rest,1704,https://london.eater.com/21560861/us-election-results-biden-trump-best-uk-reactions-food-instagram
2,london_eater_rest,02_london_eater_rest,1705,https://london.eater.com/21571138/eataly-nyc-london-food-hall-opening-2021-liverpool-street-station
2,london_eater_rest,02_london_eater_rest,1706,https://london.eater.com/21574844/best-pies-london-restaurants-winter-2020
2,london_eater_rest,02_london_eater_rest,1707,https://london.eater.com/21591287/londons-best-pizza-santa-maria-ealing-new-opening
2,london_eater_rest,02_london_eater_rest,1708,https://london.eater.com/21721354/coronavirus-tiers-england-rules-restaurants-pubs-curfew-household-mixing
2,london_eater_rest,02_london_eater_rest,1709,https://london.eater.com/21722338/coronavirus-tiers-rules-london-restaurants-pubs
2,london_eater_rest,02_london_eater_rest,1710,https://london.eater.com/21726234/coronavirus-spread-restaurants-pubs-evidence-uk
2,london_eater_rest,02_london_eater_rest,1711,https://london.eater.com/21754944/best-advent-calendars-food-drink
2,london_eater_rest,02_london_eater_rest,1712,https://london.eater.com/22158245/coronavirus-roux-fine-dining-restaurant-parliament-square-permanently-closed
2,london_eater_rest,02_london_eater_rest,1713,https://london.eater.com/22162897/londons-best-thai-restaurant-singburi-closed-christmas-hopes-reopen-new-year
2,london_eater_rest,02_london_eater_rest,1714,https://london.eater.com/22163355/coronavirus-uk-news-restaurants-pubs-uk-government-minister-angela-hartnett
2,london_eater_rest,02_london_eater_rest,1715,https://london.eater.com/22167204/london-restaurant-christmas-instagram-dishes
2,london_eater_rest,02_london_eater_rest,1716,https://london.eater.com/22173763/london-tier-3-coronavirus-restaurants-pubs-close
2,london_eater_rest,02_london_eater_rest,1717,https://london.eater.com/22173893/london-tier-3-coronavirus-rules-16-december-restaurants-pubs-closed
2,london_eater_rest,02_london_eater_rest,1718,https://london.eater.com/22173916/uk-coronavirus-lockdown-rules-restaurants-pubs-closed
2,london_eater_rest,02_london_eater_rest,1719,https://london.eater.com/22188434/best-community-restaurants-london-coronavirus-pandemic-2020
2,london_eater_rest,02_london_eater_rest,1720,https://london.eater.com/22188438/best-new-restaurants-london-2020
2,london_eater_rest,02_london_eater_rest,1721,https://london.eater.com/22188447/best-coronavirus-pivots-london-restaurants-2020
2,london_eater_rest,02_london_eater_rest,1722,https://london.eater.com/22194956/biggest-restaurant-food-stories-london-2020
2,london_eater_rest,02_london_eater_rest,1723,https://london.eater.com/22206475/london-restaurants-2020-review-eater-london-coronavirus-pandemic
2,london_eater_rest,02_london_eater_rest,1724,https://london.eater.com/22216874/when-will-coronavirus-lockdown-end-england-restaurants-opening-march
2,london_eater_rest,02_london_eater_rest,1725,https://london.eater.com/22217106/coronavirus-lockdown-england-latest-restaurants-closed-takeaway-in-pictures
2,london_eater_rest,02_london_eater_rest,1726,https://london.eater.com/22224457/when-will-restaurants-pubs-reopen-coronavirus-lockdown
2,london_eater_rest,02_london_eater_rest,1727,https://london.eater.com/22226519/chartwells-food-parcels-free-school-meals-jack-monroe-marcus-rashford
2,london_eater_rest,02_london_eater_rest,1728,https://london.eater.com/22251921/when-does-coronavirus-vat-cut-uk-end-restaurants-pubs
2,london_eater_rest,02_london_eater_rest,1729,https://london.eater.com/22261977/when-will-restaurants-pubs-reopen-after-coronavirus-lockdown-england-roadmap
2,london_eater_rest,02_london_eater_rest,1730,https://london.eater.com/22267915/when-restaurants-pubs-reopen-after-coronavirus-lockdown-substantial-meal-rules-scrapped
2,london_eater_rest,02_london_eater_rest,1731,https://london.eater.com/22272023/when-will-coronavirus-lockdown-end-england-restaurants-reopen-pubs-alcohol
2,london_eater_rest,02_london_eater_rest,1732,https://london.eater.com/22275956/best-chinese-dumplings-london-restaurants
2,london_eater_rest,02_london_eater_rest,1733,https://london.eater.com/22279755/when-will-restaurants-pubs-reopen-coronavirus-lockdown-england
2,london_eater_rest,02_london_eater_rest,1734,https://london.eater.com/22285243/wendys-uk-restaurant-menu-opening-reading-oxford-london
2,london_eater_rest,02_london_eater_rest,1735,https://london.eater.com/22287009/when-will-restaurants-pubs-reopen-after-coronavirus-lockdown-england
2,london_eater_rest,02_london_eater_rest,1736,https://london.eater.com/22289541/when-will-restaurants-pubs-reopen-after-coronavirus-lockdown-england-roadmap
2,london_eater_rest,02_london_eater_rest,1737,https://london.eater.com/22290870/coronavirus-lockdown-roadmap-restaurants-pubs-reopening
2,london_eater_rest,02_london_eater_rest,1738,https://london.eater.com/22290911/covid-vaccine-transmission-data-astra-zeneca-pfizer-restaurants-pubs-reopening-lockdown
2,london_eater_rest,02_london_eater_rest,1739,https://london.eater.com/22298796/when-restaurants-reopen-after-lockdown-best-memes-instagram
2,london_eater_rest,02_london_eater_rest,1740,https://london.eater.com/22300712/restaurant-meal-kits-uk-when-restaurants-reopen-after-lockdown
2,london_eater_rest,02_london_eater_rest,1741,https://london.eater.com/22302728/when-will-restaurants-reopen-after-coronavirus-lockdown-latest-news-eat-out-help-out
2,london_eater_rest,02_london_eater_rest,1742,https://london.eater.com/22321563/salt-bae-restaurant-nusret-london-opening-date-knightsbridge
2,london_eater_rest,02_london_eater_rest,1743,https://london.eater.com/22324881/maine-dubai-restaurant-opening-london-hanover-square-mayfair
2,london_eater_rest,02_london_eater_rest,1744,https://london.eater.com/22331356/eat-out-to-help-out-when-restaurants-reopen-after-lockdown
2,london_eater_rest,02_london_eater_rest,1745,https://london.eater.com/22346106/popeyes-chicken-uk-restaurant-opening
2,london_eater_rest,02_london_eater_rest,1746,https://london.eater.com/22368046/when-will-restaurants-pubs-reopen-coronavirus-lockdown-covid-vaccine-passport
2,london_eater_rest,02_london_eater_rest,1747,https://london.eater.com/22369611/covid-vaccine-passports-england-restaurants-pubs-reopening
2,london_eater_rest,02_london_eater_rest,1748,https://london.eater.com/22375119/restaurants-reopening-pubs-outdoors-covid-lockdown-england
2,london_eater_rest,02_london_eater_rest,1749,https://london.eater.com/22387176/restaurants-and-pubs-reopening-in-london-after-coronavirus-lockdown-in-pictures
2,london_eater_rest,02_london_eater_rest,1750,https://london.eater.com/22387181/restaurants-pubs-open-after-covid-lockdown-england
2,london_eater_rest,02_london_eater_rest,1751,https://london.eater.com/22393472/restaurants-pubs-open-outside-tables-covid-19-england
2,london_eater_rest,02_london_eater_rest,1752,https://london.eater.com/22409442/jollibee-uk-london-menu-opening-restaurants
2,london_eater_rest,02_london_eater_rest,1753,https://london.eater.com/22428404/covid-19-roadmap-restaurants-pubs-reopening-indoors-boris-johnson-announcement
2,london_eater_rest,02_london_eater_rest,1754,https://london.eater.com/22428680/how-brexit-changes-restaurants-food-supply-coronavirus
2,london_eater_rest,02_london_eater_rest,1755,https://london.eater.com/22436374/coronavirus-reopening-news-update-restaurants-pubs-indoors-rule-of-six
2,london_eater_rest,02_london_eater_rest,1756,https://london.eater.com/22440246/restaurants-and-pubs-reopening-inside-after-coronavirus-lockdown-in-pictures
2,london_eater_rest,02_london_eater_rest,1757,https://london.eater.com/22548785/salt-bae-london-restaurant-opening-date
2,london_eater_rest,02_london_eater_rest,1758,https://london.eater.com/22560675/19-july-covid-restrictions-england-lifting-restaurants-pubs-open
2,london_eater_rest,02_london_eater_rest,1759,https://london.eater.com/22563673/coronavirus-restrictions-england-lifting-19-july-restaurants-pubs-masks
2,london_eater_rest,02_london_eater_rest,1760,https://london.eater.com/22573507/jose-pizarro-restaurants-royal-academy-gallery-mayfair-food-drink
2,london_eater_rest,02_london_eater_rest,1761,https://london.eater.com/22573743/coronavirus-restrictions-lifting-england-19-july-social-distancing-masks-restaurants-pubs
2,london_eater_rest,02_london_eater_rest,1762,https://london.eater.com/22578698/covid-guidance-restaurants-pubs-masks-nhs-app-hospitality-strategy
2,london_eater_rest,02_london_eater_rest,1763,https://london.eater.com/22583260/covid-uk-news-restrictions-lifted-social-distancing-masks-restaurants-pubs
2,london_eater_rest,02_london_eater_rest,1764,https://london.eater.com/22637551/gordon-ramsay-restaurants-london-menus-opening-dates
2,london_eater_rest,02_london_eater_rest,1765,https://london.eater.com/22637935/best-lamprais-sri-lankan-food-london-machan-kitchen-croydon
2,london_eater_rest,02_london_eater_rest,1766,https://london.eater.com/22650350/sessions-arts-club-restaurant-london-dining-room-interiors
2,london_eater_rest,02_london_eater_rest,1767,https://london.eater.com/22660621/koya-ko-restaurant-broadway-market-menu-opening-date
2,london_eater_rest,02_london_eater_rest,1768,https://london.eater.com/22683556/salt-bae-london-restaurant-opening-date-nusret-park-tower-knightsbridge
2,london_eater_rest,02_london_eater_rest,1769,https://london.eater.com/22689894/popeyes-chicken-uk-restaurant-menu-opening-westfield-stratford
2,london_eater_rest,02_london_eater_rest,1770,https://london.eater.com/22716051/decatur-gumbo-louisiana-history-london-restaurant-dishes
2,london_eater_rest,02_london_eater_rest,1771,https://london.eater.com/22722263/toklas-restaurant-bakery-frieze-surrey-street
2,london_eater_rest,02_london_eater_rest,1772,https://london.eater.com/22736348/ritas-soho-restaurant-menu-opening-date-missy-flynn-gabe-pryce
2,london_eater_rest,02_london_eater_rest,1773,https://london.eater.com/22807963/popeyes-chicken-uk-restaurant-opening-london
2,london_eater_rest,02_london_eater_rest,1774,https://london.eater.com/22837290/omicron-variant-restrictions-restaurants-pubs-christmas
2,london_eater_rest,02_london_eater_rest,1775,https://london.eater.com/22839305/best-london-restaurants-2021-standbys
2,london_eater_rest,02_london_eater_rest,1776,https://london.eater.com/22839306/best-and-worst-food-moments-of-2021
2,london_eater_rest,02_london_eater_rest,1777,https://london.eater.com/22839314/best-worst-tweets-2021-food
2,london_eater_rest,02_london_eater_rest,1778,https://london.eater.com/22839318/best-new-restaurants-london-2021
2,london_eater_rest,02_london_eater_rest,1779,https://london.eater.com/22841022/omicron-restaurants-closing-rishi-sunak-financial-support
2,london_eater_rest,02_london_eater_rest,1780,https://london.eater.com/22868192/london-restaurants-review-2021
2,london_eater_rest,02_london_eater_rest,1781,https://london.eater.com/22965755/towpath-cafe-london-menu-opening-hours
2,london_eater_rest,02_london_eater_rest,1782,https://london.eater.com/22965763/arcade-food-hall-restaurants-plaza-khao-gaeng-luke-farrell-thai-food
2,london_eater_rest,02_london_eater_rest,1783,https://london.eater.com/22968912/arcade-food-hall-restaurants-bebek-bebek
2,london_eater_rest,02_london_eater_rest,1784,https://london.eater.com/22988912/arcade-food-hall-restaurants-london
2,london_eater_rest,02_london_eater_rest,1785,https://london.eater.com/22992755/rishi-sunak-spring-statement-vat-rise-restaurants-pubs
2,london_eater_rest,02_london_eater_rest,1786,https://london.eater.com/22994231/thomas-straker-tiktok-chef-london-restaurant-strakers-notting-hill
2,london_eater_rest,02_london_eater_rest,1787,https://london.eater.com/23006041/gordon-ramsay-future-food-stars-review
2,london_eater_rest,02_london_eater_rest,1788,https://london.eater.com/23013295/chishuru-restaurant-brixton-chef-joke-bakare
2,london_eater_rest,02_london_eater_rest,1789,https://london.eater.com/23031807/arcade-food-hall-opening-menu-centre-point
2,london_eater_rest,02_london_eater_rest,1790,https://london.eater.com/23063304/al-fresco-dining-laws-uk-permanent-outdoor-restaurants-covid-19
2,london_eater_rest,02_london_eater_rest,1791,https://london.eater.com/23148223/platinum-jubilee-events-restaurants-pubs
2,london_eater_rest,02_london_eater_rest,1792,https://london.eater.com/23170741/park-royal-london-food-restaurants-elizabeth-line-hs2
2,london_eater_rest,02_london_eater_rest,1793,https://london.eater.com/23189424/blank-street-coffee-london-cafes
2,london_eater_rest,02_london_eater_rest,1794,https://london.eater.com/23191069/london-food-festivals-events-guide-2022
2,london_eater_rest,02_london_eater_rest,1795,https://london.eater.com/23198039/rishi-sunak-furlough-eat-out-help-out-covid-19-restaurants
2,london_eater_rest,02_london_eater_rest,1796,https://london.eater.com/23268635/worlds-50-best-restaurant-list-london-ikoyi-clove-club
2,london_eater_rest,02_london_eater_rest,1797,https://london.eater.com/23342465/energy-bills-businesses-liz-truss-announcement-restaurants-pubs
2,london_eater_rest,02_london_eater_rest,1798,https://london.eater.com/23459841/darjeeling-express-restaurant-asma-khan-london-kingly-court-menu-opening-date
2,london_eater_rest,02_london_eater_rest,1799,https://london.eater.com/23509152/best-christmas-wine-guide-sparkling-white-red-orange
2,london_eater_rest,02_london_eater_rest,1800,https://london.eater.com/23510659/best-worst-food-culture-moments-2022
2,london_eater_rest,02_london_eater_rest,1801,https://london.eater.com/23510665/biggest-restaurant-food-stories-2022
2,london_eater_rest,02_london_eater_rest,1802,https://london.eater.com/23510848/london-christmas-food-guide
2,london_eater_rest,02_london_eater_rest,1803,https://london.eater.com/23512495/instagram-restaurants-london-food-aesthetic-vibe-shift
2,london_eater_rest,02_london_eater_rest,1804,https://london.eater.com/23558573/akub-restaurant-notting-hill-fadi-kattan-palestinian-food-london
2,london_eater_rest,02_london_eater_rest,1805,https://london.eater.com/2023/1/20/23563722/joannas-restaurant-crystal-palace-triangle-closed
2,london_eater_rest,02_london_eater_rest,1806,https://london.eater.com/2023/1/20/23563778/pavilion-bakery-mentmore-studios-menu
2,london_eater_rest,02_london_eater_rest,1807,https://london.eater.com/2023/1/19/23562488/scottis-snack-bar-clerkenwell-green-redevelopment
2,london_eater_rest,02_london_eater_rest,1808,https://london.eater.com/2023/1/17/23558551/toba-indonesian-restaurant-london-pinos-warung-camden-market
2,london_eater_rest,02_london_eater_rest,1809,https://london.eater.com/2023/1/17/23558578/caviar-kaspia-london-private-members-dining-clubs
2,london_eater_rest,02_london_eater_rest,1810,https://london.eater.com/2023/1/16/23557375/pizza-east-restaurants-london-shoreditch-notting-hill-closed
2,london_eater_rest,02_london_eater_rest,1811,https://london.eater.com/2023/1/16/23557416/kopichadim-brick-lane-malaysian-cafe-london
2,london_eater_rest,02_london_eater_rest,1812,https://london.eater.com/2023/1/11/23549822/next-level-chef-gordon-ramsay-itv
2,london_eater_rest,02_london_eater_rest,1813,https://london.eater.com/2023/1/11/23550164/adam-hills-last-leg-london-restaurant-freak-scene-scott-hallsworth
2,london_eater_rest,02_london_eater_rest,1814,https://london.eater.com/2023/1/10/23547952/noble-rot-restaurant-mayfair-shepherd-market
2,london_eater_rest,02_london_eater_rest,1815,https://london.eater.com/2023/1/3/23536828/roti-joupa-trinidadian-restaurant-london-clapham-junction
2,london_eater_rest,02_london_eater_rest,1816,https://london.eater.com/2022/12/22/23510684/homies-on-donkeys-walthamstow-closing
2,london_eater_rest,02_london_eater_rest,1817,https://london.eater.com/2022/12/15/23510780/erics-bakery-east-dulwich-helen-evans-flor
2,london_eater_rest,02_london_eater_rest,1818,https://london.eater.com/2022/12/12/23505233/quo-vadis-expansion-soho-restaurants-costs
2,london_eater_rest,02_london_eater_rest,1819,https://london.eater.com/2022/12/7/23497982/sarap-restaurant-london-budgie-montoya-carnaby
2,london_eater_rest,02_london_eater_rest,1820,https://london.eater.com/2022/11/30/23485769/equal-parts-bar-hackney-road-sager-and-wilde
2,london_eater_rest,02_london_eater_rest,1821,https://london.eater.com/2022/11/28/23481695/london-restaurant-crowdfund-sonora-ombra-sarap
2,london_eater_rest,02_london_eater_rest,1822,https://london.eater.com/2022/11/24/23476610/bancone-pasta-restaurants-london-expanding
2,london_eater_rest,02_london_eater_rest,1823,https://london.eater.com/2022/11/22/23438560/eater-talks-one-hundred-shoreditch-london-food-events
2,london_eater_rest,02_london_eater_rest,1824,https://london.eater.com/2022/11/14/23457630/anglothai-john-chantarasak-restaurant-fitzrovia
2,london_eater_rest,02_london_eater_rest,1825,https://london.eater.com/2022/11/10/23449435/pump-street-bakery-london-pop-up-christmas-2022
2,london_eater_rest,02_london_eater_rest,1826,https://london.eater.com/2022/11/9/23447443/jks-restaurants-hoppers-qatar-world-cup
2,london_eater_rest,02_london_eater_rest,1827,https://london.eater.com/2022/11/3/23438324/darjeeling-express-restaurant-asma-khan-new-location
2,london_eater_rest,02_london_eater_rest,1828,https://london.eater.com/2022/11/1/23432942/qima-coffee-warren-street-london-yemeni-specialty-coffee
2,london_eater_rest,02_london_eater_rest,1829,https://london.eater.com/2022/11/1/23434886/jason-atherton-restaurants-london-impact-brexit-staffing
2,london_eater_rest,02_london_eater_rest,1830,https://london.eater.com/2022/10/31/23432391/sonora-taqueria-mexican-restaurant-stoke-newington
2,london_eater_rest,02_london_eater_rest,1831,https://london.eater.com/2022/10/21/23416183/jen-cafe-chinatown-permanently-closed
2,london_eater_rest,02_london_eater_rest,1832,https://london.eater.com/2022/10/20/23414153/tories-suella-braverman-wokerati-tofu-2022-food-trends
2,london_eater_rest,02_london_eater_rest,1833,https://london.eater.com/2022/10/20/23414191/ghost-kitchen-restaurant-london-peckwater-brands-kingsland-road
2,london_eater_rest,02_london_eater_rest,1834,https://london.eater.com/2022/10/18/23410535/maresco-soho-seafood-restaurant-escocesa-stoke-newington
2,london_eater_rest,02_london_eater_rest,1835,https://london.eater.com/2022/10/11/23398164/salvatore-calabrese-martinis-connaught-bar-london
2,london_eater_rest,02_london_eater_rest,1836,https://london.eater.com/2022/10/10/23396397/blank-street-coffee-london-over-under-coffee
2,london_eater_rest,02_london_eater_rest,1837,https://london.eater.com/2022/10/7/23391115/racines-london-henry-harris-opening-three-compasses
2,london_eater_rest,02_london_eater_rest,1838,https://london.eater.com/2022/10/5/23388774/stellas-hill-and-szrok-system-listening-bar-gen-z
2,london_eater_rest,02_london_eater_rest,1839,https://london.eater.com/2022/10/4/23385258/officina-00-pasta-old-street-opening-fitzrovia
2,london_eater_rest,02_london_eater_rest,1840,https://london.eater.com/2022/10/3/23385107/lighthaus-cafe-permanently-closed-leyton
2,london_eater_rest,02_london_eater_rest,1841,https://london.eater.com/2022/9/14/23350701/jims-cafe-chatsworth-road-hackney-permanently-closed
2,london_eater_rest,02_london_eater_rest,1842,https://london.eater.com/2022/9/7/23340654/chets-kris-yenbamroong-london-thai-restaurant-hoxton-shepherds-bush
2,london_eater_rest,02_london_eater_rest,1843,https://london.eater.com/2022/9/5/23337647/otto-pasta-restaurant-piccadilly-phil-howard
2,london_eater_rest,02_london_eater_rest,1844,https://london.eater.com/2022/9/1/23332586/sonora-tacos-london-mexa-arcade-food-hall-centre-point
2,london_eater_rest,02_london_eater_rest,1845,https://london.eater.com/2022/8/25/23321512/sons-daughters-sandwiches-london-borough-market-food
2,london_eater_rest,02_london_eater_rest,1846,https://london.eater.com/2022/8/24/23319607/dorian-restaurant-notting-hill-supermarket-of-dreams
2,london_eater_rest,02_london_eater_rest,1847,https://london.eater.com/2022/8/22/23313234/darjeeling-express-restaurant-london-asma-khan-pop-up-pembroke
2,london_eater_rest,02_london_eater_rest,1848,https://london.eater.com/2022/8/17/23309958/p-franco-clapton-menu-chef-hours
2,london_eater_rest,02_london_eater_rest,1849,https://london.eater.com/2022/8/15/23306080/casa-do-frango-restaurant-london-heddon-street
2,london_eater_rest,02_london_eater_rest,1850,https://london.eater.com/2022/8/10/23299695/arcade-food-hall-battersea-power-station
2,london_eater_rest,02_london_eater_rest,1851,https://london.eater.com/2022/8/4/23291308/cycene-restaurant-blue-mountain-school-shoreditch
2,london_eater_rest,02_london_eater_rest,1852,https://london.eater.com/2022/8/4/23291310/the-laughing-heart-london-restaurant-closed
2,london_eater_rest,02_london_eater_rest,1853,https://london.eater.com/2022/8/3/23290127/xian-biang-biang-noodles-covent-garden-restaurant
2,london_eater_rest,02_london_eater_rest,1854,https://london.eater.com/2022/8/2/23287095/alpino-cafe-chapel-market-moving-london-caffs
2,london_eater_rest,02_london_eater_rest,1855,https://london.eater.com/2022/8/2/23288444/elis-restaurant-bethnal-green-rafael-cagali-da-terra-town-hall-hotel
2,london_eater_rest,02_london_eater_rest,1856,https://london.eater.com/2022/7/25/23277130/restaurant-closures-covid-19-crisis-price-rises-brexit
2,london_eater_rest,02_london_eater_rest,1857,https://london.eater.com/2022/7/21/23272741/alberto-landgraf-oteque-bossa-london-restaurant-oxford-street
2,london_eater_rest,02_london_eater_rest,1858,https://london.eater.com/2022/7/14/23205174/cadet-wine-bar-newington-green-beattie-roberts-george-jephson-jamie-smart
2,london_eater_rest,02_london_eater_rest,1859,https://london.eater.com/2022/7/13/23205589/speedboat-thai-restaurant-london-luke-farrell-jks-chinatown-plaza-khao-gaeng
2,london_eater_rest,02_london_eater_rest,1860,https://london.eater.com/2022/7/13/23207002/best-natural-wine-list-eater-london-raw
2,london_eater_rest,02_london_eater_rest,1861,https://london.eater.com/2022/7/12/23205029/scotts-restaurant-richmond-seafood-richard-caring
2,london_eater_rest,02_london_eater_rest,1862,https://london.eater.com/2022/7/12/23205337/sonora-tacos-london-closing-netil-market
2,london_eater_rest,02_london_eater_rest,1863,https://london.eater.com/2022/7/8/23196449/miro-restaurant-mayfair-caviar-chest-toby-burrowes
2,london_eater_rest,02_london_eater_rest,1864,https://london.eater.com/2022/7/5/23195048/kiln-restaurant-london-pop-up-samuay-sons-100-malaseth-bangkok
2,london_eater_rest,02_london_eater_rest,1865,https://london.eater.com/2022/7/1/23191236/st-john-restaurant-marylebone-menu-fergus-henderson
2,london_eater_rest,02_london_eater_rest,1866,https://london.eater.com/2022/6/29/23187870/forza-win-restaurant-camberwell
2,london_eater_rest,02_london_eater_rest,1867,https://london.eater.com/2022/6/27/23184530/joy-king-lau-chinatown-closing
2,london_eater_rest,02_london_eater_rest,1868,https://london.eater.com/2022/6/24/23180236/miznon-restaurant-london-eyal-shani-pita
2,london_eater_rest,02_london_eater_rest,1869,https://london.eater.com/2022/6/21/23176908/restaurant-eline-rosewood-building-haggerston
2,london_eater_rest,02_london_eater_rest,1870,https://london.eater.com/2022/6/16/23170748/central-london-restaurant-property-shaftesbury-capco
2,london_eater_rest,02_london_eater_rest,1871,https://london.eater.com/2022/6/15/23168975/rambutan-restaurant-borough-market-sri-lankan-cynthia-shanmugalingam
2,london_eater_rest,02_london_eater_rest,1872,https://london.eater.com/2022/6/13/23165529/calum-franklin-pies-holborn-dining-room
2,london_eater_rest,02_london_eater_rest,1873,https://london.eater.com/2022/6/13/23165559/tendril-vegan-restaurant-residency-mayfair-london
2,london_eater_rest,02_london_eater_rest,1874,https://london.eater.com/2022/6/10/23162419/new-pan-african-restaurant-open-southwark-sumer-akwasi-brenya-mensa
2,london_eater_rest,02_london_eater_rest,1875,https://london.eater.com/2022/6/9/23160955/marylebone-wine-bar-vinoteca-permanently-closed
2,london_eater_rest,02_london_eater_rest,1876,https://london.eater.com/2022/6/8/23156170/popoeyes-fried-chicken-uk-expansion-opening-essex
2,london_eater_rest,02_london_eater_rest,1877,https://london.eater.com/2022/6/7/23156562/boris-johnson-vote-confidence-tory-leadership-hackney-restaurant-morito
2,london_eater_rest,02_london_eater_rest,1878,https://london.eater.com/2022/6/6/23156079/aime-leon-dore-london-cafe-soho-teddy-santis-bukayo-saka
2,london_eater_rest,02_london_eater_rest,1879,https://london.eater.com/2022/5/24/23138372/lucky-buns-burgers-washington-dc-london-restaurant-pop-up-carousel
2,london_eater_rest,02_london_eater_rest,1880,https://london.eater.com/2022/5/20/23132104/chets-kris-yenbamroong-london-thai-restaurant
2,london_eater_rest,02_london_eater_rest,1881,https://london.eater.com/2022/5/18/23100427/bando-belly-peckham-levels-restaurant-fire
2,london_eater_rest,02_london_eater_rest,1882,https://london.eater.com/2022/5/18/23119378/best-hidden-london-winebars-furanxo-provisions
2,london_eater_rest,02_london_eater_rest,1883,https://london.eater.com/2022/5/17/23095880/wood-wharf-restaurants-canary-wharf
2,london_eater_rest,02_london_eater_rest,1884,https://london.eater.com/2022/5/16/23069150/ong-ong-buns-bakery-london-bethnal-green-seven-dials-market
2,london_eater_rest,02_london_eater_rest,1885,https://london.eater.com/2022/5/13/23070261/bauru-supper-club-london-keshia-sakarah-caribe-restaurant-brixton
2,london_eater_rest,02_london_eater_rest,1886,https://london.eater.com/2022/5/12/23068247/milk-beach-restaurant-menu-soho-ilona-rose-house
2,london_eater_rest,02_london_eater_rest,1887,https://london.eater.com/2022/5/6/23059722/mambow-malaysian-restaurant-abby-lee-market-peckham
2,london_eater_rest,02_london_eater_rest,1888,https://london.eater.com/2022/5/6/23059737/restaurant-tips-law-uk-scrapped
2,london_eater_rest,02_london_eater_rest,1889,https://london.eater.com/2022/5/5/23058237/borough-yards-restaurants-burger-and-beyond
2,london_eater_rest,02_london_eater_rest,1890,https://london.eater.com/2022/5/4/23056546/napoli-gang-pizza-big-mamma-restaurants-london-gloria-circolo-popolare
2,london_eater_rest,02_london_eater_rest,1891,https://london.eater.com/2022/5/3/23054841/black-bear-burger-exmouth-market-restaurants
2,london_eater_rest,02_london_eater_rest,1892,https://london.eater.com/2022/4/28/23046112/lino-restaurant-queens-park-lonsdale-road-carmel-milk-beach
2,london_eater_rest,02_london_eater_rest,1893,https://london.eater.com/2022/4/25/23040955/sichuan-fry-dumpling-shack-restaurant-london-fields
2,london_eater_rest,02_london_eater_rest,1894,https://london.eater.com/2022/4/22/23033699/din-tai-fung-restaurant-london-centre-point
2,london_eater_rest,02_london_eater_rest,1895,https://london.eater.com/2022/4/22/23035253/akub-restaurant-london-fadi-kattan-fawda-restaurant-palestine
2,london_eater_rest,02_london_eater_rest,1896,https://london.eater.com/2022/4/22/23037258/corbin-and-king-restaurants-new-minor-international
2,london_eater_rest,02_london_eater_rest,1897,https://london.eater.com/2022/4/19/23031686/mr-ji-restaurant-camden-tata-eatery
2,london_eater_rest,02_london_eater_rest,1898,https://london.eater.com/2022/4/19/23031690/new-restaurants-on-market-landlords-during-covid-19
2,london_eater_rest,02_london_eater_rest,1899,https://london.eater.com/2022/4/13/23021862/veraison-wines-camberwell-wine-shop-bar
2,london_eater_rest,02_london_eater_rest,1900,https://london.eater.com/2022/3/31/23004466/ong-ong-buns-bakery-london-seven-dials-market
2,london_eater_rest,02_london_eater_rest,1901,https://london.eater.com/2022/3/30/23003116/pophams-bakery-menu-victoria-park
2,london_eater_rest,02_london_eater_rest,1902,https://london.eater.com/2022/3/23/22992917/pump-street-bakery-chocolate-london-pop-up-shoreditch
2,london_eater_rest,02_london_eater_rest,1903,https://london.eater.com/2022/3/22/22990647/gordon-ramsay-restaurants-covid-crap
2,london_eater_rest,02_london_eater_rest,1904,https://london.eater.com/2022/3/21/22987889/kiraku-japanese-restaurant-ealing-new-owner-hiden-curry-kings-cross
2,london_eater_rest,02_london_eater_rest,1905,https://london.eater.com/2022/3/21/22988731/asma-khan-darjeeling-express-restaurant-london-new-location
2,london_eater_rest,02_london_eater_rest,1906,https://london.eater.com/2022/3/18/22981229/l-manze-walthamstow-closing-pie-and-mash-london
2,london_eater_rest,02_london_eater_rest,1907,https://london.eater.com/2022/3/17/22982704/corbin-and-king-restaurants-minor-international
2,london_eater_rest,02_london_eater_rest,1908,https://london.eater.com/2022/3/11/22972581/burger-king-plant-based-restaurant-flagship-leicester-square
2,london_eater_rest,02_london_eater_rest,1909,https://london.eater.com/2022/3/10/22970469/lalaland-shoreditch-food-market-traders-dinearama-great-eastern-street
2,london_eater_rest,02_london_eater_rest,1910,https://london.eater.com/2022/3/10/22970536/cavita-mexican-restaurant-marylebone-menu
2,london_eater_rest,02_london_eater_rest,1911,https://london.eater.com/2022/3/9/22968588/gen-z-killing-british-food-jellied-eels
2,london_eater_rest,02_london_eater_rest,1912,https://london.eater.com/2022/3/3/22958058/noci-restaurant-islington-green-pasta
2,london_eater_rest,02_london_eater_rest,1913,https://london.eater.com/2022/3/3/22959634/busi-london-coffee-shop-closed
2,london_eater_rest,02_london_eater_rest,1914,https://london.eater.com/2022/2/28/22954438/deliveroo-first-real-restaurant-pizza-paradiso-london
2,london_eater_rest,02_london_eater_rest,1915,https://london.eater.com/2022/2/28/22954448/big-mamma-london-restaurant-openng-kensington-gloria-circolo-ave-mario
2,london_eater_rest,02_london_eater_rest,1916,https://london.eater.com/2022/2/22/22945408/living-with-covid-uk-government-plan-boris-johnson-london-restaurants
2,london_eater_rest,02_london_eater_rest,1917,https://london.eater.com/2022/2/21/22944158/battersea-power-station-new-restaurants-open-gordon-ramsay
2,london_eater_rest,02_london_eater_rest,1918,https://london.eater.com/2022/2/21/22944484/richard-caring-caprice-bacchanalia-new-restaurant-mayfair
2,london_eater_rest,02_london_eater_rest,1919,https://london.eater.com/2022/2/18/22939206/mao-chow-hackney-new-restaurant-facing-heaven
2,london_eater_rest,02_london_eater_rest,1920,https://london.eater.com/2022/2/8/22921871/richard-caring-corbin-and-king-restaurants-sale-minor-international
2,london_eater_rest,02_london_eater_rest,1921,https://london.eater.com/2022/2/7/22921417/berenjak-borough-market-jks-restaurants-kian-samyani
2,london_eater_rest,02_london_eater_rest,1922,https://london.eater.com/2022/2/7/22921438/casa-do-frango-menu-heddon-street-piri-piri-chicken-restaurant-london
2,london_eater_rest,02_london_eater_rest,1923,https://london.eater.com/2022/2/7/22921736/hawkers-kitchen-malaysian-roti-restaurant-expansion
2,london_eater_rest,02_london_eater_rest,1924,https://london.eater.com/2022/1/31/22910146/flor-restaurant-borough-market-asap-pizza-pam-yung
2,london_eater_rest,02_london_eater_rest,1925,https://london.eater.com/2022/1/31/22910636/corbin-and-king-restaurants-richard-caring-minor-international
2,london_eater_rest,02_london_eater_rest,1926,https://london.eater.com/2022/1/25/22901068/corbin-and-king-london-restaurants-administration
2,london_eater_rest,02_london_eater_rest,1927,https://london.eater.com/2022/1/24/22898879/black-swan-yard-cafe-bermondsey-reopening
2,london_eater_rest,02_london_eater_rest,1928,https://london.eater.com/2022/1/18/22889172/brat-tomos-parry-new-restaurant-soho
2,london_eater_rest,02_london_eater_rest,1929,https://london.eater.com/2022/1/18/22889192/with-milk-tottenham-frog-bakery-camberwell
2,london_eater_rest,02_london_eater_rest,1930,https://london.eater.com/2022/1/17/22870041/p-franco-menu-chef-meedu-saad-kiln
2,london_eater_rest,02_london_eater_rest,1931,https://london.eater.com/2022/1/10/22876233/gordon-ramsay-tv-show-future-food-stars
2,london_eater_rest,02_london_eater_rest,1932,https://london.eater.com/2022/1/5/22868195/dumpling-shack-spitalfields-new-restaurant-london-fields
2,london_eater_rest,02_london_eater_rest,1933,https://london.eater.com/2022/1/4/22866414/aragawa-kobe-beef-restaurant-mayfair-london
2,london_eater_rest,02_london_eater_rest,1934,https://london.eater.com/2021/12/21/22847983/rishi-sunak-covid-grants-restaurants-omicron-christmas-2021
2,london_eater_rest,02_london_eater_rest,1935,https://london.eater.com/2021/12/20/22846215/mauro-colagreco-mirazur-london-restaurant-raffles-old-war-office
2,london_eater_rest,02_london_eater_rest,1936,https://london.eater.com/2021/12/1/22811751/seafood-restaurant-shoreditch-hotel-goddard-gibbs-ace-hotel-hoi-polloi
2,london_eater_rest,02_london_eater_rest,1937,https://london.eater.com/2021/11/29/22807855/richard-corrigan-new-london-restaurant-camden-hawley-wharf
2,london_eater_rest,02_london_eater_rest,1938,https://london.eater.com/2021/11/24/22798785/chiltern-firehouse-celebrity-london-restaurant-nuno-mendes-departure
2,london_eater_rest,02_london_eater_rest,1939,https://london.eater.com/2021/11/23/22798245/nuno-mendes-lisboeta-charlotte-street-new-london-restaurant
2,london_eater_rest,02_london_eater_rest,1940,https://london.eater.com/2021/11/15/22783169/blacklock-steak-restaurant-covent-garden
2,london_eater_rest,02_london_eater_rest,1941,https://london.eater.com/2021/11/8/22769784/corbin-and-king-restaurants-london-minor-hotels
2,london_eater_rest,02_london_eater_rest,1942,https://london.eater.com/2021/11/4/22763005/plant-based-food-alliance-alpro-oatly-flora-vegan-food
2,london_eater_rest,02_london_eater_rest,1943,https://london.eater.com/2021/10/27/22748289/sarap-filipino-restaurant-budgie-montoya-heddon-street
2,london_eater_rest,02_london_eater_rest,1944,https://london.eater.com/2021/10/19/22734789/wander-restaurant-stoke-newington-home-office-visa-rules
2,london_eater_rest,02_london_eater_rest,1945,https://london.eater.com/2021/10/18/22732352/great-feast-old-selfridges-hotel-london-food-events-christmas-2021
2,london_eater_rest,02_london_eater_rest,1946,https://london.eater.com/2021/10/14/22725995/wolseley-restaurant-london-corbin-king-international
2,london_eater_rest,02_london_eater_rest,1947,https://london.eater.com/2021/10/8/22716120/langans-brasserie-restaurant-mayfair-reopening
2,london_eater_rest,02_london_eater_rest,1948,https://london.eater.com/2021/10/7/22714441/carls-jr-menu-restaurant-london
2,london_eater_rest,02_london_eater_rest,1949,https://london.eater.com/2021/9/30/22701925/alhaji-suya-menu-london-restaurant-walworth-road
2,london_eater_rest,02_london_eater_rest,1950,https://london.eater.com/2021/9/30/22702093/when-furlough-ends-uk-jobs-restaurants
2,london_eater_rest,02_london_eater_rest,1951,https://london.eater.com/2021/9/29/22698589/planque-wine-restaurant-haggerston-london
2,london_eater_rest,02_london_eater_rest,1952,https://london.eater.com/2021/9/28/22698010/bulldozer-group-restaurants-dover-street-mayfair
2,london_eater_rest,02_london_eater_rest,1953,https://london.eater.com/2021/9/27/22696014/christmas-food-shortages-brexit-worker-visas
2,london_eater_rest,02_london_eater_rest,1954,https://london.eater.com/2021/9/24/22691194/bloomberg-arcade-restaurants-lina-stores
2,london_eater_rest,02_london_eater_rest,1955,https://london.eater.com/2021/9/22/22687524/pret-a-manger-cafes-subscription-expansion
2,london_eater_rest,02_london_eater_rest,1956,https://london.eater.com/2021/9/20/22684200/lina-stores-london-restaurant-clapham
2,london_eater_rest,02_london_eater_rest,1957,https://london.eater.com/2021/9/9/22664347/peg-restaurant-london-menu-reopening
2,london_eater_rest,02_london_eater_rest,1958,https://london.eater.com/2021/9/8/22662245/hawksmoor-restaurant-new-york-steakhouse
2,london_eater_rest,02_london_eater_rest,1959,https://london.eater.com/2021/8/27/22642753/brexit-supermarket-food-shortages-england
2,london_eater_rest,02_london_eater_rest,1960,https://london.eater.com/2021/8/25/22640835/claude-bosi-new-restaurant-mayfair-1-grosvenor-square-restaurant
2,london_eater_rest,02_london_eater_rest,1961,https://london.eater.com/2021/8/24/22639209/marco-pierre-white-new-london-restaurant-leicester-square
2,london_eater_rest,02_london_eater_rest,1962,https://london.eater.com/2021/8/18/22630357/nandos-restaurant-closures-chicken-shortage-brexit-covid
2,london_eater_rest,02_london_eater_rest,1963,https://london.eater.com/2021/8/17/22628516/mamasons-dirty-ice-cream-westfield-restaurants
2,london_eater_rest,02_london_eater_rest,1964,https://london.eater.com/2021/8/17/22628898/stevie-parle-pasta-lockdown-new-restaurant-marylebone
2,london_eater_rest,02_london_eater_rest,1965,https://london.eater.com/2021/8/16/22623298/beavertown-beer-new-pub-the-corner-pin-tottenham
2,london_eater_rest,02_london_eater_rest,1966,https://london.eater.com/2021/8/12/22621418/wolseley-restaurant-london-unpaid-rent-covid-19
2,london_eater_rest,02_london_eater_rest,1967,https://london.eater.com/2021/8/5/22610890/new-pizza-opening-east-london-bocca-bocca-leytonstone
2,london_eater_rest,02_london_eater_rest,1968,https://london.eater.com/2021/8/4/22607472/balady-london-best-falafel-leather-lane
2,london_eater_rest,02_london_eater_rest,1969,https://london.eater.com/2021/8/3/22583231/noble-rot-wine-shop-opening-lambs-conduit-street
2,london_eater_rest,02_london_eater_rest,1970,https://london.eater.com/2021/8/2/22605783/koya-london-new-restaurant-broadway-market-japanese-udon
2,london_eater_rest,02_london_eater_rest,1971,https://london.eater.com/2021/7/30/22601504/santo-remedio-restaurant-shoreditch-edson-diaz-fuentes
2,london_eater_rest,02_london_eater_rest,1972,https://london.eater.com/2021/7/29/22599585/new-london-restaurants-2021-russell-norman-brutto-brindisa-tapas
2,london_eater_rest,02_london_eater_rest,1973,https://london.eater.com/2021/7/26/22594369/vasco-pieros-restaurant-soho-new-space-darblay-street
2,london_eater_rest,02_london_eater_rest,1974,https://london.eater.com/2021/7/20/22584892/elliots-restaurant-hackney-mare-street-borough-market
2,london_eater_rest,02_london_eater_rest,1975,https://london.eater.com/2021/7/16/22579823/supermarket-restaurants-boparan-sainsburys-giraffe-gourmet-burger-kitchen
2,london_eater_rest,02_london_eater_rest,1976,https://london.eater.com/2021/7/14/22576795/fiend-restaurant-notting-hill-chris-denney-108-garage
2,london_eater_rest,02_london_eater_rest,1977,https://london.eater.com/2021/7/9/22569794/watch-euro-2020-final-italy-england-italian-restaurant-ombra-hackney
2,london_eater_rest,02_london_eater_rest,1978,https://london.eater.com/2021/7/8/22568139/market-halls-reopening-london-food-hall-fulham-victoria-west-end
2,london_eater_rest,02_london_eater_rest,1979,https://london.eater.com/2021/7/6/22564784/3-henrietta-street-covent-garden-restaurant-mark-greenaway-gentlemen-baristas-luis-pous-takoy
2,london_eater_rest,02_london_eater_rest,1980,https://london.eater.com/2021/7/1/22558795/best-wine-london-lockdown-shop-top-cuvee-bethnal-green
2,london_eater_rest,02_london_eater_rest,1981,https://london.eater.com/2021/6/21/22543299/santa-maria-pizza-ealing-new-london-restaurant-islington
2,london_eater_rest,02_london_eater_rest,1982,https://london.eater.com/2021/6/16/22536409/restaurants-rent-debt-crisis-boris-johnson-ban-evictions-2022
2,london_eater_rest,02_london_eater_rest,1983,https://london.eater.com/2021/6/15/22534654/dandy-restaurant-bermondsey-dan-wilson-andrew-leitch
2,london_eater_rest,02_london_eater_rest,1984,https://london.eater.com/2021/6/14/22533184/london-restaurants-rent-debt-landlords-government
2,london_eater_rest,02_london_eater_rest,1985,https://london.eater.com/2021/6/9/22525776/summer-by-the-river-festival-london-bridge-food-drink-restaurantsbars
2,london_eater_rest,02_london_eater_rest,1986,https://london.eater.com/2021/6/4/22518327/sadiq-khan-major-staffing-shortage-london-restaurants-covid-brexit
2,london_eater_rest,02_london_eater_rest,1987,https://london.eater.com/2021/6/3/22466363/london-original-natural-wine-bar-permanently-closed-terroris
2,london_eater_rest,02_london_eater_rest,1988,https://london.eater.com/2021/5/24/22450910/tofu-vegan-chinese-restaurant-upper-street-xian-impression-biang-biang-noodles
2,london_eater_rest,02_london_eater_rest,1989,https://london.eater.com/2021/5/21/22447046/pret-a-manger-petrol-station-cafes-covid-19-offices-closed
2,london_eater_rest,02_london_eater_rest,1990,https://london.eater.com/2021/5/18/22441988/gordon-ramsay-new-restaurants-street-burger-street-pizza
2,london_eater_rest,02_london_eater_rest,1991,https://london.eater.com/2021/5/12/22431902/la-rampa-cuban-bar-market-place-oxford-circus-marcis-dzelzainis-tata-eatery
2,london_eater_rest,02_london_eater_rest,1992,https://london.eater.com/2021/5/12/22432113/pizza-express-restaurants-reopening-menu
2,london_eater_rest,02_london_eater_rest,1993,https://london.eater.com/2021/5/11/22430394/pret-a-manger-tesco-supermarket-cafes-covid-19-work-from-home
2,london_eater_rest,02_london_eater_rest,1994,https://london.eater.com/2021/5/10/22427678/boris-johnson-pubs-reopening-roadmap-rules-coronavirus-hartlepool
2,london_eater_rest,02_london_eater_rest,1995,https://london.eater.com/2021/5/7/22421040/tate-britain-rex-whistler-restaurant-mural-racist-images-reopening
2,london_eater_rest,02_london_eater_rest,1996,https://london.eater.com/2021/5/5/22418954/anglothai-restaurant-london-john-chantarasak-mjmk
2,london_eater_rest,02_london_eater_rest,1997,https://london.eater.com/2021/5/4/22418866/yann-couvreur-patisserie-london-mayfair-opening
2,london_eater_rest,02_london_eater_rest,1998,https://london.eater.com/2021/4/28/22407223/soho-restaurant-fresh-pasta-vasco-pieros-1970s-closed-covid-19-crisis
2,london_eater_rest,02_london_eater_rest,1999,https://london.eater.com/2021/4/27/22405334/harry-morgan-deli-st-johns-wood-closing-covid-19-rent-dispute
2,london_eater_rest,02_london_eater_rest,2000,https://london.eater.com/2021/4/22/22376050/new-london-restaurants-jks-gymkhana-mayfair-bibi-chet-sharma
2,london_eater_rest,02_london_eater_rest,2001,https://london.eater.com/2021/4/19/22391511/mollys-cafe-hoxton-geffrye-musem-of-the-home-anchor-and-hope-clarence-tavern
2,london_eater_rest,02_london_eater_rest,2002,https://london.eater.com/2021/4/14/22383631/india-club-restaurant-reopening-london-the-strand
2,london_eater_rest,02_london_eater_rest,2003,https://london.eater.com/2021/4/7/22370227/spring-restaurant-skye-gyngell-online-shop-notting-hill
2,london_eater_rest,02_london_eater_rest,2004,https://london.eater.com/2021/3/30/22356452/toklas-restaurant-frieze-london-180-strand
2,london_eater_rest,02_london_eater_rest,2005,https://london.eater.com/2021/3/29/22352929/sambal-shiok-restaurant-london-mandy-yin
2,london_eater_rest,02_london_eater_rest,2006,https://london.eater.com/2021/3/26/22352045/sunday-in-brooklyn-reservations-menu-new-opening-notting-hill
2,london_eater_rest,02_london_eater_rest,2007,https://london.eater.com/2021/3/25/22349890/pubs-open-covid-19-vaccine-passport-plans-boris-johnson
2,london_eater_rest,02_london_eater_rest,2008,https://london.eater.com/2021/3/25/22349912/seasons-seafood-restaurant-london-the-square-mayfair
2,london_eater_rest,02_london_eater_rest,2009,https://london.eater.com/2021/3/24/22348477/brexit-food-supply-cheese-chocolate-whisky-exports-uk
2,london_eater_rest,02_london_eater_rest,2010,https://london.eater.com/2021/3/23/22346175/time-out-market-waterloo-food-hall-cancelled-coronavirus-pandemic
2,london_eater_rest,02_london_eater_rest,2011,https://london.eater.com/2021/3/22/22344161/restaurants-reopening-outdoors-april-coronavirus-lockdown-rules
2,london_eater_rest,02_london_eater_rest,2012,https://london.eater.com/2021/3/22/22344235/jeremy-king-corbin-and-king-restaurants-reopening-after-lockdown
2,london_eater_rest,02_london_eater_rest,2013,https://london.eater.com/2021/3/18/22336049/mcdonalds-uk-restaurants-covid-19-safety-policy
2,london_eater_rest,02_london_eater_rest,2014,https://london.eater.com/2021/3/17/22334408/good-as-gold-coffee-shop-brockley
2,london_eater_rest,02_london_eater_rest,2015,https://london.eater.com/2021/3/11/22322885/angus-steakhouse-london-tourist-restaurants-kpmg
2,london_eater_rest,02_london_eater_rest,2016,https://london.eater.com/2021/3/4/22309945/restaurant-reopening-after-coronavirus-lockdown-budget-reactions
2,london_eater_rest,02_london_eater_rest,2017,https://london.eater.com/2021/3/1/22305690/restaurants-rent-debt-coronavirus-rishi-sunak-budget
2,london_eater_rest,02_london_eater_rest,2018,https://london.eater.com/2021/3/1/22307064/when-restaurants-reopen-after-lockdown-how-will-they-pay-rent-lease-forfeiture-deadline
2,london_eater_rest,02_london_eater_rest,2019,https://london.eater.com/2021/2/26/22303104/budget-2021-sunak-what-restaurants-need-to-reopen-lockdown
2,london_eater_rest,02_london_eater_rest,2020,https://london.eater.com/2021/2/18/22288964/when-will-restaurants-reopen-after-lockdown-rishi-sunak-budget-2021
2,london_eater_rest,02_london_eater_rest,2021,https://london.eater.com/2021/2/16/22285238/when-will-restaurants-reopen-social-distancing-rules-rishi-sunak-support
2,london_eater_rest,02_london_eater_rest,2022,https://london.eater.com/2021/2/10/22276012/minister-for-hospitality-restaurants-coronavirus-parliament
2,london_eater_rest,02_london_eater_rest,2023,https://london.eater.com/2021/2/4/22266324/halal-guys-new-york-london-restaurant-leicester-square-closed
2,london_eater_rest,02_london_eater_rest,2024,https://london.eater.com/2021/2/1/22260302/will-restaurants-reopen-coronavirus-business-impact-closures-2021
2,london_eater_rest,02_london_eater_rest,2025,https://london.eater.com/2021/1/28/22252916/panadera-bakery-mamasons-dirty-ice-cream-kentish-town-filipino-desserts-london
2,london_eater_rest,02_london_eater_rest,2026,https://london.eater.com/2021/1/27/22252106/when-will-lockdown-end-for-restaurants-reopen-boris-johnson
2,london_eater_rest,02_london_eater_rest,2027,https://london.eater.com/2021/1/25/22248211/when-will-restaurants-reopen-coronavirus-lockdown-easter
2,london_eater_rest,02_london_eater_rest,2028,https://london.eater.com/2021/1/15/22232510/coronavirus-lockdown-latest-news-restaurants-closed-london
2,london_eater_rest,02_london_eater_rest,2029,https://london.eater.com/2021/1/7/22216624/santa-maria-pizza-ealing-new-restaurant-bond-street-w5
2,london_eater_rest,02_london_eater_rest,2030,https://london.eater.com/2020/12/22/22194938/hospitality-minister-parliamentary-debate-jeremy-king-restaurants-wolseley-brasserie-zedel
2,london_eater_rest,02_london_eater_rest,2031,https://london.eater.com/2020/12/18/22188744/sumi-sushi-restaurant-notting-hill-endo-kazutoshi-at-the-rotunda-white-city
2,london_eater_rest,02_london_eater_rest,2032,https://london.eater.com/2020/12/16/22178478/kineya-mugimaru-japanese-restaurants-london-hiden-curry-kings-cross
2,london_eater_rest,02_london_eater_rest,2033,https://london.eater.com/2020/12/15/22176056/by-chloe-vegan-burger-restaurant-london-bankrupt
2,london_eater_rest,02_london_eater_rest,2034,https://london.eater.com/2020/12/9/22165103/jimi-famurewa-evening-standard-restaurant-critic-replaces-fay-maschler-48-years
2,london_eater_rest,02_london_eater_rest,2035,https://london.eater.com/2020/12/1/21754855/food-banks-coronavirus-universal-credit-repayment-rules-trussell-trust-survey
2,london_eater_rest,02_london_eater_rest,2036,https://london.eater.com/2020/11/25/21719193/comprehensive-spending-review-rishi-sunak-hospitality-jobs-unemployment
2,london_eater_rest,02_london_eater_rest,2037,https://london.eater.com/2020/11/24/21612877/coronavirus-clove-club-modern-american-two-lights-restaurant-closure
2,london_eater_rest,02_london_eater_rest,2038,https://london.eater.com/2020/11/20/21579086/coronavirus-uk-latest-news-lockdown-when-restaurants-reopening
2,london_eater_rest,02_london_eater_rest,2039,https://london.eater.com/2020/11/17/21571262/lockdown-london-restaurants-restrictions-tier-2-jenrick
2,london_eater_rest,02_london_eater_rest,2040,https://london.eater.com/2020/11/13/21563972/morleys-south-london-best-fried-chicken-expanding-nationswide
2,london_eater_rest,02_london_eater_rest,2041,https://london.eater.com/2020/11/3/21546377/uk-food-standards-agriculture-bill-vote-us-trade-deal
2,london_eater_rest,02_london_eater_rest,2042,https://london.eater.com/2020/10/28/21538145/spring-restaurant-somerset-house-skye-gyngell-new-menu-spring-tavola
2,london_eater_rest,02_london_eater_rest,2043,https://london.eater.com/2020/10/26/21534144/free-school-meals-england-marcus-rashford-twitter-campaign
2,london_eater_rest,02_london_eater_rest,2044,https://london.eater.com/2020/10/22/21528125/free-school-meals-extension-government-vote-against
2,london_eater_rest,02_london_eater_rest,2045,https://london.eater.com/2020/10/20/21524637/coronavirus-restaurant-protest-parliament-square-london-tier-2-restrictions
2,london_eater_rest,02_london_eater_rest,2046,https://london.eater.com/2020/10/15/21517509/marcus-rashford-free-school-meal-food-poverty-campaign-boris-johnson
2,london_eater_rest,02_london_eater_rest,2047,https://london.eater.com/2020/10/14/21514478/chantelle-nicholson-tredwells-new-restaurant-london-mare-street-alls-well
2,london_eater_rest,02_london_eater_rest,2048,https://london.eater.com/2020/10/14/21514732/little-bread-pedlar-bakery-pimlico-mount-street-croissants-sourdough
2,london_eater_rest,02_london_eater_rest,2049,https://london.eater.com/2020/10/13/21513113/uk-food-standards-brexit-trade-deal-usa-agriculture-bill
2,london_eater_rest,02_london_eater_rest,2050,https://london.eater.com/2020/10/1/21497065/black-book-zoe-adjonyoh-food-events-black-history-month
2,london_eater_rest,02_london_eater_rest,2051,https://london.eater.com/2020/9/28/21459522/parliament-bars-exempt-coronavirus-curfew-10pm-uk
2,london_eater_rest,02_london_eater_rest,2052,https://london.eater.com/2020/9/28/21459577/parliament-bars-coronavirus-10pm-curfew-u-turn
2,london_eater_rest,02_london_eater_rest,2053,https://london.eater.com/2020/9/18/21444978/montys-deli-pastrami-gails-bakery
2,london_eater_rest,02_london_eater_rest,2054,https://london.eater.com/2020/9/17/21439436/uk-coronavirus-latest-news-furlough-scheme-expiring-october-unemployment-restaurants
2,london_eater_rest,02_london_eater_rest,2055,https://london.eater.com/2020/9/17/21441114/tinned-fish-london-restaurant-trend-conservas-portugal-spain-anchovies
2,london_eater_rest,02_london_eater_rest,2056,https://london.eater.com/2020/9/15/21437582/asap-pizza-london-borough-market-restaurant-flor-reopening
2,london_eater_rest,02_london_eater_rest,2057,https://london.eater.com/2020/9/15/21437590/coronavirus-latest-news-evictions-rent-landlords-restaurants
2,london_eater_rest,02_london_eater_rest,2058,https://london.eater.com/2020/9/14/21435094/tooting-market-restaurant-lone-fisherman-eviction-reversed
2,london_eater_rest,02_london_eater_rest,2059,https://london.eater.com/2020/9/14/21435892/sir-terence-conran-obituary-bibendum-quaglinos-restaurants-design-museum
2,london_eater_rest,02_london_eater_rest,2060,https://london.eater.com/2020/9/11/21429253/uk-coronavirus-news-restaurants-fines-boris-johnson-breach
2,london_eater_rest,02_london_eater_rest,2061,https://london.eater.com/2020/9/10/21430317/tooting-market-restaurants-lone-fisherman-afro-caribbean-deli-eviction
2,london_eater_rest,02_london_eater_rest,2062,https://london.eater.com/2020/9/7/21425807/pret-a-manger-coffee-subscription-yourpret-barista-scheme
2,london_eater_rest,02_london_eater_rest,2063,https://london.eater.com/2020/9/7/21425822/pizza-express-restaurant-closures-coronavirus-news
2,london_eater_rest,02_london_eater_rest,2064,https://london.eater.com/2020/9/4/21422766/uk-coronavirus-latest-news-restaurants-london-discounts-closures
2,london_eater_rest,02_london_eater_rest,2065,https://london.eater.com/2020/9/1/21409980/nigella-lawson-bbc-tv-show-cook-eat-repeat
2,london_eater_rest,02_london_eater_rest,2066,https://london.eater.com/2020/8/28/21405233/coronavirus-uk-pret-a-manger-closing-3000-jobs-cut
2,london_eater_rest,02_london_eater_rest,2067,https://london.eater.com/2020/8/28/21405248/eat-out-to-help-out-boosts-uk-economy
2,london_eater_rest,02_london_eater_rest,2068,https://london.eater.com/2020/8/27/21403780/10-greek-street-soho-restaurant-reopening-pizza-outdoor-seating
2,london_eater_rest,02_london_eater_rest,2069,https://london.eater.com/2020/8/20/21376985/piebury-corner-closing-arsenal-fixtures-premier-league
2,london_eater_rest,02_london_eater_rest,2070,https://london.eater.com/2020/8/20/21377082/coronavirus-central-london-restaurants-spending-down-suburbs-economic-recovery
2,london_eater_rest,02_london_eater_rest,2071,https://london.eater.com/2020/8/18/21373324/gordon-ramsay-new-restaurants-uk-coronavirus-latest
2,london_eater_rest,02_london_eater_rest,2072,https://london.eater.com/2020/8/14/21368604/london-restaurants-coronavirus-pandemic-impact-mayor-sadiq-khan-boris-johnson
2,london_eater_rest,02_london_eater_rest,2073,https://london.eater.com/2020/8/14/21368808/chishuru-west-african-cuisine-joke-bakare-brixton-village-new-restaurant
2,london_eater_rest,02_london_eater_rest,2074,https://london.eater.com/2020/8/13/21363292/st-john-trevor-gulliver-london-restaurants-open-letter-sadiq-khan
2,london_eater_rest,02_london_eater_rest,2075,https://london.eater.com/2020/8/12/21363633/polpo-london-restaurant-small-plates-russell-norman
2,london_eater_rest,02_london_eater_rest,2076,https://london.eater.com/2020/8/12/21364710/uk-recession-coronavirus-lockdown-impact-restaurants
2,london_eater_rest,02_london_eater_rest,2077,https://london.eater.com/2020/8/11/21363121/coronavirus-job-losses-restaurants-uk-2020
2,london_eater_rest,02_london_eater_rest,2078,https://london.eater.com/2020/8/10/21361547/uk-restaurants-rent-coronavirus-crisis-closures
2,london_eater_rest,02_london_eater_rest,2079,https://london.eater.com/2020/8/10/21361560/best-ice-lolly-poll-yougov-magnum-ice-cream
2,london_eater_rest,02_london_eater_rest,2080,https://london.eater.com/2020/8/7/21358346/tate-britain-criticism-rex-whistler-restaurant-mural-racist-images-response
2,london_eater_rest,02_london_eater_rest,2081,https://london.eater.com/2020/8/6/21355370/instagram-food-trends-2020-novel-coronavirus-pandemic
2,london_eater_rest,02_london_eater_rest,2082,https://london.eater.com/2020/8/6/21356804/jidori-restaurant-dalston-yakitori-restaurant-closure-coronavirus
2,london_eater_rest,02_london_eater_rest,2083,https://london.eater.com/2020/8/5/21353841/normahs-place-queensway-market-malaysian-restaurant-crowdfunding
2,london_eater_rest,02_london_eater_rest,2084,https://london.eater.com/2020/8/5/21355327/spring-restaurant-somerset-house-summer-pop-up-ice-cream
2,london_eater_rest,02_london_eater_rest,2085,https://london.eater.com/2020/7/30/21347761/bodega-ritas-coal-drops-yard-kings-cross-closing
2,london_eater_rest,02_london_eater_rest,2086,https://london.eater.com/2020/7/30/21347819/meat-fruit-dinner-by-heston-blumenthal-takeaway-coronavirus
2,london_eater_rest,02_london_eater_rest,2087,https://london.eater.com/2020/7/29/21345067/london-best-burger-bleecker-vegetarian-menu-simplicity-burger
2,london_eater_rest,02_london_eater_rest,2088,https://london.eater.com/2020/7/28/21339924/corbin-and-king-reopening-bellanger-neighbour-restaurant-islington
2,london_eater_rest,02_london_eater_rest,2089,https://london.eater.com/2020/7/27/21339897/calories-restaurant-menus-uk-boris-johnson-obesity-coronavirus
2,london_eater_rest,02_london_eater_rest,2090,https://london.eater.com/2020/7/23/21334362/nigella-lawson-zoe-adjonyoh-share-the-mic-instagram-food
2,london_eater_rest,02_london_eater_rest,2091,https://london.eater.com/2020/7/22/21333866/mcdonalds-reopening-restaurants-uk-coronavirus-guidelines
2,london_eater_rest,02_london_eater_rest,2092,https://london.eater.com/2020/7/21/21332357/conservative-agriculture-bill-clause-4-uk-food-standards-brexit-trade-deal
2,london_eater_rest,02_london_eater_rest,2093,https://london.eater.com/2020/7/20/21330893/jamie-oliver-restaurants-jamies-italian-staff-unpaid-wages-unite-union
2,london_eater_rest,02_london_eater_rest,2094,https://london.eater.com/2020/7/17/21328161/uk-coronavirus-restaurants-reopening-latest-news-london
2,london_eater_rest,02_london_eater_rest,2095,https://london.eater.com/2020/7/16/21326783/st-john-london-restaurants-reopening-coronavirus
2,london_eater_rest,02_london_eater_rest,2096,https://london.eater.com/2020/7/15/21325463/pizza-express-restaurants-uk-hony-capital-leaving
2,london_eater_rest,02_london_eater_rest,2097,https://london.eater.com/2020/7/14/21320047/chinatown-london-restaurants-reopening-coronavirus-crisis-rent-shaftesbury
2,london_eater_rest,02_london_eater_rest,2098,https://london.eater.com/2020/7/13/21322341/get-ready-for-brexit-food-prices-rise-uk-us-trade-deal
2,london_eater_rest,02_london_eater_rest,2099,https://london.eater.com/2020/7/10/21319813/sree-krishna-south-indian-restaurant-tooting-london-closed
2,london_eater_rest,02_london_eater_rest,2100,https://london.eater.com/2020/7/8/21317040/rishi-sunak-summer-statement-coronavirus-economy-restaurants-reopening-uk
2,london_eater_rest,02_london_eater_rest,2101,https://london.eater.com/2020/7/7/21315753/jess-glynne-sexy-fish-mayfair-london-restaurant-refused-entry-discrimination
2,london_eater_rest,02_london_eater_rest,2102,https://london.eater.com/2020/7/7/21315821/black-book-2020-food-media-events-zoe-adjonyoh-anna-sulan-masing-frankie
2,london_eater_rest,02_london_eater_rest,2103,https://london.eater.com/2020/7/6/21314371/service-charge-london-restaurants-coronavirus-pandemic
2,london_eater_rest,02_london_eater_rest,2104,https://london.eater.com/2020/7/6/21314386/shepherdess-cafe-city-road-london-closed-coronavirus
2,london_eater_rest,02_london_eater_rest,2105,https://london.eater.com/2020/7/6/21314431/pret-a-manger-closing-coronavirus-uk-lockdown
2,london_eater_rest,02_london_eater_rest,2106,https://london.eater.com/2020/7/6/21314742/restaurant-reopening-london-covid-19-safety-masks-social-distancing
2,london_eater_rest,02_london_eater_rest,2107,https://london.eater.com/2020/7/3/21312532/uk-coronavirus-lockdown-restaurants-reopening-latest-news-london
2,london_eater_rest,02_london_eater_rest,2108,https://london.eater.com/2020/7/1/21309736/free-school-meals-uk-vouchers-not-working
2,london_eater_rest,02_london_eater_rest,2109,https://london.eater.com/2020/7/1/21309839/saima-thompson-masala-wala-cafe-obituary-curry-cancer
2,london_eater_rest,02_london_eater_rest,2110,https://london.eater.com/2020/6/30/21307975/uk-food-standards-us-trade-deal-brexit-chlorinated-chicken
2,london_eater_rest,02_london_eater_rest,2111,https://london.eater.com/2020/6/30/21308350/london-restaurants-reopening-4-july-coronavirus-safety-plan
2,london_eater_rest,02_london_eater_rest,2112,https://london.eater.com/2020/6/29/21306656/lockdown-easing-uk-restaurants-reopening-rent-problem-business-closures-st-john-open-letter
2,london_eater_rest,02_london_eater_rest,2113,https://london.eater.com/2020/6/29/21306821/byron-burger-restaurants-administration
2,london_eater_rest,02_london_eater_rest,2114,https://london.eater.com/2020/6/26/21304121/restaurants-reopening-london-coronavirus-lockdown
2,london_eater_rest,02_london_eater_rest,2115,https://london.eater.com/2020/6/25/21302830/asma-khan-darjeeling-express-restaurant-soho-closed
2,london_eater_rest,02_london_eater_rest,2116,https://london.eater.com/2020/6/24/21300585/restaurants-reopening-england-government-coronavirus-safety-guidance-latest
2,london_eater_rest,02_london_eater_rest,2117,https://london.eater.com/2020/6/23/21300271/when-restaurants-reopen-england-4-july
2,london_eater_rest,02_london_eater_rest,2118,https://london.eater.com/2020/6/22/21298753/uk-restaurants-reopening-after-coronavirus-4-july-social-distancing-one-metre
2,london_eater_rest,02_london_eater_rest,2119,https://london.eater.com/2020/6/22/21299063/brawn-columbia-road-reopening-london-restaurant-grocery-store
2,london_eater_rest,02_london_eater_rest,2120,https://london.eater.com/2020/6/18/21295308/when-pubs-reopen-uk-coronavirus-social-distancing
2,london_eater_rest,02_london_eater_rest,2121,https://london.eater.com/2020/6/18/21295341/coronavirus-uk-when-restaurants-reopen-delay-government-social-distancing
2,london_eater_rest,02_london_eater_rest,2122,https://london.eater.com/2020/6/18/21295361/greene-king-pubs-slavery-reparations-payments
2,london_eater_rest,02_london_eater_rest,2123,https://london.eater.com/2020/6/18/21295595/sardine-restaurant-london-closed-coronavirus-social-distancing
2,london_eater_rest,02_london_eater_rest,2124,https://london.eater.com/2020/6/17/21292646/coronavirus-restaurant-waiters-missing-out-tronc-furlough-payments
2,london_eater_rest,02_london_eater_rest,2125,https://london.eater.com/2020/6/16/21292624/marcus-rashford-free-school-meals-coronavirus
2,london_eater_rest,02_london_eater_rest,2126,https://london.eater.com/2020/6/16/21292652/uk-coronavirus-when-restaurants-reopen-date
2,london_eater_rest,02_london_eater_rest,2127,https://london.eater.com/2020/6/16/21292698/indian-accent-restaurant-london-closed-coronavirus-social-distancing
2,london_eater_rest,02_london_eater_rest,2128,https://london.eater.com/2020/6/15/21291325/old-kent-road-restaurant-community-reopen-coronavirus-bailout
2,london_eater_rest,02_london_eater_rest,2129,https://london.eater.com/2020/6/15/21291541/coronavirus-london-restaurant-closures-le-caprice-mayfair
2,london_eater_rest,02_london_eater_rest,2130,https://london.eater.com/2020/6/12/21284946/when-uk-restaurants-reopen-after-coronavirus-lockdown-how-pay-rent
2,london_eater_rest,02_london_eater_rest,2131,https://london.eater.com/2020/6/12/21289038/uk-coronavirus-lockdown-when-restaurants-reopen-close-latest-news-london
2,london_eater_rest,02_london_eater_rest,2132,https://london.eater.com/2020/6/9/21285087/when-restaurants-reopen-uk-coronavirus-social-distancing-guidelines
2,london_eater_rest,02_london_eater_rest,2133,https://london.eater.com/2020/6/9/21285214/restaurants-coronavirus-reopening-government-support-rent-uk-hospitality
2,london_eater_rest,02_london_eater_rest,2134,https://london.eater.com/2020/6/8/21283697/when-restaurants-reopen-uk-coronavirus-lockdown
2,london_eater_rest,02_london_eater_rest,2135,https://london.eater.com/2020/6/5/21280138/los-noodles-chinatown-restaurants-london-reopening-coronavirus-lockdown
2,london_eater_rest,02_london_eater_rest,2136,https://london.eater.com/2020/6/4/21278971/frankie-bennys-restaurants-closed-coronavirus-uk
2,london_eater_rest,02_london_eater_rest,2137,https://london.eater.com/2020/6/3/21278955/social-distancing-two-metre-rule-london-restaurants-reopening-lockdown
2,london_eater_rest,02_london_eater_rest,2138,https://london.eater.com/2020/6/1/21276641/pret-a-manger-cafes-reopening-coronavirus-lockdown-rent-protection
2,london_eater_rest,02_london_eater_rest,2139,https://london.eater.com/2020/5/29/21274374/london-restaurants-reopening-coronavirus-mandy-yin-nasi-economy-rice-malaysian-deli
2,london_eater_rest,02_london_eater_rest,2140,https://london.eater.com/2020/5/29/21274480/uk-coronavirus-lockdown-when-restaurants-reopen-latest-news-london
2,london_eater_rest,02_london_eater_rest,2141,https://london.eater.com/2020/5/28/21272962/mcdonalds-reopening-uk-drive-thru-restaurants-coronavirus-lockdown
2,london_eater_rest,02_london_eater_rest,2142,https://london.eater.com/2020/5/27/21270664/food-banks-coronavirus-lockdown-uk
2,london_eater_rest,02_london_eater_rest,2143,https://london.eater.com/2020/5/26/21270226/uk-coronavirus-lockdown-when-pubs-reopen-social-distancing
2,london_eater_rest,02_london_eater_rest,2144,https://london.eater.com/2020/5/22/21267269/uk-coronavirus-lockdown-when-restaurants-reopen-latest-news
2,london_eater_rest,02_london_eater_rest,2145,https://london.eater.com/2020/5/20/21264676/ottolenghi-restaurants-reopening-coronavirus-delis-notting-hill-islington
2,london_eater_rest,02_london_eater_rest,2146,https://london.eater.com/2020/5/18/21262079/uk-coronavirus-lockdown-restaurants-closed-without-rent-reduction
2,london_eater_rest,02_london_eater_rest,2147,https://london.eater.com/2020/5/18/21262362/uk-coronavirus-lockdown-restaurants-reopening-outdoors
2,london_eater_rest,02_london_eater_rest,2148,https://london.eater.com/2020/5/15/21258668/service-charge-furlough-restaurants-coronavirus
2,london_eater_rest,02_london_eater_rest,2149,https://london.eater.com/2020/5/15/21259927/uk-coronavirus-lockdown-when-restaurants-reopen-latest-news
2,london_eater_rest,02_london_eater_rest,2150,https://london.eater.com/2020/5/13/21257008/coronavirus-lockdown-gdp-impact-restaurants-closed
2,london_eater_rest,02_london_eater_rest,2151,https://london.eater.com/2020/5/12/21255615/uk-coronavirus-lockdown-pubs-reopen-july-support
2,london_eater_rest,02_london_eater_rest,2152,https://london.eater.com/2020/5/12/21255624/restaurants-reopening-need-extension-uk-coronavirus-furlough-scheme-rishi-sunak
2,london_eater_rest,02_london_eater_rest,2153,https://london.eater.com/2020/5/11/21254280/uk-coronavirus-lockdown-when-pubs-reopen
2,london_eater_rest,02_london_eater_rest,2154,https://london.eater.com/2020/5/11/21254419/uk-coronavirus-lockdown-covid-19-alert-when-restaurants-reopen
2,london_eater_rest,02_london_eater_rest,2155,https://london.eater.com/2020/5/10/21253822/uk-coronavirus-lockdown-update-when-restaurants-reopen
2,london_eater_rest,02_london_eater_rest,2156,https://london.eater.com/2020/5/7/21250303/coronavirus-job-retention-scheme-restaurant-tips-excluded
2,london_eater_rest,02_london_eater_rest,2157,https://london.eater.com/2020/5/7/21250316/coronavirus-free-school-meal-vouchers-supermarket-food
2,london_eater_rest,02_london_eater_rest,2158,https://london.eater.com/2020/5/7/21250501/uk-coronavirus-lockdown-when-restaurants-reopen-latest-news
2,london_eater_rest,02_london_eater_rest,2159,https://london.eater.com/2020/5/5/21247697/coronavirus-social-distancing-restaurant-reopening-impossible-wolseley-corbin-king
2,london_eater_rest,02_london_eater_rest,2160,https://london.eater.com/2020/5/5/21247730/uk-coronavirus-lockdown-job-retention-scheme-rishi-sunak-when-restaurants-reopen
2,london_eater_rest,02_london_eater_rest,2161,https://london.eater.com/2020/5/4/21246200/byron-burger-auction-restaurants-closed-coronavirus-uk
2,london_eater_rest,02_london_eater_rest,2162,https://london.eater.com/2020/5/4/21246210/gordon-ramsay-restaurants-closed-coronavirus
2,london_eater_rest,02_london_eater_rest,2163,https://london.eater.com/2020/5/1/21243822/uk-coronavirus-lockdown-restaurants-reopen-diners-uncomfortable
2,london_eater_rest,02_london_eater_rest,2164,https://london.eater.com/2020/5/1/21243831/coronavirus-food-bank-rise-free-school-meal-vouchers-supermarkets
2,london_eater_rest,02_london_eater_rest,2165,https://london.eater.com/2020/5/1/21243949/mcdonalds-reopen-restaurants-uk-coronavirus-lockdown
2,london_eater_rest,02_london_eater_rest,2166,https://london.eater.com/2020/5/1/21244079/uk-coronavirus-lockdown-when-restaurants-reopen-explained-mcdonalds-greggs
2,london_eater_rest,02_london_eater_rest,2167,https://london.eater.com/2020/4/30/21242436/uk-coronavirus-lockdown-when-will-restaurants-reopen
2,london_eater_rest,02_london_eater_rest,2168,https://london.eater.com/2020/4/30/21242453/uk-coronavirus-lockdown-restaurants-closed-sales-impact
2,london_eater_rest,02_london_eater_rest,2169,https://london.eater.com/2020/4/29/21240932/uk-coronavirus-lockdown-when-restaurants-reopen-furlough-scheme
2,london_eater_rest,02_london_eater_rest,2170,https://london.eater.com/2020/4/29/21240975/when-mcdonalds-reopen-uk-restaurants-coronavirus-lockdown
2,london_eater_rest,02_london_eater_rest,2171,https://london.eater.com/2020/4/28/21238355/uk-coronavirus-lockdown-when-will-restaurants-reopen-greggs
2,london_eater_rest,02_london_eater_rest,2172,https://london.eater.com/2020/4/28/21239519/uk-coronavirus-loans-restaurants-closed-how-long
2,london_eater_rest,02_london_eater_rest,2173,https://london.eater.com/2020/4/27/21238027/how-restaurant-tips-tronc-work-uk-coronavirus-lockdown-jobs
2,london_eater_rest,02_london_eater_rest,2174,https://london.eater.com/2020/4/24/21232822/coronavirus-eviction-regulations-restaurants-landlords
2,london_eater_rest,02_london_eater_rest,2175,https://london.eater.com/2020/4/23/21232374/uk-coronavirus-lockdown-social-distancing-end-year-restaurants-impact
2,london_eater_rest,02_london_eater_rest,2176,https://london.eater.com/2020/4/23/21232445/uk-coronavirus-lockdown-restaurants-reopening-plan-government-support
2,london_eater_rest,02_london_eater_rest,2177,https://london.eater.com/2020/4/22/21230815/burger-king-rent-landlords-uk-coronavirus-restaurants-closed
2,london_eater_rest,02_london_eater_rest,2178,https://london.eater.com/2020/4/22/21230817/uk-coronavirus-lockdown-restaurants-business-support-employment-job-retention
2,london_eater_rest,02_london_eater_rest,2179,https://london.eater.com/2020/4/22/21231141/uk-coronavirus-lockdown-when-restaurants-reopen-diners-cautious
2,london_eater_rest,02_london_eater_rest,2180,https://london.eater.com/2020/4/21/21228609/coronavirus-restaurants-lockdown-social-distancing-eating-out
2,london_eater_rest,02_london_eater_rest,2181,https://london.eater.com/2020/4/21/21228673/coronavirus-uk-supermarket-food-flour-baking-alcohol
2,london_eater_rest,02_london_eater_rest,2182,https://london.eater.com/2020/4/21/21229190/uk-coronavirus-lockdown-restaurants-closed-rent-holiday-landlords
2,london_eater_rest,02_london_eater_rest,2183,https://london.eater.com/2020/4/15/21216422/coronavirus-restaurants-london-pie-mash-shops
2,london_eater_rest,02_london_eater_rest,2184,https://london.eater.com/2020/4/15/21221979/coronavirus-lockdown-food-comforts-eating
2,london_eater_rest,02_london_eater_rest,2185,https://london.eater.com/2020/4/14/21220314/yotam-ottolenghi-guardian-coronavirus-restaurant-industry-rent
2,london_eater_rest,02_london_eater_rest,2186,https://london.eater.com/2020/4/9/21214682/kfc-uk-restaurants-viral-coronavirus-brand-twitter
2,london_eater_rest,02_london_eater_rest,2187,https://london.eater.com/2020/4/8/21211767/coronavirus-uk-impact-restaurants-london-east-end
2,london_eater_rest,02_london_eater_rest,2188,https://london.eater.com/2020/4/6/21209469/gbk-restaurants-gourmet-burger-kitchen-coronavirus-famous-brands-wimpy
2,london_eater_rest,02_london_eater_rest,2189,https://london.eater.com/2020/4/3/21204663/coronavirus-london-restaurants-rent-landlords-moratorium
2,london_eater_rest,02_london_eater_rest,2190,https://london.eater.com/2020/4/3/21206638/best-bread-recipes-coronavirus-cooking-stay-at-home
2,london_eater_rest,02_london_eater_rest,2191,https://london.eater.com/2020/4/2/21204026/coronavirus-uk-impact-restaurants-supermarkets-jobs-workers-staff
2,london_eater_rest,02_london_eater_rest,2192,https://london.eater.com/2020/4/2/21204054/coronavirus-uk-restaurant-impact-mcdonalds-kfc-wetherspoons-staff
2,london_eater_rest,02_london_eater_rest,2193,https://london.eater.com/2020/3/31/21193622/coronavirus-uk-latest-government-advice-businesses-restaurants-employers-employees
2,london_eater_rest,02_london_eater_rest,2194,https://london.eater.com/2020/3/30/21199371/coronavirus-uk-latest-restaurant-closures-carluccios-administration
2,london_eater_rest,02_london_eater_rest,2195,https://london.eater.com/2020/3/30/21199670/coronavirus-easter-eggs-essential-lockdown-off-licenses-convenience-stores
2,london_eater_rest,02_london_eater_rest,2196,https://london.eater.com/2020/3/26/21193984/coronavirus-off-licenses-essential-retailers-supermarkets-alcohol-sales
2,london_eater_rest,02_london_eater_rest,2197,https://london.eater.com/2020/3/18/21183993/coronavirus-latest-london-restaurant-closures-hawksmoor-d-and-d
2,london_eater_rest,02_london_eater_rest,2198,https://london.eater.com/2020/3/17/21183757/coronavirus-uk-government-latest-330-billion-relief-business-rates-restaurants
2,london_eater_rest,02_london_eater_rest,2199,https://london.eater.com/2020/3/16/21180735/coronavirus-uk-latest-london-restaurant-closures
2,london_eater_rest,02_london_eater_rest,2200,https://london.eater.com/2020/3/16/21181912/coronavirus-uk-latest-london-restaurants-quality-chop-house-portland-clipstone-woodhead-closed
2,london_eater_rest,02_london_eater_rest,2201,https://london.eater.com/2020/3/13/21177982/london-restaurants-celebrity-sightings-salma-hayek-rita-ora
2,london_eater_rest,02_london_eater_rest,2202,https://london.eater.com/2020/3/12/21176394/coronavirus-uk-latest-london-restaurants-business-rates-rishi-sunak-budget
2,london_eater_rest,02_london_eater_rest,2203,https://london.eater.com/2020/3/11/21174537/wild-garlic-season-recipes-climate-change-seasonal-food
2,london_eater_rest,02_london_eater_rest,2204,https://london.eater.com/2020/3/11/21174583/coronavirus-uk-latest-frozen-food-iceland-supermarket
2,london_eater_rest,02_london_eater_rest,2205,https://london.eater.com/2020/3/10/21172901/coronavirus-uk-latest-restaurant-industry-impact-quarantine
2,london_eater_rest,02_london_eater_rest,2206,https://london.eater.com/2020/3/10/21172916/coronavirus-uk-latest-covid-19-london-restaurants-chinatown-closures
2,london_eater_rest,02_london_eater_rest,2207,https://london.eater.com/2020/3/9/21171521/london-coffee-festival-2020-postponed-coronavirus
2,london_eater_rest,02_london_eater_rest,2208,https://london.eater.com/2020/3/9/21171540/restaurants-reopening-coronavirus-lockdown-covid-19-rules
2,london_eater_rest,02_london_eater_rest,2209,https://london.eater.com/2020/3/6/21166364/meghan-harry-royal-family-london-restaurants-celebrity-sightings
2,london_eater_rest,02_london_eater_rest,2210,https://london.eater.com/2020/3/5/21165949/wolseley-corbin-king-new-soho-restaurant-manzis-pescatarian
2,london_eater_rest,02_london_eater_rest,2211,https://london.eater.com/2020/3/5/21165968/great-british-menu-2020-chefs-announced
2,london_eater_rest,02_london_eater_rest,2212,https://london.eater.com/2020/3/4/21163080/louie-restaurant-covent-garden-london-latelier-joel-robuchon
2,london_eater_rest,02_london_eater_rest,2213,https://london.eater.com/2020/3/3/21161063/starbucks-coffee-nespresso-child-labour-dispatches-channel-4
2,london_eater_rest,02_london_eater_rest,2214,https://london.eater.com/2020/2/28/21156205/taylor-swift-london-boy-restaurant-celebrity-sightings
2,london_eater_rest,02_london_eater_rest,2215,https://london.eater.com/2020/2/28/21157389/triple-cheeseburger-mcdonalds-uk-menu-fast-food-beef-farming
2,london_eater_rest,02_london_eater_rest,2216,https://london.eater.com/2020/2/27/21155869/tesco-supermarket-job-cuts-bakery
2,london_eater_rest,02_london_eater_rest,2217,https://london.eater.com/2020/2/24/21149886/phillipe-conticini-patisserie-london-cake-shop-opening-camden-market-yard
2,london_eater_rest,02_london_eater_rest,2218,https://london.eater.com/2020/2/21/21145776/billie-eilish-brits-awards-2020-winners-afterparty-celebrity-sightings
2,london_eater_rest,02_london_eater_rest,2219,https://london.eater.com/2020/2/21/21146923/immigration-laws-unskilled-workers-definition-london-restaurants-petition
2,london_eater_rest,02_london_eater_rest,2220,https://london.eater.com/2020/2/19/21142563/fergus-henderson-margot-henderson-new-york-times-british-food-st-john
2,london_eater_rest,02_london_eater_rest,2221,https://london.eater.com/2020/2/19/21143532/conservative-new-immigration-laws-unskilled-workers-restaurant-industry-impact
2,london_eater_rest,02_london_eater_rest,2222,https://london.eater.com/2020/2/17/21140679/great-british-menu-new-series-bbc-2020-judges-dishes-theme
2,london_eater_rest,02_london_eater_rest,2223,https://london.eater.com/2020/2/14/21137463/black-box-vegan-dessert-cafe-london-orbital-comic-book-seven-dials
2,london_eater_rest,02_london_eater_rest,2224,https://london.eater.com/2020/2/13/21134901/parasite-oscars-bong-joon-ho-jjapaguri-ram-don-steak-food-scene
2,london_eater_rest,02_london_eater_rest,2225,https://london.eater.com/2020/2/10/21131175/nour-cash-carry-brixton-market-closing-petition
2,london_eater_rest,02_london_eater_rest,2226,https://london.eater.com/2020/2/6/21126069/cook-daily-boxpark-shoreditch-vegan-restaurant-reopening
2,london_eater_rest,02_london_eater_rest,2227,https://london.eater.com/2020/2/5/21120290/chinatown-restaurants-london-coronavirus-racist-prejudice
2,london_eater_rest,02_london_eater_rest,2228,https://london.eater.com/2020/2/4/21122046/dinner-by-heston-blumenthal-melbourne-restaurant-underpayment-wage-theft
2,london_eater_rest,02_london_eater_rest,2229,https://london.eater.com/2020/1/31/21115461/victoria-beckham-david-beckham-celebrity-sightings-london-restaurants-sette-knightsbridge
2,london_eater_rest,02_london_eater_rest,2230,https://london.eater.com/2020/1/31/21115529/yotam-ottolenghi-best-recipes-simple-new-yorker-daily-shouts-plenty-plenty-more-cookbooks
2,london_eater_rest,02_london_eater_rest,2231,https://london.eater.com/2020/1/30/21113540/chukus-nigerian-tapas-restaurant-seven-sisters-road-tottenham-hale
2,london_eater_rest,02_london_eater_rest,2232,https://london.eater.com/2020/1/30/21114896/bonnie-gull-shack-soho-seafood-restaurant-london
2,london_eater_rest,02_london_eater_rest,2233,https://london.eater.com/2020/1/30/21115121/gezellig-restaurant-holborn-closed
2,london_eater_rest,02_london_eater_rest,2234,https://london.eater.com/2020/1/29/21113216/salt-bae-burger-restaurant-london-audley-mayfair-hauser-wirth
2,london_eater_rest,02_london_eater_rest,2235,https://london.eater.com/2020/1/28/21111350/sushi-on-jones-london-restaurant-goods-way-kings-cross-mumford-sons-ben-lovett
2,london_eater_rest,02_london_eater_rest,2236,https://london.eater.com/2020/1/28/21111358/six-by-nico-london-restaurant-nico-simeone-glasgow
2,london_eater_rest,02_london_eater_rest,2237,https://london.eater.com/2020/1/27/21083340/nour-cash-and-carry-brixton-closing-hondo-enterprises
2,london_eater_rest,02_london_eater_rest,2238,https://london.eater.com/2020/1/22/21075204/blood-oranges-rhubarb-seasonal-ingredients-london-restaurant-menus
2,london_eater_rest,02_london_eater_rest,2239,https://london.eater.com/2020/1/22/21076658/yiu-fat-noodle-chinatown-restaurant-racist-tropes
2,london_eater_rest,02_london_eater_rest,2240,https://london.eater.com/2020/1/22/21076674/chick-fil-a-uk-restaurant-scotland-closed
2,london_eater_rest,02_london_eater_rest,2241,https://london.eater.com/2020/1/21/21074990/best-supper-clubs-london-2020
2,london_eater_rest,02_london_eater_rest,2242,https://london.eater.com/2020/1/21/21075016/elephant-castle-shopping-centre-closing-date-delancey
2,london_eater_rest,02_london_eater_rest,2243,https://london.eater.com/2020/1/20/21073698/petit-pois-bistro-hoxton-square-restaurant-closed
2,london_eater_rest,02_london_eater_rest,2244,https://london.eater.com/2020/1/15/21065169/rhubarb-seasonal-ingredient-london-restaurant-menus
2,london_eater_rest,02_london_eater_rest,2245,https://london.eater.com/2020/1/15/21066831/london-restaurant-closures-2020
2,london_eater_rest,02_london_eater_rest,2246,https://london.eater.com/2020/1/9/21056817/brick-house-bread-peckham-closed-levan-new-opening-larrys
2,london_eater_rest,02_london_eater_rest,2247,https://london.eater.com/2020/1/9/21058107/st-clair-clapham-seafood-restaurant-nikkei-london
2,london_eater_rest,02_london_eater_rest,2248,https://london.eater.com/2020/1/8/21055031/australian-wildfire-relief-fundraising-london-restaurant-events
2,london_eater_rest,02_london_eater_rest,2249,https://london.eater.com/2020/1/8/21056611/london-restaurant-events-australia-wildfire-relief
2,london_eater_rest,02_london_eater_rest,2250,https://london.eater.com/2020/1/7/21051862/sarap-filipino-restaurant-london-brixton-village
2,london_eater_rest,02_london_eater_rest,2251,https://london.eater.com/2020/1/7/21054599/market-halls-london-food-hall-intu-lakeside-closed
2,london_eater_rest,02_london_eater_rest,2252,https://london.eater.com/2020/1/3/21046839/wagamama-restaurant-vegan-menu-watermelon-tuna
2,london_eater_rest,02_london_eater_rest,2253,https://london.eater.com/2019/12/31/21031700/london-restaurant-trends-2020
2,london_eater_rest,02_london_eater_rest,2254,https://london.eater.com/2019/12/31/21031703/biggest-london-restaurant-surprises-2019
2,london_eater_rest,02_london_eater_rest,2255,https://london.eater.com/2019/12/31/21044232/mulled-wine-bad-christmas-food-trends-instagram
2,london_eater_rest,02_london_eater_rest,2256,https://london.eater.com/2019/12/30/21031699/london-restaurants-2019-one-word
2,london_eater_rest,02_london_eater_rest,2257,https://london.eater.com/2019/12/24/21036529/dinner-by-heston-restaurant-melbourne-liquidation-underpaid-restaurant-staff
2,london_eater_rest,02_london_eater_rest,2258,https://london.eater.com/2019/12/20/21031189/david-beckham-favourite-restaurant-london-tonys-pie-mash-waltham-abbey
2,london_eater_rest,02_london_eater_rest,2259,https://london.eater.com/2019/12/20/21031195/state-opening-parliament-traditions-yeoman-guard-gunpowder-plot-1605-guy-fawkes
2,london_eater_rest,02_london_eater_rest,2260,https://london.eater.com/2019/12/19/21029543/jason-atherton-chef-nigella-lawson
2,london_eater_rest,02_london_eater_rest,2261,https://london.eater.com/2019/12/19/21029669/stephen-kinnock-labour-mp-criticism-coffee-liberals-politics
2,london_eater_rest,02_london_eater_rest,2262,https://london.eater.com/2019/12/18/21025919/andrew-lloyd-webber-theatre-royal-drury-lane-caprice-restaurant-richard-caring
2,london_eater_rest,02_london_eater_rest,2263,https://london.eater.com/2019/12/18/21026206/davies-and-brook-daniel-humm-london-restaurant-eleven-madison-park
2,london_eater_rest,02_london_eater_rest,2264,https://london.eater.com/2019/12/18/21027823/blacklock-chops-sunday-roast-london-restaurant-covent-garden
2,london_eater_rest,02_london_eater_rest,2265,https://london.eater.com/2019/12/17/21024422/bao-london-bakery-christmas-turkey-bao
2,london_eater_rest,02_london_eater_rest,2266,https://london.eater.com/2019/12/17/21024457/best-christmas-sandwich-london
2,london_eater_rest,02_london_eater_rest,2267,https://london.eater.com/2019/12/17/21026395/marco-pierre-white-biopic-chef-film-russell-crowe-star
2,london_eater_rest,02_london_eater_rest,2268,https://london.eater.com/2019/12/16/21023934/alan-yau-mozzasando-soho-katsu-sando-london-restaurants
2,london_eater_rest,02_london_eater_rest,2269,https://london.eater.com/2019/12/13/21020201/rihanna-london-annabels-celebrity-sightings-restaurants
2,london_eater_rest,02_london_eater_rest,2270,https://london.eater.com/2019/12/13/21020247/jamie-oliver-fifteen-restaurant-cornwall-closed
2,london_eater_rest,02_london_eater_rest,2271,https://london.eater.com/2019/12/10/21004429/eater-london-2019-award-winners
2,london_eater_rest,02_london_eater_rest,2272,https://london.eater.com/2019/12/9/21002466/wahlburgers-burger-restaurant-covent-garden-london-mark-wahlberg-sale
2,london_eater_rest,02_london_eater_rest,2273,https://london.eater.com/2019/12/6/20997116/justin-trudeau-donald-trump-nato-summit-london-restaurants
2,london_eater_rest,02_london_eater_rest,2274,https://london.eater.com/2019/12/6/20998645/nobu-restaurant-shoreditch-work-waiters-internships
2,london_eater_rest,02_london_eater_rest,2275,https://london.eater.com/2019/12/2/20991384/hackney-bakery-vote-labour-jeremy-corbyn
2,london_eater_rest,02_london_eater_rest,2276,https://london.eater.com/2019/11/29/20987712/jamie-oliver-jeremy-corbyn-mick-jagger-london-restaurant-celebrity-sightings
2,london_eater_rest,02_london_eater_rest,2277,https://london.eater.com/2019/11/28/20975808/barboun-shoreditch-turkish-cypriot-grill-restaurant
2,london_eater_rest,02_london_eater_rest,2278,https://london.eater.com/2019/11/28/20986865/regent-street-sainsburys-christmas-restaurant-dogs
2,london_eater_rest,02_london_eater_rest,2279,https://london.eater.com/2019/11/27/20985184/london-restaurants-news-beaujoalais-nouveau-instagram
2,london_eater_rest,02_london_eater_rest,2280,https://london.eater.com/2019/11/26/20981906/los-noodle-factory-chinatown-closing-shaftesbury
2,london_eater_rest,02_london_eater_rest,2281,https://london.eater.com/2019/11/25/20981977/bake-off-winner-david-atherton-hackney-social-enterprise-better-bakery
2,london_eater_rest,02_london_eater_rest,2282,https://london.eater.com/2019/11/21/20975623/food-bank-statistics-uk-trussell-trust-labour-conservative-fact-check
2,london_eater_rest,02_london_eater_rest,2283,https://london.eater.com/2019/11/19/20972103/alan-yau-restaurants-london-obica-south-kensington-mozzarella-sando
2,london_eater_rest,02_london_eater_rest,2284,https://london.eater.com/2019/11/18/20970275/pizza-express-woking-reviews-prince-andrew-interview-jeffrey-epstein
2,london_eater_rest,02_london_eater_rest,2285,https://london.eater.com/2019/11/15/20959155/ballie-ballerson-shoreditch-closes-rascals-restaurant-bigger-ballpit
2,london_eater_rest,02_london_eater_rest,2286,https://london.eater.com/2019/11/15/20966414/connaught-hotel-restaurants-grill-reopening-jean-georges-vongerichten
2,london_eater_rest,02_london_eater_rest,2287,https://london.eater.com/2019/11/14/20962808/green-citrus-season-bergamots-mandarins-london-restaurants
2,london_eater_rest,02_london_eater_rest,2288,https://london.eater.com/2019/11/14/20964991/boris-johnson-glastonbury-appearance-bakery-bread-protesters
2,london_eater_rest,02_london_eater_rest,2289,https://london.eater.com/2019/11/13/20955378/eater-talks-restaurant-design-london
2,london_eater_rest,02_london_eater_rest,2290,https://london.eater.com/2019/11/13/20961462/galaxy-chocolate-vegan-milk-chocolate-bar
2,london_eater_rest,02_london_eater_rest,2291,https://london.eater.com/2019/11/12/20961023/boris-johnson-general-election-wolverhampton-pub-pulling-pints-nigel-farage-tim-martin
2,london_eater_rest,02_london_eater_rest,2292,https://london.eater.com/2019/11/8/20954810/jack-ryan-amazon-tom-clancy-john-krasinski-london-restaurant-scene
2,london_eater_rest,02_london_eater_rest,2293,https://london.eater.com/2019/11/8/20954866/gordon-ramsay-lucky-cat-restaurant-london-las-vegas
2,london_eater_rest,02_london_eater_rest,2294,https://london.eater.com/2019/11/7/20953013/posh-crumpets-food-trend-yotam-ottolenghi-waitrose
2,london_eater_rest,02_london_eater_rest,2295,https://london.eater.com/2019/11/6/20950114/pizza-express-administration-debt-menu-restaurants
2,london_eater_rest,02_london_eater_rest,2296,https://london.eater.com/2019/11/6/20951168/trivet-restaurant-menu-london-bridge-potato-millefeuille-dessert
2,london_eater_rest,02_london_eater_rest,2297,https://london.eater.com/2019/11/6/20951427/salt-bae-restaurant-london-burgers-mayfair
2,london_eater_rest,02_london_eater_rest,2298,https://london.eater.com/2019/11/5/20948176/acorns-food-trend-uk-eating-acorns-history-squirrels
2,london_eater_rest,02_london_eater_rest,2299,https://london.eater.com/2019/10/31/20941532/hospitality-speaks-london-restaurant-abuse-harassment-safety
2,london_eater_rest,02_london_eater_rest,2300,https://london.eater.com/2019/10/30/20939725/caffe-nero-coffee-waitrose-supermarkets-comparison
2,london_eater_rest,02_london_eater_rest,2301,https://london.eater.com/2019/10/29/20937888/gaucho-london-new-menu-steak-restaurants-fitzrovia
2,london_eater_rest,02_london_eater_rest,2302,https://london.eater.com/2019/10/28/20935870/ceviche-martin-morales-peruvian-restaurants-london-administrator-sale
2,london_eater_rest,02_london_eater_rest,2303,https://london.eater.com/2019/10/28/20935907/mikkeller-craft-beer-bar-london-exmouth-market-rick-astley
2,london_eater_rest,02_london_eater_rest,2304,https://london.eater.com/2019/10/28/20935966/brexit-christmas-election-pigs-blankets-food-supply
2,london_eater_rest,02_london_eater_rest,2305,https://london.eater.com/2019/10/25/20930582/ikea-food-menu-christmas-2019-vegan
2,london_eater_rest,02_london_eater_rest,2306,https://london.eater.com/2019/10/25/20930585/kylie-minogue-celebrity-spotting-london-annabels-restaurant-mayfair
2,london_eater_rest,02_london_eater_rest,2307,https://london.eater.com/2019/10/25/20932123/chick-fil-a-uk-restaurant-macdonald-aviemore-resort-scotland
2,london_eater_rest,02_london_eater_rest,2308,https://london.eater.com/2019/10/24/20930072/bleecker-burger-westfield-london-best-burgers
2,london_eater_rest,02_london_eater_rest,2309,https://london.eater.com/2019/10/23/20928256/patty-bun-burger-padella-pasta-cacio-pepe-london-restaurants
2,london_eater_rest,02_london_eater_rest,2310,https://london.eater.com/2019/10/23/20928277/market-halls-west-end-twisted-london-facebook-food-studio
2,london_eater_rest,02_london_eater_rest,2311,https://london.eater.com/2019/10/21/20924537/jamie-oliver-fifteen-closed-shoreditch-barworks-new-pub
2,london_eater_rest,02_london_eater_rest,2312,https://london.eater.com/2019/10/16/20916927/market-halls-west-end-restaurant-katsu-sando-yatai-angelo-sato
2,london_eater_rest,02_london_eater_rest,2313,https://london.eater.com/2019/10/16/20917017/arabica-new-coffee-shop-london-covent-garden-broadway-market
2,london_eater_rest,02_london_eater_rest,2314,https://london.eater.com/2019/10/15/20915920/bake-off-gbbo-pastry-week-review
2,london_eater_rest,02_london_eater_rest,2315,https://london.eater.com/2019/10/14/20913303/deliveroo-hacking-passwords-food-deliveries-dark-web
2,london_eater_rest,02_london_eater_rest,2316,https://london.eater.com/2019/10/14/20913326/chick-fil-a-uk-restaurant-lgbtq-protest-fried-chicken-sandwich-oracle-reading-shopping-centre
2,london_eater_rest,02_london_eater_rest,2317,https://london.eater.com/2019/10/10/20907705/food-ban-public-transport-chief-medical-officer-sally-davies-obesity-report
2,london_eater_rest,02_london_eater_rest,2318,https://london.eater.com/2019/10/9/20904300/mac-and-cheese-macaroni-recipes-lobster-truffle-london-restaurants
2,london_eater_rest,02_london_eater_rest,2319,https://london.eater.com/2019/10/9/20906045/pizza-express-restaurants-debt-closure-rumours
2,london_eater_rest,02_london_eater_rest,2320,https://london.eater.com/2019/10/9/20906259/london-food-halls-food-courts-arcade-food-hall-eataly-market-halls-time-out
2,london_eater_rest,02_london_eater_rest,2321,https://london.eater.com/2019/10/8/20904271/heston-blumental-restaurant-kitchens-women-equality
2,london_eater_rest,02_london_eater_rest,2322,https://london.eater.com/2019/10/8/20904365/wilder-restaurant-boundary-shoreditch-terence-conran
2,london_eater_rest,02_london_eater_rest,2323,https://london.eater.com/2019/10/8/20905058/bake-off-gbbo-festival-week-review-henry-paul-hollywood-shut-up
2,london_eater_rest,02_london_eater_rest,2324,https://london.eater.com/2019/10/7/20901927/kfc-fried-chicken-shortage-crisis-restaurants-closed-impact
2,london_eater_rest,02_london_eater_rest,2325,https://london.eater.com/2019/10/7/20902523/pizza-express-folding-closing-twitter-calzone-menu
2,london_eater_rest,02_london_eater_rest,2326,https://london.eater.com/2019/10/3/20896591/simplicity-vegan-burger-restaurant-east-london-neil-rankin
2,london_eater_rest,02_london_eater_rest,2327,https://london.eater.com/2019/10/2/20891007/st-john-restaurant-london-fergus-henderson-nose-to-tail-legacy-eater-talks
2,london_eater_rest,02_london_eater_rest,2328,https://london.eater.com/2019/10/2/20893610/st-john-restaurant-25th-anniversary-fergus-henderson-book-of-st-john
2,london_eater_rest,02_london_eater_rest,2329,https://london.eater.com/2019/10/2/20894910/borough-market-kitchen-new-food-court-london-bridge-liz-haigh
2,london_eater_rest,02_london_eater_rest,2330,https://london.eater.com/2019/10/1/20892999/fray-bentos-pie-vegan-peta-awards-2019
2,london_eater_rest,02_london_eater_rest,2331,https://london.eater.com/2019/10/1/20893003/breddos-tacos-kingly-street-soho-closed-patty-bun-burgers-opening
2,london_eater_rest,02_london_eater_rest,2332,https://london.eater.com/2019/10/1/20893027/gino-dacampo-my-restaurant-euston-station-london-closed-starbucks
2,london_eater_rest,02_london_eater_rest,2333,https://london.eater.com/2019/10/1/20893345/westfield-london-restaurants-korean-fried-chicken-judy-joo
2,london_eater_rest,02_london_eater_rest,2334,https://london.eater.com/2019/10/1/20893695/great-british-bake-off-episode-6-review-dessert-week-gbbo
2,london_eater_rest,02_london_eater_rest,2335,https://london.eater.com/2019/9/30/20890966/hipchips-london-hip-chips-restaurant-soho-closed
2,london_eater_rest,02_london_eater_rest,2336,https://london.eater.com/2019/9/30/20891194/jamies-italian-restaurant-collapse-jamie-oliver-recipe-book-tv
2,london_eater_rest,02_london_eater_rest,2337,https://london.eater.com/2019/9/27/20885440/succession-hbo-london-episode-7-season-2-restaurant-scene
2,london_eater_rest,02_london_eater_rest,2338,https://london.eater.com/2019/9/25/20883084/best-burgers-london-bleecker-burger-new-beef-supplier-the-butchery
2,london_eater_rest,02_london_eater_rest,2339,https://london.eater.com/2019/9/25/20883174/bancone-covent-garden-pasta-new-restaurant-soho
2,london_eater_rest,02_london_eater_rest,2340,https://london.eater.com/2019/9/24/20881400/le-cordon-bleu-london-fleet-street-restaurant-cookery-school
2,london_eater_rest,02_london_eater_rest,2341,https://london.eater.com/2019/9/24/20881746/emile-shoreditch-restaurant-residency-drapers-arms-islington
2,london_eater_rest,02_london_eater_rest,2342,https://london.eater.com/2019/9/24/20882092/great-british-bake-off-episode-5-review-roaring-twenties-week
2,london_eater_rest,02_london_eater_rest,2343,https://london.eater.com/2019/9/23/20875628/gaylord-indian-restaurant-london-closed
2,london_eater_rest,02_london_eater_rest,2344,https://london.eater.com/2019/9/23/20875636/westfield-london-copper-chimney-indian-food-court
2,london_eater_rest,02_london_eater_rest,2345,https://london.eater.com/2019/9/23/20879453/chinatown-restaurant-fire-gerrard-street-london
2,london_eater_rest,02_london_eater_rest,2346,https://london.eater.com/2019/9/20/20874218/david-schwimmer-friends-spotted-gloria-restaurant-shoreditch-london-fashion-week
2,london_eater_rest,02_london_eater_rest,2347,https://london.eater.com/2019/9/18/20871862/bao-hoppers-new-restaurants-pancras-square-kings-cross-jks
2,london_eater_rest,02_london_eater_rest,2348,https://london.eater.com/2019/9/18/20871893/st-john-restaurant-la-platform-culver-city-fergus-henderson
2,london_eater_rest,02_london_eater_rest,2349,https://london.eater.com/2019/9/18/20871938/alan-yau-new-chinese-restaurant-london-docklands-canary-wharf
2,london_eater_rest,02_london_eater_rest,2350,https://london.eater.com/2019/9/17/20870326/yo-sushi-new-restaurant-london-yo-kitchen-westfield-london-no-conveyor-belt
2,london_eater_rest,02_london_eater_rest,2351,https://london.eater.com/2019/9/17/20870929/dairy-week-review-great-british-bake-off-episode-4
2,london_eater_rest,02_london_eater_rest,2352,https://london.eater.com/2019/9/16/20868273/pastaio-fresh-pasta-westfield-london-restaurants-white-city
2,london_eater_rest,02_london_eater_rest,2353,https://london.eater.com/2019/9/13/20863014/downton-abbey-film-premiere-london-restaurant-quaglinos-mayfair
2,london_eater_rest,02_london_eater_rest,2354,https://london.eater.com/2019/9/13/20863957/queen-elizabeth-favourite-food-fray-bentos-pies
2,london_eater_rest,02_london_eater_rest,2355,https://london.eater.com/2019/9/12/20860999/lunch-stolen-work-coworkers-steal-food
2,london_eater_rest,02_london_eater_rest,2356,https://london.eater.com/2019/9/12/20862289/operation-yellowhammer-no-deal-brexit-food-shortages
2,london_eater_rest,02_london_eater_rest,2357,https://london.eater.com/2019/9/12/20862293/church-road-restaurant-barnes-sonnys-kitchen
2,london_eater_rest,02_london_eater_rest,2358,https://london.eater.com/2019/9/11/20859233/consume-foraged-wild-mushrooms-london-restaurant-menus-autumn
2,london_eater_rest,02_london_eater_rest,2359,https://london.eater.com/2019/9/10/20857209/black-food-festival-london-charcoal-lattes-squid-ink
2,london_eater_rest,02_london_eater_rest,2360,https://london.eater.com/2019/9/10/20857382/abokado-menu-london-restaurant-closures-high-street
2,london_eater_rest,02_london_eater_rest,2361,https://london.eater.com/2019/9/10/20859455/bread-week-great-british-bake-off-2019-episode-3-review
2,london_eater_rest,02_london_eater_rest,2362,https://london.eater.com/2019/9/9/20828241/trinidadian-restaurant-limin-old-spitalfields-market-closed
2,london_eater_rest,02_london_eater_rest,2363,https://london.eater.com/2019/9/9/20856612/snickers-marathon-chocolate-bar-relaunch-morrisons
2,london_eater_rest,02_london_eater_rest,2364,https://london.eater.com/2019/9/5/20850706/piers-morgan-gordon-ramsay-vegan-food-rant
2,london_eater_rest,02_london_eater_rest,2365,https://london.eater.com/2019/9/4/20849091/great-british-bake-off-2019-episode-2-biscuit-week-review
2,london_eater_rest,02_london_eater_rest,2366,https://london.eater.com/2019/9/3/20847099/borough-market-restaurant-26-grains-stoney-street
2,london_eater_rest,02_london_eater_rest,2367,https://london.eater.com/2019/9/2/20843641/michael-gove-no-deal-brexit-food-shortages-fresh-food-supply-uk
2,london_eater_rest,02_london_eater_rest,2368,https://london.eater.com/2019/9/2/20844409/ivy-asia-restaurant-london-st-pauls-jamie-oliver-barbecoa
2,london_eater_rest,02_london_eater_rest,2369,https://london.eater.com/2019/8/30/20840359/chick-fil-a-london-restaurant-2019
2,london_eater_rest,02_london_eater_rest,2370,https://london.eater.com/2019/8/29/20838104/marco-pierre-white-chef-women-emotional-kitchen-nonsense
2,london_eater_rest,02_london_eater_rest,2371,https://london.eater.com/2019/8/29/20838126/lewis-hamilton-vegan-beyond-meat-neat-burger-restaurant-london
2,london_eater_rest,02_london_eater_rest,2372,https://london.eater.com/2019/8/29/20838162/akoko-west-african-restaurant-london-masterchef-professionals
2,london_eater_rest,02_london_eater_rest,2373,https://london.eater.com/2019/8/28/20835556/great-british-bake-off-2019-episode-one-review-cake
2,london_eater_rest,02_london_eater_rest,2374,https://london.eater.com/2019/8/27/20834760/burger-lobster-restaurants-london-zelman-goodman-steakhouse
2,london_eater_rest,02_london_eater_rest,2375,https://london.eater.com/2019/8/23/20828310/stormzy-maya-jama-london-restaurant-celebrities-sexy-fish
2,london_eater_rest,02_london_eater_rest,2376,https://london.eater.com/2019/8/23/20829477/yann-couvreur-paris-patisserie-opening-mayfair-london
2,london_eater_rest,02_london_eater_rest,2377,https://london.eater.com/2019/8/23/20829489/london-boy-taylor-swift-new-song-restaurant-crawl
2,london_eater_rest,02_london_eater_rest,2378,https://london.eater.com/2019/8/22/20828178/wetherspoons-pubs-tim-martin-beer-prices-no-deal-brexit
2,london_eater_rest,02_london_eater_rest,2379,https://london.eater.com/2019/8/22/20828288/new-cantonese-roast-meat-restaurant-three-uncles-city-london-liverpool-street
2,london_eater_rest,02_london_eater_rest,2380,https://london.eater.com/2019/8/21/20815066/jamie-oliver-naked-chef-bares-all-tv-show-channel-4-time
2,london_eater_rest,02_london_eater_rest,2381,https://london.eater.com/2019/8/21/20826337/tonkotsu-ramen-london-new-restaurant-peckham
2,london_eater_rest,02_london_eater_rest,2382,https://london.eater.com/2019/8/21/20826439/pret-a-manger-london-eat-sale-veggie-pret
2,london_eater_rest,02_london_eater_rest,2383,https://london.eater.com/2019/8/20/20813466/greene-king-pubs-menu-brewery-takeover
2,london_eater_rest,02_london_eater_rest,2384,https://london.eater.com/2019/8/20/20813479/reubens-kosher-restaurant-deli-central-london-rescue
2,london_eater_rest,02_london_eater_rest,2385,https://london.eater.com/2019/8/20/20813678/no-deal-brexit-food-shortages-school-dinners-uk
2,london_eater_rest,02_london_eater_rest,2386,https://london.eater.com/2019/8/19/20811187/paul-hollywood-great-british-bake-off-knead-bakery-euston-london-closed
2,london_eater_rest,02_london_eater_rest,2387,https://london.eater.com/2019/8/19/20811817/sons-daughters-coal-drops-yard-sandwich-shop-restaurant-pidgin-hackney
2,london_eater_rest,02_london_eater_rest,2388,https://london.eater.com/2019/8/19/20811818/best-joke-edinburgh-fringe-2019-dave-olaf-falafel
2,london_eater_rest,02_london_eater_rest,2389,https://london.eater.com/2019/8/19/20811888/kolamba-new-sri-lankan-restaurant-soho-london-hoppers-sambols
2,london_eater_rest,02_london_eater_rest,2390,https://london.eater.com/2019/8/16/20807515/foodgod-jonathan-cheban-harrods-food-hall-london
2,london_eater_rest,02_london_eater_rest,2391,https://london.eater.com/2019/8/15/20806985/st-leonards-restaurant-shoreditch-jackson-boxer-andrew-clarke
2,london_eater_rest,02_london_eater_rest,2392,https://london.eater.com/2019/8/14/20803715/maos-restaurant-shoreditch-tasting-menu-london-nuno-mendes
2,london_eater_rest,02_london_eater_rest,2393,https://london.eater.com/2019/8/14/20805257/montys-deli-london-kerb-seven-dials-market-opening
2,london_eater_rest,02_london_eater_rest,2394,https://london.eater.com/2019/8/14/20805330/seabird-hoxton-hotel-southwark-maison-premiere-brooklyn-oyster-restaurant
2,london_eater_rest,02_london_eater_rest,2395,https://london.eater.com/2019/8/13/20804114/snackbar-cafe-dalston-urban-farm-freddie-janssen
2,london_eater_rest,02_london_eater_rest,2396,https://london.eater.com/2019/8/12/20800889/food-miles-local-seasonal-produce-fruit-vegetables-climate-change
2,london_eater_rest,02_london_eater_rest,2397,https://london.eater.com/2019/8/12/20801722/jamie-oliver-restaurant-empire-collapse-jamies-italian-posh
2,london_eater_rest,02_london_eater_rest,2398,https://london.eater.com/2019/8/12/20801842/jamie-olivers-restaurants-sold-jamies-italian-fifteen-barbecoa
2,london_eater_rest,02_london_eater_rest,2399,https://london.eater.com/2019/8/8/20775459/mcdonalds-spicy-nuggets-uk-launch-review
2,london_eater_rest,02_london_eater_rest,2400,https://london.eater.com/2019/8/7/20757457/byron-burger-restaurant-menu-locations-new-logo
2,london_eater_rest,02_london_eater_rest,2401,https://london.eater.com/2019/8/7/20758287/food-supply-shortages-no-deal-brexit-supermarkets-competition-government-plan
2,london_eater_rest,02_london_eater_rest,2402,https://london.eater.com/2019/8/6/20756592/no-deal-brexit-food-supply-shortages-fresh-food-low-income-food-banks
2,london_eater_rest,02_london_eater_rest,2403,https://london.eater.com/2019/8/6/20756667/julies-restaurant-london-holland-park-reopening
2,london_eater_rest,02_london_eater_rest,2404,https://london.eater.com/2019/8/2/20750169/keir-starmer-labour-brexit-secretary-drummond-street-restaurants
2,london_eater_rest,02_london_eater_rest,2405,https://london.eater.com/2019/8/2/20751417/clink-prison-restaurant-charity-reoffending-rates-uk
2,london_eater_rest,02_london_eater_rest,2406,https://london.eater.com/2019/7/30/20732092/pakistani-restaurants-london-namak-mandi-tooting-peshawar
2,london_eater_rest,02_london_eater_rest,2407,https://london.eater.com/2019/7/30/20732097/jamie-oliver-restaurants-collapse-jamies-italian-times
2,london_eater_rest,02_london_eater_rest,2408,https://london.eater.com/2019/7/30/20746736/eleven-madison-park-daniel-humm-will-guidara-split-claridges-hotel-new-restaurant-london
2,london_eater_rest,02_london_eater_rest,2409,https://london.eater.com/2019/7/24/20708199/no-deal-brexit-uk-food-prices-shortages-boris-johnson-prime-minister
2,london_eater_rest,02_london_eater_rest,2410,https://london.eater.com/2019/7/23/20706734/jamie-oliver-jamies-italian-restaurant-collapse-debt-hsbc-hmrc-83-million
2,london_eater_rest,02_london_eater_rest,2411,https://london.eater.com/2019/7/19/20700455/new-liverpool-street-restaurant-cantonese-roast-meats-three-uncles
2,london_eater_rest,02_london_eater_rest,2412,https://london.eater.com/2019/7/18/20699020/legare-italian-restaurant-london-shad-thames-london-bridge
2,london_eater_rest,02_london_eater_rest,2413,https://london.eater.com/2019/7/17/18513997/vardo-caravan-coffee-chelsea-duke-of-york-square
2,london_eater_rest,02_london_eater_rest,2414,https://london.eater.com/2019/7/17/20696263/gilda-pintxo-san-sebastian-restaurants-london
2,london_eater_rest,02_london_eater_rest,2415,https://london.eater.com/2019/7/16/20695979/dishoom-covent-garden-jamies-italian-restaurant-empire-collapse
2,london_eater_rest,02_london_eater_rest,2416,https://london.eater.com/2019/7/15/20693816/kfc-fried-chicken-welfare-eu-fast-food-law
2,london_eater_rest,02_london_eater_rest,2417,https://london.eater.com/2019/7/12/20691528/dessert-tasting-menu-restaurant-no-idea-shoreditch
2,london_eater_rest,02_london_eater_rest,2418,https://london.eater.com/2019/7/11/20690247/action-bronson-eater-london-38-restaurants-brawn-marksman-mangal-2
2,london_eater_rest,02_london_eater_rest,2419,https://london.eater.com/2019/7/10/20687341/summer-restaurant-trend-mr-whippy-ice-cream-99-flake-sundaes-london
2,london_eater_rest,02_london_eater_rest,2420,https://london.eater.com/2019/7/9/20680829/10-heddon-st-london-pasta-restaurant-mayfair
2,london_eater_rest,02_london_eater_rest,2421,https://london.eater.com/2019/7/9/20686133/richard-caring-ivy-annabels-sexy-fish-jamie-oliver-restaurants
2,london_eater_rest,02_london_eater_rest,2422,https://london.eater.com/2019/7/8/20685202/solar-foods-protein-food-substitute-climate-change
2,london_eater_rest,02_london_eater_rest,2423,https://london.eater.com/2019/7/8/20685962/sonnys-kitchen-restaurant-barnes-south-west-london
2,london_eater_rest,02_london_eater_rest,2424,https://london.eater.com/2019/7/8/20686026/bun-house-soho-new-restaurant-wuns-greek-street
2,london_eater_rest,02_london_eater_rest,2425,https://london.eater.com/2019/7/5/20682108/tou-arcade-food-theatre-centre-point-tata-eatery-katsu-sando
2,london_eater_rest,02_london_eater_rest,2426,https://london.eater.com/2019/7/5/20682271/roger-federer-wimbledon-2019-order-play-tennis-players-eat
2,london_eater_rest,02_london_eater_rest,2427,https://london.eater.com/2019/7/4/20682280/montys-deli-hoxton-street-closing
2,london_eater_rest,02_london_eater_rest,2428,https://london.eater.com/2019/7/3/20678739/sweet-chick-nas-rapper-fried-chicken-waffles-restaurant-london
2,london_eater_rest,02_london_eater_rest,2429,https://london.eater.com/2019/7/3/20678852/circolo-popolare-london-restaurant-gloria-shoreditch-big-mamma
2,london_eater_rest,02_london_eater_rest,2430,https://london.eater.com/2019/7/3/20680705/cult-la-restaurant-eggslut-clarence-court-london-notting-hill
2,london_eater_rest,02_london_eater_rest,2431,https://london.eater.com/2019/7/2/20677977/gordon-ramsay-youtube-burgers-lucky-cat-london-restaurant-mayfair
2,london_eater_rest,02_london_eater_rest,2432,https://london.eater.com/2019/7/1/19102724/flat-iron-steak-london-restaurant-menu-commercial-street
2,london_eater_rest,02_london_eater_rest,2433,https://london.eater.com/2019/6/28/19054978/gordon-ramsay-new-restaurants-america-kitchen-nightmares
2,london_eater_rest,02_london_eater_rest,2434,https://london.eater.com/2019/6/26/18759670/levi-roots-restaurant-westfield-stratford-closed-jamie-oliver
2,london_eater_rest,02_london_eater_rest,2435,https://london.eater.com/2019/6/24/18713265/paris-fashion-week-2019-st-john-restaurant-london-junya-watanabe-cdg
2,london_eater_rest,02_london_eater_rest,2436,https://london.eater.com/2019/6/21/18700771/lina-stores-italian-deli-pasta-restaurant-soho-kings-cross
2,london_eater_rest,02_london_eater_rest,2437,https://london.eater.com/2019/6/20/18692776/casa-do-frango-piri-piri-chicken-new-london-restaurant-shoreditch
2,london_eater_rest,02_london_eater_rest,2438,https://london.eater.com/2019/6/20/18693085/jason-atherton-victoria-palace-theatre-hamilton-new-bar
2,london_eater_rest,02_london_eater_rest,2439,https://london.eater.com/2019/6/18/18683822/jamie-oliver-channel-4-documentary-naked-chef
2,london_eater_rest,02_london_eater_rest,2440,https://london.eater.com/2019/6/17/18681742/boris-johnson-carrie-symonds-takeaway-tory-leadership-deliveroo-uber-eats
2,london_eater_rest,02_london_eater_rest,2441,https://london.eater.com/2019/6/14/18678784/jamie-oliver-sold-three-restaurants-kpmg-ssp-gatwick-airport
2,london_eater_rest,02_london_eater_rest,2442,https://london.eater.com/2019/6/14/18678792/food-waste-uk-supermarkets-government-pledge
2,london_eater_rest,02_london_eater_rest,2443,https://london.eater.com/2019/6/14/18678828/pastaio-fresh-pasta-restaurant-london-marylebone
2,london_eater_rest,02_london_eater_rest,2444,https://london.eater.com/2019/6/13/18662809/classic-british-food-yougov-poll-twitter
2,london_eater_rest,02_london_eater_rest,2445,https://london.eater.com/2019/6/12/18662512/richard-corrigan-new-london-restaurant-corrigans-mayfair-old-street
2,london_eater_rest,02_london_eater_rest,2446,https://london.eater.com/2019/6/11/18660095/starbucks-coffee-reusable-cups-gatwick-airport-london
2,london_eater_rest,02_london_eater_rest,2447,https://london.eater.com/2019/6/11/18661020/great-scotland-yard-hotel-london-restaurants-robin-gill-darbys-dairy-clapham
2,london_eater_rest,02_london_eater_rest,2448,https://london.eater.com/2019/6/10/18659458/pitt-cue-london-devonshire-square-restaurant-closed
2,london_eater_rest,02_london_eater_rest,2449,https://london.eater.com/2019/6/6/18655029/polpo-russell-norman-italian-restaurant-london-closed
2,london_eater_rest,02_london_eater_rest,2450,https://london.eater.com/2019/6/6/18655207/natoora-london-vegetables-cafe-portobello-road
2,london_eater_rest,02_london_eater_rest,2451,https://london.eater.com/2019/6/5/18653501/angela-hartnett-murano-new-italian-restaurant-london
2,london_eater_rest,02_london_eater_rest,2452,https://london.eater.com/2019/6/3/18650198/gg-hospitality-tom-kerridge-new-restaurant-manchester
2,london_eater_rest,02_london_eater_rest,2453,https://london.eater.com/2019/5/31/18647000/gordon-ramsay-stuart-gillies-ceo-new-restaurant-chislehurst-london
2,london_eater_rest,02_london_eater_rest,2454,https://london.eater.com/2019/5/29/18642597/samin-nosrat-salt-fat-acid-heat-favourite-restaurant-in-the-world
2,london_eater_rest,02_london_eater_rest,2455,https://london.eater.com/2019/5/28/18642312/victor-garvey-barullo-paella-restaurant-city-spanish-closed
2,london_eater_rest,02_london_eater_rest,2456,https://london.eater.com/2019/5/28/18642474/gordon-ramsay-restaurants-london-profit-success
2,london_eater_rest,02_london_eater_rest,2457,https://london.eater.com/2019/5/24/18638300/game-of-thrones-sophie-turner-michael-fassbender-soho-house-celebrity-restaurants
2,london_eater_rest,02_london_eater_rest,2458,https://london.eater.com/2019/5/24/18638456/master-bao-taiwanese-peckham-westfield-london-new-restaurant-expansion
2,london_eater_rest,02_london_eater_rest,2459,https://london.eater.com/2019/5/23/18635803/jamie-oliver-restaurant-group-rescue-collapse-milkshake-nigel-farage-brexit-eu-elections
2,london_eater_rest,02_london_eater_rest,2460,https://london.eater.com/2019/5/23/18636879/baoziinn-restaurant-borough-dim-sum-london
2,london_eater_rest,02_london_eater_rest,2461,https://london.eater.com/2019/5/23/18637069/gordon-ramsay-lucky-cat-asian-eating-house-not-authentic-vibrant-opening-mayfair
2,london_eater_rest,02_london_eater_rest,2462,https://london.eater.com/2019/5/22/18635323/pret-a-manger-eat-acquisiton-vegeterian
2,london_eater_rest,02_london_eater_rest,2463,https://london.eater.com/2019/5/22/18635407/18-year-old-providores-peter-gordon-london-restaurant-close-july
2,london_eater_rest,02_london_eater_rest,2464,https://london.eater.com/2019/5/22/18635639/new-persian-restaurant-open-covent-garden-nutshell
2,london_eater_rest,02_london_eater_rest,2465,https://london.eater.com/2019/5/21/18633777/uk-restaurant-closures-cga-report-london-growth
2,london_eater_rest,02_london_eater_rest,2466,https://london.eater.com/2019/5/21/18633810/jamie-oliver-restaurants-administration-jamies-italian-fifteen
2,london_eater_rest,02_london_eater_rest,2467,https://london.eater.com/2019/5/17/18627707/gloria-italian-restaurant-shoreditch-mick-jagger-celebrity-sightings-london
2,london_eater_rest,02_london_eater_rest,2468,https://london.eater.com/2019/5/17/18629002/rosas-thai-cafe-saiphin-alex-moore-hoh-sek-chinese-noodles
2,london_eater_rest,02_london_eater_rest,2469,https://london.eater.com/2019/5/16/18627817/by-chloe-vegan-restaurant-byron-burger-oxford-circus
2,london_eater_rest,02_london_eater_rest,2470,https://london.eater.com/2019/5/15/18623014/bao-borough-market-parrillan-coal-drops-yard-london-restaurant-hype
2,london_eater_rest,02_london_eater_rest,2471,https://london.eater.com/2019/5/9/18537052/west-africa-eastern-europe-new-mayfair-fusion-restaurant-stork
2,london_eater_rest,02_london_eater_rest,2472,https://london.eater.com/2019/5/9/18538022/market-halls-london-food-hall-canary-wharf-crossrail-place
2,london_eater_rest,02_london_eater_rest,2473,https://london.eater.com/2019/5/8/18535608/new-star-wars-day-2019-london-restaurant-black-axe-mangal
2,london_eater_rest,02_london_eater_rest,2474,https://london.eater.com/2019/5/8/18536611/reubens-kosher-restaurant-baker-street-closed
2,london_eater_rest,02_london_eater_rest,2475,https://london.eater.com/2019/5/7/18531779/michael-gove-step-up-to-the-plate-uk-food-waste
2,london_eater_rest,02_london_eater_rest,2476,https://london.eater.com/2019/5/3/18528235/corbin-and-king-seafood-restaurant-manzis-batemans-buildings-soho
2,london_eater_rest,02_london_eater_rest,2477,https://london.eater.com/2019/5/1/18285413/elephant-and-castle-shopping-centre-food-demolition
2,london_eater_rest,02_london_eater_rest,2478,https://london.eater.com/2019/5/1/18523705/elephant-and-castle-shopping-centre-demolition-london-latinx-food-culture
2,london_eater_rest,02_london_eater_rest,2479,https://london.eater.com/2019/5/1/18523824/london-restaurant-trend-green-pasta-padella
2,london_eater_rest,02_london_eater_rest,2480,https://london.eater.com/2019/5/1/18525497/eater-talks-london-restaurants-live-event-ace-hotel-shoreditch-cultural-appropriation
2,london_eater_rest,02_london_eater_rest,2481,https://london.eater.com/2019/4/30/18296530/cook-daily-vegan-restaurant-east-london
2,london_eater_rest,02_london_eater_rest,2482,https://london.eater.com/2019/4/30/18523743/gloria-restaurant-shoreditch-italian-new-restaurant-circolo-big-mamma
2,london_eater_rest,02_london_eater_rest,2483,https://london.eater.com/2019/4/29/18522421/london-cocktail-bar-termini-centrale-closed
2,london_eater_rest,02_london_eater_rest,2484,https://london.eater.com/2019/4/29/18522449/come-dine-with-me-winner-craig-mcalpine-restaurant-brick-lane-london
2,london_eater_rest,02_london_eater_rest,2485,https://london.eater.com/2019/4/26/18516302/st-john-restaurant-london-fergus-henderson-new-book
2,london_eater_rest,02_london_eater_rest,2486,https://london.eater.com/2019/4/26/18516979/celebrity-sightings-london-restaurants-natalie-imbruglia-mark-ronson-towie-chiltern-firehouse
2,london_eater_rest,02_london_eater_rest,2487,https://london.eater.com/2019/4/23/18512236/central-london-restaurant-st-james-market-wild-honey-anthony-demetre
2,london_eater_rest,02_london_eater_rest,2488,https://london.eater.com/2019/4/17/18410090/london-east-end-food-poplar-regeneration
2,london_eater_rest,02_london_eater_rest,2489,https://london.eater.com/2019/4/17/18410648/easter-2019-london-restaurant-bao-buns-dim-sum-hot-cross
2,london_eater_rest,02_london_eater_rest,2490,https://london.eater.com/2019/4/16/18388731/brixton-village-sarap-filipino-restaurant-london
2,london_eater_rest,02_london_eater_rest,2491,https://london.eater.com/2019/4/16/18410757/uk-biggest-food-hall-open-oxford-street-central-london
2,london_eater_rest,02_london_eater_rest,2492,https://london.eater.com/2019/4/15/18311125/natural-wine-bar-london-rawduck-hackney-closure
2,london_eater_rest,02_london_eater_rest,2493,https://london.eater.com/2019/4/15/18311493/robert-de-niro-nobu-opening-second-hotel-london
2,london_eater_rest,02_london_eater_rest,2494,https://london.eater.com/2019/4/12/18307528/new-vegan-chinese-restaurant-mao-chow-hackney
2,london_eater_rest,02_london_eater_rest,2495,https://london.eater.com/2019/4/12/18307876/gascony-duck-restaurant-monsieur-clerkenwell-spitalfields
2,london_eater_rest,02_london_eater_rest,2496,https://london.eater.com/2019/4/11/18305868/suzi-tros-new-greek-restaurant-notting-hill
2,london_eater_rest,02_london_eater_rest,2497,https://london.eater.com/2019/4/11/18305873/shake-shack-burgers-uk-10-essex-intu-lakeside-restaurant
2,london_eater_rest,02_london_eater_rest,2498,https://london.eater.com/2019/4/11/18306428/first-look-p-franco-brand-new-dinner-menu-chef-tubo-logier
2,london_eater_rest,02_london_eater_rest,2499,https://london.eater.com/2019/4/10/18304733/my-neighbour-the-dumpling-restaurant-clapton-second-location-victoria-park
2,london_eater_rest,02_london_eater_rest,2500,https://london.eater.com/2019/4/9/18301904/lifestyle-vegan-restaurant-with-puns-fulham-kiss-my-grass
2,london_eater_rest,02_london_eater_rest,2501,https://london.eater.com/2019/4/8/18300374/tv-chef-james-martin-el-bulli-ferran-adria
2,london_eater_rest,02_london_eater_rest,2502,https://london.eater.com/2019/4/5/18296497/celebrity-sightings-london-restaurants-gloria-shoreditch-alexa-cheung-jordyn-wood
2,london_eater_rest,02_london_eater_rest,2503,https://london.eater.com/2019/4/4/18294993/ask-eater-chinese-restaurant-london-lazy-susan
2,london_eater_rest,02_london_eater_rest,2504,https://london.eater.com/2019/4/4/18295303/birdman-restaurants-pidgin-magpie-sandwich-shop-sons-daughters-kings-cross
2,london_eater_rest,02_london_eater_rest,2505,https://london.eater.com/2019/4/3/18293405/nandine-camberwell-church-street-cafe-kurdish-mezze
2,london_eater_rest,02_london_eater_rest,2506,https://london.eater.com/2019/4/3/18293809/worlds-first-city-guide-influencers-instagram-dotspot
2,london_eater_rest,02_london_eater_rest,2507,https://london.eater.com/2019/4/2/18290655/chinese-laundry-restaurant-residency-brockley
2,london_eater_rest,02_london_eater_rest,2508,https://london.eater.com/2019/3/29/18286832/buxton-hotel-brick-lane-culpeper-shoreditch-pub
2,london_eater_rest,02_london_eater_rest,2509,https://london.eater.com/2019/3/28/18285293/jackfruit-zoe-williams-guardian-food-media
2,london_eater_rest,02_london_eater_rest,2510,https://london.eater.com/2019/3/27/18283692/miel-bakery-fitzrovia-london-cordon-bleu-bakery-school
2,london_eater_rest,02_london_eater_rest,2511,https://london.eater.com/2019/3/27/18283898/london-mughlai-restaurant-lucknow-49-dum-mayfair
2,london_eater_rest,02_london_eater_rest,2512,https://london.eater.com/2019/3/26/18280521/fried-chicken-fast-food-carl-clarke-soho
2,london_eater_rest,02_london_eater_rest,2513,https://london.eater.com/2019/3/26/18282080/norma-sicilian-restaurant-fitzrovia-ben-tish-stafford-hotel
2,london_eater_rest,02_london_eater_rest,2514,https://london.eater.com/2019/3/25/18280508/aqua-restaurants-shard-london-villandry-great-portland-street
2,london_eater_rest,02_london_eater_rest,2515,https://london.eater.com/2019/3/25/18280536/boishaki-lunch-london-asma-khan-chefs-table-darjeeling-express
2,london_eater_rest,02_london_eater_rest,2516,https://london.eater.com/2019/3/22/18275975/peggy-gou-floating-points-instagram-london-cafe-towpath
2,london_eater_rest,02_london_eater_rest,2517,https://london.eater.com/2019/3/22/18277035/chef-ali-mustafaj-simon-hulstone-remain-uk
2,london_eater_rest,02_london_eater_rest,2518,https://london.eater.com/2019/3/21/18275446/london-italian-restaurants-latteria-essex-road
2,london_eater_rest,02_london_eater_rest,2519,https://london.eater.com/2019/3/21/18275805/filipino-bakery-kape-pan-kapihan-battersea
2,london_eater_rest,02_london_eater_rest,2520,https://london.eater.com/2019/3/20/18273147/london-restaurant-trend-lemon-meringue-pie-dessert-menu
2,london_eater_rest,02_london_eater_rest,2521,https://london.eater.com/2019/3/20/18274016/labsinthe-primrose-hill-restaurant-androuet-spitalfields-closed
2,london_eater_rest,02_london_eater_rest,2522,https://london.eater.com/2019/3/19/18272346/bread-ahead-bakery-london-wembley-park-sourdough
2,london_eater_rest,02_london_eater_rest,2523,https://london.eater.com/2019/3/19/18272643/gordon-ramsay-lucky-cat-asian-restaurant-mayfair
2,london_eater_rest,02_london_eater_rest,2524,https://london.eater.com/2019/3/18/18270771/master-wei-xian-impression-chinese-restaurant-london
2,london_eater_rest,02_london_eater_rest,2525,https://london.eater.com/2019/3/15/18266909/jacob-rees-mogg-brexit-erg-article-50-extension-london-food
2,london_eater_rest,02_london_eater_rest,2526,https://london.eater.com/2019/3/14/18260265/east-london-fields-mexican-restaurant-pepitos-tacos-hackney
2,london_eater_rest,02_london_eater_rest,2527,https://london.eater.com/2019/3/14/18265500/soho-original-new-york-venetian-dive-bar-close
2,london_eater_rest,02_london_eater_rest,2528,https://london.eater.com/2019/3/13/18264157/shoreditch-barbecue-restaurant-red-dog-saloon-nashville-hot-chicken
2,london_eater_rest,02_london_eater_rest,2529,https://london.eater.com/2019/3/12/18261487/department-coffee-social-affairs-london-small-batch-brighton
2,london_eater_rest,02_london_eater_rest,2530,https://london.eater.com/2019/3/8/18254787/fleabag-series-2-bbc-phoebe-waller-bridge-smith-wollensky-london-restaurant
2,london_eater_rest,02_london_eater_rest,2531,https://london.eater.com/2019/3/8/18255852/great-british-menu-2019-chefs-bbc-one
2,london_eater_rest,02_london_eater_rest,2532,https://london.eater.com/2019/3/8/18256053/polpo-restaurants-london-soho-notting-hill
2,london_eater_rest,02_london_eater_rest,2533,https://london.eater.com/2019/3/7/18254389/island-social-club-caribbean-ital-restaurants-london-nyamming
2,london_eater_rest,02_london_eater_rest,2534,https://london.eater.com/2019/3/1/18245886/international-womens-day-2019-restaurants-london-wander-stoke-newington
2,london_eater_rest,02_london_eater_rest,2535,https://london.eater.com/2019/2/28/18243371/aside-restaurant-peckham-closed-south-east-london-old-spike
2,london_eater_rest,02_london_eater_rest,2536,https://london.eater.com/2019/2/28/18244369/international-womens-day-london-restaurant-events
2,london_eater_rest,02_london_eater_rest,2537,https://london.eater.com/2019/2/27/18241116/restaurants-chinatown-london-central-cross-development
2,london_eater_rest,02_london_eater_rest,2538,https://london.eater.com/2019/2/27/18241338/yotam-ottolenghi-recipes-guide-facebook-group
2,london_eater_rest,02_london_eater_rest,2539,https://london.eater.com/2019/2/26/18241105/tfl-junk-food-advertising-ban-sadiq-khan-mayor-london
2,london_eater_rest,02_london_eater_rest,2540,https://london.eater.com/2019/2/26/18241137/asma-khan-chefs-table-season-6-netflix-foodcycle-supper-club
2,london_eater_rest,02_london_eater_rest,2541,https://london.eater.com/2019/2/26/18241669/london-restaurant-closures-2019
2,london_eater_rest,02_london_eater_rest,2542,https://london.eater.com/2019/2/25/18239440/samuay-sons-restaurant-thailand-kiln-soho-dinner
2,london_eater_rest,02_london_eater_rest,2543,https://london.eater.com/2019/2/21/18234389/polpo-restaurants-russell-norman-london-trouble
2,london_eater_rest,02_london_eater_rest,2544,https://london.eater.com/2019/2/21/18234407/park-row-new-comic-book-restaurant-london-batman-dc-universe-wonderland-fat-duck-alinea
2,london_eater_rest,02_london_eater_rest,2545,https://london.eater.com/2019/2/20/18232274/seasonal-fruit-forced-rhubarb-london-restaurant-menu-desserts
2,london_eater_rest,02_london_eater_rest,2546,https://london.eater.com/2019/2/20/18232982/fayre-share-victoria-park-village-restaurants-hackney-closed
2,london_eater_rest,02_london_eater_rest,2547,https://london.eater.com/2019/2/20/18233002/silo-restaurant-london-crate-brewery-hackney-doug-mcmaster-brighton
2,london_eater_rest,02_london_eater_rest,2548,https://london.eater.com/2019/2/18/18227673/o2-arena-restaurants-by-chloe-hai-di-lao-millennium-dome
2,london_eater_rest,02_london_eater_rest,2549,https://london.eater.com/2019/2/15/18226126/carluccios-restaurant-experimental-menu-london
2,london_eater_rest,02_london_eater_rest,2550,https://london.eater.com/2019/2/13/18221633/neo-bistro-restaurant-mayfair-closed-anglo-mark-jarvis
2,london_eater_rest,02_london_eater_rest,2551,https://london.eater.com/2019/2/13/18222727/yo-sushi-dna-test-home-wellness-restaurant-trend
2,london_eater_rest,02_london_eater_rest,2552,https://london.eater.com/2019/2/12/18220106/gloria-restaurant-shoreditch-big-mamma-london
2,london_eater_rest,02_london_eater_rest,2553,https://london.eater.com/2019/2/12/18220159/patisserie-valerie-chain-closed-mike-ashley-sports-direct
2,london_eater_rest,02_london_eater_rest,2554,https://london.eater.com/2019/2/11/18219983/clare-smyth-core-anne-sophie-pic-chefs-international-womens-day-2019
2,london_eater_rest,02_london_eater_rest,2555,https://london.eater.com/2019/2/11/18220039/wildflower-restaurant-peckham-levels-vegetarian-vegan-plant-based
2,london_eater_rest,02_london_eater_rest,2556,https://london.eater.com/2019/2/8/18216695/simon-cowell-x-factor-britains-got-talent-judge-celebrity-london-restaurants
2,london_eater_rest,02_london_eater_rest,2557,https://london.eater.com/2019/2/8/18216796/gujarati-rasoi-restaurant-dalston-closed
2,london_eater_rest,02_london_eater_rest,2558,https://london.eater.com/2019/2/7/18215136/yeni-london-restaurant-yeni-lokanta-istanbul-civan-er
2,london_eater_rest,02_london_eater_rest,2559,https://london.eater.com/2019/2/6/18212327/year-of-the-pig-2019-lunar-new-year-london-restaurants
2,london_eater_rest,02_london_eater_rest,2560,https://london.eater.com/2019/2/6/18213794/devis-my-million-pound-menu-bbc-street-food-maltby-street-market
2,london_eater_rest,02_london_eater_rest,2561,https://london.eater.com/2019/2/5/18210691/sibarita-wine-cheese-covent-garden-restaurant-closed
2,london_eater_rest,02_london_eater_rest,2562,https://london.eater.com/2019/2/4/18210343/jamie-oliver-mcdonalds-fast-food-advertising-pink-slime
2,london_eater_rest,02_london_eater_rest,2563,https://london.eater.com/2019/2/1/18205302/david-beckham-gymkhana-trishna-celebrity-sightings-london-restaurants
2,london_eater_rest,02_london_eater_rest,2564,https://london.eater.com/2019/2/1/18206544/gordon-ramsay-new-restaurant-london-lucky-cat-maze-mayfair
2,london_eater_rest,02_london_eater_rest,2565,https://london.eater.com/2019/2/1/18206548/three-sheets-cocktail-bar-vennings-highbury-wine-bar
2,london_eater_rest,02_london_eater_rest,2566,https://london.eater.com/2019/2/1/18206695/brexit-food-stockpiling-shortages-cookbook
2,london_eater_rest,02_london_eater_rest,2567,https://london.eater.com/2019/1/31/18204965/london-restaurant-hospitality-speaks-abuse-safety
2,london_eater_rest,02_london_eater_rest,2568,https://london.eater.com/2019/1/30/18202882/london-restaurant-trend-millennial-pink-rhubarb-season-instagram
2,london_eater_rest,02_london_eater_rest,2569,https://london.eater.com/2019/1/29/18201800/marchesi-1824-milan-bakery-prada-london
2,london_eater_rest,02_london_eater_rest,2570,https://london.eater.com/2019/1/29/18201855/no-deal-brexit-food-shortages-asda-sainsburys-mcdonalds
2,london_eater_rest,02_london_eater_rest,2571,https://london.eater.com/2019/1/29/18202384/limin-spitalfields-trinidadian-restaurant-open
2,london_eater_rest,02_london_eater_rest,2572,https://london.eater.com/2019/1/28/18199429/imperial-treasure-london-peking-duck-review-fay-maschler
2,london_eater_rest,02_london_eater_rest,2573,https://london.eater.com/2019/1/28/18200366/dan-doherty-sexual-harassment-allegations-britains-best-home-cook-bbc-tv
2,london_eater_rest,02_london_eater_rest,2574,https://london.eater.com/2019/1/28/18200605/dan-doherty-sexual-harassment-allegations-royal-oak-w1-london-restaurant
2,london_eater_rest,02_london_eater_rest,2575,https://london.eater.com/2019/1/25/18196294/towie-arg-gemma-collins-dancing-on-ice-tayyabs-restaurant
2,london_eater_rest,02_london_eater_rest,2576,https://london.eater.com/2019/1/24/18194724/slaw-vegan-restaurant-upper-street-islington-rok
2,london_eater_rest,02_london_eater_rest,2577,https://london.eater.com/2019/1/24/18195634/mahiki-london-kensington-food-nightclub-fried-chicken
2,london_eater_rest,02_london_eater_rest,2578,https://london.eater.com/2019/1/24/18195676/bluebird-chelsea-restaurant-white-city-brunch-frosties-cheerios-cocoa-pops
2,london_eater_rest,02_london_eater_rest,2579,https://london.eater.com/2019/1/23/18194063/eleven-madison-park-claridges-hotel-london-restaurant-humm-guidara-make-it-nice
2,london_eater_rest,02_london_eater_rest,2580,https://london.eater.com/2019/1/22/18191657/corbin-and-king-wolseley-seafood-restaurant-batemans-buildings-soho-square
2,london_eater_rest,02_london_eater_rest,2581,https://london.eater.com/2019/1/22/18192655/brexit-pro-immigration-westminster-restaurant-staff-death-threats
2,london_eater_rest,02_london_eater_rest,2582,https://london.eater.com/2019/1/21/18191325/yosma-baker-street-restaurant-turkish-soho-yeni
2,london_eater_rest,02_london_eater_rest,2583,https://london.eater.com/2019/1/21/18191671/sapling-natural-wine-fox-craft-beer-pub-dalston-closed
2,london_eater_rest,02_london_eater_rest,2584,https://london.eater.com/2019/1/18/18183845/new-community-cafe-is-open-in-plumstead
2,london_eater_rest,02_london_eater_rest,2585,https://london.eater.com/2019/1/17/18186571/wild-honey-mayfair-for-sale-closing
2,london_eater_rest,02_london_eater_rest,2586,https://london.eater.com/2019/1/16/18183914/shoreditch-restaurant-smoking-goat-black-axe-mangal-islington-offal-nose-to-tail-instagram
2,london_eater_rest,02_london_eater_rest,2587,https://london.eater.com/2019/1/16/18185019/essence-vegan-takeaway-shoreditch-closed
2,london_eater_rest,02_london_eater_rest,2588,https://london.eater.com/2019/1/16/18185081/brixton-village-restaurants-residency-james-cochran-great-british-menu-judge
2,london_eater_rest,02_london_eater_rest,2589,https://london.eater.com/2019/1/15/18183408/rok-islington-restaurant-modern-scandinavian-restaurant-group-closed-london
2,london_eater_rest,02_london_eater_rest,2590,https://london.eater.com/2019/1/11/18176620/roasting-plant-usa-london-speciality-coffee-shop-london-bridge
2,london_eater_rest,02_london_eater_rest,2591,https://london.eater.com/2019/1/11/18177075/brasserie-of-light-restaurant-selfridges-david-beckham-gq-olly-murs-selfridges-tweet
2,london_eater_rest,02_london_eater_rest,2592,https://london.eater.com/2019/1/10/18175071/polpetto-soho-venetian-restaurant-polpo-russell-norman-sale
2,london_eater_rest,02_london_eater_rest,2593,https://london.eater.com/2019/1/10/18175275/gluten-free-bakery-london-aok-kitchen-marylebone
2,london_eater_rest,02_london_eater_rest,2594,https://london.eater.com/2019/1/10/18176636/biryani-restaurant-london-dum-lucknow-social-mayfair
2,london_eater_rest,02_london_eater_rest,2595,https://london.eater.com/2019/1/10/18177036/ask-eater-romantic-restaurant-central-london-no-seafood
2,london_eater_rest,02_london_eater_rest,2596,https://london.eater.com/2019/1/9/18174089/restaurant-trend-2019-soup-instagram
2,london_eater_rest,02_london_eater_rest,2597,https://london.eater.com/2019/1/9/18175171/sushi-daily-waitrose-restaurant-oxford-street-london
2,london_eater_rest,02_london_eater_rest,2598,https://london.eater.com/2019/1/8/18173479/meatliquor-burger-restaurant-brixton-london-closed
2,london_eater_rest,02_london_eater_rest,2599,https://london.eater.com/2019/1/7/18170922/nuala-restaurant-old-street-shoreditch-london-closed
2,london_eater_rest,02_london_eater_rest,2600,https://london.eater.com/2019/1/4/18166977/priyanka-chopra-nick-jonas-wedding-london-restaurant-celebrities
2,london_eater_rest,02_london_eater_rest,2601,https://london.eater.com/2019/1/4/18168075/william-sitwell-killing-vegans-waitrose-row-telegraph-food-critic-job
2,london_eater_rest,02_london_eater_rest,2602,https://london.eater.com/2019/1/2/18163931/selfridges-london-uk-restaurant-brasserie-of-light-pegasus-richard-caring-damien-hirst
2,london_eater_rest,02_london_eater_rest,2603,https://london.eater.com/2019/1/2/18164903/rathbone-square-fitzrovia-london-restaurants-omotesando-koffee-big-mamma-paris
2,london_eater_rest,02_london_eater_rest,2604,https://london.eater.com/2018/12/28/18135875/most-interesting-london-restaurants-2018
2,london_eater_rest,02_london_eater_rest,2605,https://london.eater.com/2018/12/28/18135877/biggest-london-restaurant-annoyances-2018-eater-london
2,london_eater_rest,02_london_eater_rest,2606,https://london.eater.com/2018/12/27/18135863/year-in-eater-london-2018-restaurant-standbys
2,london_eater_rest,02_london_eater_rest,2607,https://london.eater.com/2018/12/27/18135870/year-in-eater-london-2018-london-restaurants-one-word
2,london_eater_rest,02_london_eater_rest,2608,https://london.eater.com/2018/12/20/18150286/desi-chinese-restaurant-soho-new-year
2,london_eater_rest,02_london_eater_rest,2609,https://london.eater.com/2018/12/17/18144310/westerns-laundry-jolene-primeur-new-cornwall-restaurant-jeremie-cometto-lingenheim-david-gingell
2,london_eater_rest,02_london_eater_rest,2610,https://london.eater.com/2018/12/17/18144316/thyme-lemon-upper-street-islington-restaurant-closed-terra-rossa-italian-restaurant
2,london_eater_rest,02_london_eater_rest,2611,https://london.eater.com/2018/12/14/18140519/kendall-jenner-mcdonalds-kardashians-celebrities-london-restaurants
2,london_eater_rest,02_london_eater_rest,2612,https://london.eater.com/2018/12/13/18139494/dominique-ansel-london-bakery-covent-garden-2019
2,london_eater_rest,02_london_eater_rest,2613,https://london.eater.com/2018/12/12/18135910/best-mince-pies-london-christmas-2018-instagram
2,london_eater_rest,02_london_eater_rest,2614,https://london.eater.com/2018/12/7/18130632/rotorino-closing-haggerston-italian-stevie-parle
2,london_eater_rest,02_london_eater_rest,2615,https://london.eater.com/2018/12/7/18130638/yiu-fat-noodle-pachamama-london-restaurant-chinatown-balenciaga
2,london_eater_rest,02_london_eater_rest,2616,https://london.eater.com/2018/12/5/18125651/din-tai-fung-dumpling-restaurant-london-open-instagram
2,london_eater_rest,02_london_eater_rest,2617,https://london.eater.com/2018/12/5/18127499/brexit-london-restaurants-jeremy-king-monika-linton-eater-talks
2,london_eater_rest,02_london_eater_rest,2618,https://london.eater.com/2018/12/3/18123469/eggslut-london-restaurant-los-angeles
2,london_eater_rest,02_london_eater_rest,2619,https://london.eater.com/2018/11/30/18117929/rene-redzepi-noma-copenhagen-guide-fermentation-david-zilber
2,london_eater_rest,02_london_eater_rest,2620,https://london.eater.com/2018/11/28/18115309/christmas-2018-london-restaurants-instagram
2,london_eater_rest,02_london_eater_rest,2621,https://london.eater.com/2018/11/28/18115873/coal-drops-yard-restaurants-barrafina-grill-parrillan-kings-cross
2,london_eater_rest,02_london_eater_rest,2622,https://london.eater.com/2018/11/28/18115899/salt-yard-restaurants-opera-tavern-ember-yard-dehesa-london
2,london_eater_rest,02_london_eater_rest,2623,https://london.eater.com/2018/11/27/17993578/gizzi-erskine-slow-cookbook-mare-street-market-hackney-restaurant
2,london_eater_rest,02_london_eater_rest,2624,https://london.eater.com/2018/11/27/18112585/dominos-cheeseburger-pizza-toppings-temper-neil-rankin-london-restaurant
2,london_eater_rest,02_london_eater_rest,2625,https://london.eater.com/2018/11/27/18114166/william-sitwell-vegan-email-waitrose-food-editor-resigned-selene-nelson-bbc-the-one-show
2,london_eater_rest,02_london_eater_rest,2626,https://london.eater.com/2018/11/26/18110182/eater-london-2018-awards
2,london_eater_rest,02_london_eater_rest,2627,https://london.eater.com/2018/11/26/18112234/caviar-kaspia-paris-caviar-lafayette-london-restaurant-mayfair
2,london_eater_rest,02_london_eater_rest,2628,https://london.eater.com/2018/11/23/18108600/celebrit-sightings-london-restaurants-david-victoria-beckham
2,london_eater_rest,02_london_eater_rest,2629,https://london.eater.com/2018/11/22/18107736/pizza-pilgrims-london-pizza-restaurant-london-bridge-station
2,london_eater_rest,02_london_eater_rest,2630,https://london.eater.com/2018/11/22/18107933/thai-restaurant-soho-london-jane-tira-wild-rice-mamasan
2,london_eater_rest,02_london_eater_rest,2631,https://london.eater.com/2018/11/21/18106158/beaujolais-nouveau-2018-red-wine-noble-rot-london-restaurant-instagram
2,london_eater_rest,02_london_eater_rest,2632,https://london.eater.com/2018/11/20/18104436/angelina-japanese-italian-cuisine-hackney-dalston-river-cafe
2,london_eater_rest,02_london_eater_rest,2633,https://london.eater.com/2018/11/19/18102473/levan-peckham-neo-bistro-restaurant-nick-balfe
2,london_eater_rest,02_london_eater_rest,2634,https://london.eater.com/2018/11/16/18096820/usain-bolt-restaurant-tracks-and-records-london-football-central-coast-mariners
2,london_eater_rest,02_london_eater_rest,2635,https://london.eater.com/2018/11/15/18096483/seven-dials-market-kerb-street-food-covent-garden
2,london_eater_rest,02_london_eater_rest,2636,https://london.eater.com/2018/11/15/18096653/trinidadian-food-limin-roti-rum-shop-spitalfields
2,london_eater_rest,02_london_eater_rest,2637,https://london.eater.com/2018/11/14/18091640/coal-drops-yard-kings-cross-market-halls-victoria-london-restaurants-instagram
2,london_eater_rest,02_london_eater_rest,2638,https://london.eater.com/2018/11/14/18094728/fortnum-mason-tea-hamper-london-royal-exchange-luxury-department-store-restaurant
2,london_eater_rest,02_london_eater_rest,2639,https://london.eater.com/2018/11/12/18086960/brexit-nightmare-restaurants-staff-uk-hospitality-kate-nicholls
2,london_eater_rest,02_london_eater_rest,2640,https://london.eater.com/2018/11/12/18087110/gordon-ramsay-100-new-restaurants-america-burgers-kitchen-nightmares
2,london_eater_rest,02_london_eater_rest,2641,https://london.eater.com/2018/11/9/18078452/arnold-schwarzenegger-terminator-governor-california-london-celebrity-sightings-restaurants
2,london_eater_rest,02_london_eater_rest,2642,https://london.eater.com/2018/11/9/18078498/aesop-fancy-soap-restaurants-natoora-fulham-road-seasonal-produce-fruit-vegetables-london
2,london_eater_rest,02_london_eater_rest,2643,https://london.eater.com/2018/11/7/18071294/albert-adria-cakes-bubbles-london-hotel-cafe-royal-tickets-cheesecake-el-bulli
2,london_eater_rest,02_london_eater_rest,2644,https://london.eater.com/2018/11/6/18067682/pump-street-bakery-chocolate-redchurch-street-pop-up-shoreditch
2,london_eater_rest,02_london_eater_rest,2645,https://london.eater.com/2018/11/6/18067686/whistling-shop-worship-street-shoreditch-cocktail-bar-closure-tristan-stephenson-curious-bartender
2,london_eater_rest,02_london_eater_rest,2646,https://london.eater.com/2018/11/5/18063892/halex-vinoteca-wine-bar-highams-park-e4-north-east-london
2,london_eater_rest,02_london_eater_rest,2647,https://london.eater.com/2018/11/2/18055106/tata-eatery-pop-up-sir-colin-campbell-pub-kilburn-katsu-sando
2,london_eater_rest,02_london_eater_rest,2648,https://london.eater.com/2018/11/2/18055212/andi-oliver-great-british-menu-judge-bbc-caribbean-restaurant-stoke-newington-london
2,london_eater_rest,02_london_eater_rest,2649,https://london.eater.com/2018/11/2/18056106/speciality-matcha-ohh-cha-bar-muji-tottenham-court-road
2,london_eater_rest,02_london_eater_rest,2650,https://london.eater.com/2018/10/31/18042284/gbk-vegan-burgers-jackfruit-quinoa-restaurant-trends
2,london_eater_rest,02_london_eater_rest,2651,https://london.eater.com/2018/10/31/18047330/william-sitwell-waitrose-food-editor-killing-vegans-steps-down-buzzfeed
2,london_eater_rest,02_london_eater_rest,2652,https://london.eater.com/2018/10/31/18048856/cook-daily-shoreditch-jme-twitter-new-london-restaurant
2,london_eater_rest,02_london_eater_rest,2653,https://london.eater.com/2018/10/30/18028964/mews-of-mayfair-wine-bar-coravin-west-end
2,london_eater_rest,02_london_eater_rest,2654,https://london.eater.com/2018/10/29/18037856/big-mamma-paris-restaurants-italian-trattorias-cocktails-pasta
2,london_eater_rest,02_london_eater_rest,2655,https://london.eater.com/2018/10/26/18026284/vivienne-westwood-manolo-blahnik-idris-elba-rita-ora-london-restaurants-celebrities
2,london_eater_rest,02_london_eater_rest,2656,https://london.eater.com/2018/10/23/18013314/diogenes-dog-london-wine-bar-elephant-castle-sunny-hodge-fordwich-arms
2,london_eater_rest,02_london_eater_rest,2657,https://london.eater.com/2018/10/19/17999076/coldplay-u2-maria-sharapova-brat-london-hottest-restaurant
2,london_eater_rest,02_london_eater_rest,2658,https://london.eater.com/2018/10/18/17988682/french-house-soho-angela-hartnett-great-british-menu-neil-borthwick-new-london-restaurant
2,london_eater_rest,02_london_eater_rest,2659,https://london.eater.com/2018/10/18/17993646/carlo-scotto-babbo-xier-marylebone-new-restaurant
2,london_eater_rest,02_london_eater_rest,2660,https://london.eater.com/2018/10/17/17984214/westminster-politicians-burgers-thai-food-ramen-pizza
2,london_eater_rest,02_london_eater_rest,2661,https://london.eater.com/2018/10/16/17983010/coal-drops-yard-kings-cross-bodega-ritas-dining-redchurch-brewery-hackney
2,london_eater_rest,02_london_eater_rest,2662,https://london.eater.com/2018/10/12/17965094/gwyneth-paltrow-goop-10-years-anniversary-dinner-chucs-london-celebrity-sightings-london-restaurants
2,london_eater_rest,02_london_eater_rest,2663,https://london.eater.com/2018/10/11/17960042/bao-restaurant-open-borough-market-london
2,london_eater_rest,02_london_eater_rest,2664,https://london.eater.com/2018/10/10/17957054/robin-gill-dairy-sorella-clapham-chef-darbys-nine-elms-american-embassy-battersea-skypool
2,london_eater_rest,02_london_eater_rest,2665,https://london.eater.com/2018/10/10/17958726/market-halls-victoria-restaurants-roti-king-koya-marksman-breddos-tacos
2,london_eater_rest,02_london_eater_rest,2666,https://london.eater.com/2018/10/10/17959050/nik-sharma-season-cookbook-honey-and-co-food-talks-lunch
2,london_eater_rest,02_london_eater_rest,2667,https://london.eater.com/2018/10/4/17936168/selfridges-restaurant-richard-caring-brasserie-of-light-damien-hirst
2,london_eater_rest,02_london_eater_rest,2668,https://london.eater.com/2018/10/3/17931912/arawelo-eats-somali-supper-club-london-asma-khan-chefs-table-darjeeling-express
2,london_eater_rest,02_london_eater_rest,2669,https://london.eater.com/2018/9/26/17905764/legs-restaurant-magnus-reid-morning-lane-hackney-homerton-closed-instagram
2,london_eater_rest,02_london_eater_rest,2670,https://london.eater.com/2018/9/24/17895272/usain-bolt-restaurant-london-tracks-and-records
2,london_eater_rest,02_london_eater_rest,2671,https://london.eater.com/2018/9/21/17882396/barrafina-coal-drops-yard-kings-cross-restaurant-development-london-news
2,london_eater_rest,02_london_eater_rest,2672,https://london.eater.com/2018/9/21/17883410/keira-knightley-actress-pirates-caribbean-love-actually-celebrity-sightings-london-restaurants
2,london_eater_rest,02_london_eater_rest,2673,https://london.eater.com/2018/9/20/17881794/wagyu-beef-black-cod-miso-nobu-signature-zelman-soho-london-restaurant-pop-up
2,london_eater_rest,02_london_eater_rest,2674,https://london.eater.com/2018/9/20/17881862/koya-marksman-bunshop-essential-38-market-halls-victoria
2,london_eater_rest,02_london_eater_rest,2675,https://london.eater.com/2018/9/19/17873356/tom-kerridge-new-london-restaurant-lobster-omelette-instagram-giles-coren-restaurant-critic
2,london_eater_rest,02_london_eater_rest,2676,https://london.eater.com/2018/9/19/17878426/idris-elba-golden-globe-the-wire-actor-parrot-bar-waldorf-hilton-london
2,london_eater_rest,02_london_eater_rest,2677,https://london.eater.com/2018/9/18/17870180/juan-santa-cruz-nathalie-cafe-vogue-mayfair
2,london_eater_rest,02_london_eater_rest,2678,https://london.eater.com/2018/9/17/17866846/jamie-oliver-jamies-italian-review-marina-o-loughlin-sunday-times
2,london_eater_rest,02_london_eater_rest,2679,https://london.eater.com/2018/9/14/17855302/tom-kerridge-new-restaurant-london-celebrity-dinner-duke-cambridge-gaffe-japan-house
2,london_eater_rest,02_london_eater_rest,2680,https://london.eater.com/2018/9/13/17854262/turkish-chef-civan-er-yeni-lokanta-istanbul-soho-london
2,london_eater_rest,02_london_eater_rest,2681,https://london.eater.com/2018/9/12/17849786/yotam-ottolenghi-simple-cookbook-tom-kerridge-london-restaurant-instagram
2,london_eater_rest,02_london_eater_rest,2682,https://london.eater.com/2018/9/12/17849858/ivy-collection-richard-caring-canary-wharf-new-restaurant
2,london_eater_rest,02_london_eater_rest,2683,https://london.eater.com/2018/9/11/17845372/vinoteca-wine-restaurant-soho-rent-closed
2,london_eater_rest,02_london_eater_rest,2684,https://london.eater.com/2018/9/11/17845430/chefs-table-netflix-season-6-asma-khan-darjeeling-express-london
2,london_eater_rest,02_london_eater_rest,2685,https://london.eater.com/2018/9/10/17840388/p-franco-anna-tobias-new-chef
2,london_eater_rest,02_london_eater_rest,2686,https://london.eater.com/2018/9/7/17830830/love-island-2018-ellie-charlie-kady-celebrity-sightings-london-restaurants
2,london_eater_rest,02_london_eater_rest,2687,https://london.eater.com/2018/9/7/17830962/mason-company-craft-beer-bar-here-east-hackney-wick-five-points-brewery
2,london_eater_rest,02_london_eater_rest,2688,https://london.eater.com/2018/9/6/17826412/sweetings-seafood-restaurant-city-bloomberg-dinner
2,london_eater_rest,02_london_eater_rest,2689,https://london.eater.com/2018/9/5/17817318/meatopia-2018-london-restaurant-instagram-stories
2,london_eater_rest,02_london_eater_rest,2690,https://london.eater.com/2018/9/4/17817278/buster-mantis-jamaican-restaurant-deptford-vegan
2,london_eater_rest,02_london_eater_rest,2691,https://london.eater.com/2018/9/3/17804002/london-paddington-station-restaurants-mille-patisserie-french-dessert
2,london_eater_rest,02_london_eater_rest,2692,https://london.eater.com/2018/9/3/17813914/gbk-burger-chain-administration-deloitte-jamies-italian-byron-burger
2,london_eater_rest,02_london_eater_rest,2693,https://london.eater.com/2018/8/31/17799454/celebrity-sightings-london-restaurants-pharrell-williams-xu-london-chinatown
2,london_eater_rest,02_london_eater_rest,2694,https://london.eater.com/2018/8/31/17803750/coca-cola-costa-coffee-uk-high-street
2,london_eater_rest,02_london_eater_rest,2695,https://london.eater.com/2018/8/30/17799240/london-jukebox-upper-street-islington-opening
2,london_eater_rest,02_london_eater_rest,2696,https://london.eater.com/2018/8/30/17799264/evening-standard-magazine-restaurant-critic-jimi-famurewa-grace-dent
2,london_eater_rest,02_london_eater_rest,2697,https://london.eater.com/2018/8/30/17800012/jamie-oliver-interview-jamies-italian-casual-dining-closures
2,london_eater_rest,02_london_eater_rest,2698,https://london.eater.com/2018/8/29/17794034/london-restaurant-instagram-katsu-sando-restaurant-trend-2018
2,london_eater_rest,02_london_eater_rest,2699,https://london.eater.com/2018/8/29/17795168/homeslice-pizza-new-restaurant-james-street-hoppers-patty-bun
2,london_eater_rest,02_london_eater_rest,2700,https://london.eater.com/2018/8/29/17795226/zela-cristiano-ronaldo-restaurant-london-ibiza
2,london_eater_rest,02_london_eater_rest,2701,https://london.eater.com/2018/8/29/17795682/peruvian-fusion-restaurant-pachamama-shoreditch
2,london_eater_rest,02_london_eater_rest,2702,https://london.eater.com/2018/8/28/17790268/whyte-brown-chicken-kingly-court-soho-restaurant
2,london_eater_rest,02_london_eater_rest,2703,https://london.eater.com/2018/8/24/17776680/erpingham-house-vegetarian-vegan-plant-based-restaurant-norwich-fitzrovia-london
2,london_eater_rest,02_london_eater_rest,2704,https://london.eater.com/2018/8/22/17760486/london-restaurant-instagram-mcdonalds-reservations-natural-wine-tomos-parry-jackson-boxer
2,london_eater_rest,02_london_eater_rest,2705,https://london.eater.com/2018/8/22/17763368/soho-house-cecconis-shoreditch-caprice-holdings-harrys-bar-marylebone
2,london_eater_rest,02_london_eater_rest,2706,https://london.eater.com/2018/8/22/17768286/macellaio-italian-restaurant-store-street-bloomsbury-steak
2,london_eater_rest,02_london_eater_rest,2707,https://london.eater.com/2018/8/21/17763238/flavour-bastard-soho-restaurant-closed-air-conditioning
2,london_eater_rest,02_london_eater_rest,2708,https://london.eater.com/2018/8/21/17763262/tim-spedding-chef-clove-club-p-franco-coombeshead-farm-giant-steps-hackney-wick
2,london_eater_rest,02_london_eater_rest,2709,https://london.eater.com/2018/8/20/17748578/flat-iron-steak-restaurant-london-kings-cross
2,london_eater_rest,02_london_eater_rest,2710,https://london.eater.com/2018/8/20/17758706/jamie-oliver-chef-jerk-rice-twitter-dawn-butler-cultural-appropriation
2,london_eater_rest,02_london_eater_rest,2711,https://london.eater.com/2018/8/17/17700826/orlando-bloom-chiltern-firehouse-celebrity-sightings-london-restaurants
2,london_eater_rest,02_london_eater_rest,2712,https://london.eater.com/2018/8/16/17697578/workshop-coffee-roasters-london-pilgrm-hotel-paddington-pilgrim-hotel-paddington
2,london_eater_rest,02_london_eater_rest,2713,https://london.eater.com/2018/8/15/17689036/glorious-twelfth-2018-grouse-season-uk-london-restaurant-instagram
2,london_eater_rest,02_london_eater_rest,2714,https://london.eater.com/2018/8/15/17691902/ritas-dining-mare-street-american-gourmet-junk-redchurch-brewery-2018
2,london_eater_rest,02_london_eater_rest,2715,https://london.eater.com/2018/8/15/17691934/dum-biryani-soho-new-restaurant-spitalfields-market-east-london
2,london_eater_rest,02_london_eater_rest,2716,https://london.eater.com/2018/8/15/17692146/sound-bites-camden-roundhouse-london-restaurants-brat-shoreditch
2,london_eater_rest,02_london_eater_rest,2717,https://london.eater.com/2018/8/14/17687504/great-british-menu-2017-winner-pip-lacey-hicce-restaurant-coal-drops-yard-kings-cross
2,london_eater_rest,02_london_eater_rest,2718,https://london.eater.com/2018/8/14/17687548/one-tower-bridge-restaurant-tom-simmons-masterchef-professionals-bbc
2,london_eater_rest,02_london_eater_rest,2719,https://london.eater.com/2018/8/13/17675196/tom-kerridge-great-british-menu-masterchef-the-coach-marlow-new-london-restaurant
2,london_eater_rest,02_london_eater_rest,2720,https://london.eater.com/2018/8/13/17680746/upper-street-islington-restaurant-closed-trawler-trash-sustainable-seafood
2,london_eater_rest,02_london_eater_rest,2721,https://london.eater.com/2018/8/10/17670768/jake-gyllenhaal-actor-london-restaurants-orlando-bloom-killer-joe
2,london_eater_rest,02_london_eater_rest,2722,https://london.eater.com/2018/8/10/17674050/open-table-restaurant-bookings-seating-options-london
2,london_eater_rest,02_london_eater_rest,2723,https://london.eater.com/2018/8/10/17674660/soho-indian-vegetarian-restaurants-ask-eater-london
2,london_eater_rest,02_london_eater_rest,2724,https://london.eater.com/2018/8/9/17669934/meatliquor-new-burger-restaurant-battersea
2,london_eater_rest,02_london_eater_rest,2725,https://london.eater.com/2018/8/9/17670064/mikkeller-beer-shoreditch-bar-london-open-copenhagen-rick-astley
2,london_eater_rest,02_london_eater_rest,2726,https://london.eater.com/2018/8/9/17670154/villandry-restaurants-central-london-closed
2,london_eater_rest,02_london_eater_rest,2727,https://london.eater.com/2018/8/8/17660316/mcdonalds-restaurant-london-reservations-signature-collection
2,london_eater_rest,02_london_eater_rest,2728,https://london.eater.com/2018/8/8/17660482/wilderness-festival-2018-london-restaurants-oxfordshire-yotam-ottolenghi
2,london_eater_rest,02_london_eater_rest,2729,https://london.eater.com/2018/8/8/17663546/hackney-columbia-road-food-tour-morito-marksman-laughing-heart
2,london_eater_rest,02_london_eater_rest,2730,https://london.eater.com/2018/8/8/17663602/pillars-hercules-pub-racism-soho
2,london_eater_rest,02_london_eater_rest,2731,https://london.eater.com/2018/8/7/17660370/genesis-vegan-restaurant-shoreditch
2,london_eater_rest,02_london_eater_rest,2732,https://london.eater.com/2018/8/3/17647204/albert-adria-tickets-cakes-and-bubbles-hotel-cafe-royal
2,london_eater_rest,02_london_eater_rest,2733,https://london.eater.com/2018/8/3/17647244/carlyle-buyout-investment-prezzo-gaucho-london-restaurants
2,london_eater_rest,02_london_eater_rest,2734,https://london.eater.com/2018/8/2/17642358/vyta-rome-milan-florence-italian-cafe-covent-garden-london
2,london_eater_rest,02_london_eater_rest,2735,https://london.eater.com/2018/8/1/17638866/bob-bob-cite-ricard-soho-city-opening-march-2019-cheesegrater-london
2,london_eater_rest,02_london_eater_rest,2736,https://london.eater.com/2018/8/1/17639210/london-first-nigerian-tapas-restaurant-chukus-hackney-summer-pop-up
2,london_eater_rest,02_london_eater_rest,2737,https://london.eater.com/2018/7/31/17633766/coal-drops-yard-kings-cross-barrafina-pastor-hicce-great-british-menu-london-restaurant-development
2,london_eater_rest,02_london_eater_rest,2738,https://london.eater.com/2018/7/30/17629998/mcdonalds-mccafe-coffee-advert-hipster-coffee-spoof
2,london_eater_rest,02_london_eater_rest,2739,https://london.eater.com/2018/7/27/17620958/white-city-london-development-maple-restaurant
2,london_eater_rest,02_london_eater_rest,2740,https://london.eater.com/2018/7/26/17616116/crouch-end-supper-club-new-restaurant-chris-slaughter
2,london_eater_rest,02_london_eater_rest,2741,https://london.eater.com/2018/7/26/17617410/jks-restaurants-persian-berenjak-soho-gymkhana-trishna
2,london_eater_rest,02_london_eater_rest,2742,https://london.eater.com/2018/7/25/17611356/london-restaurant-instagram-ottolenghi-giles-coren-clerkenwell-boy-wagyu-mafia
2,london_eater_rest,02_london_eater_rest,2743,https://london.eater.com/2018/7/25/17611700/jan-modern-polish-restaurant-clapham-closed
2,london_eater_rest,02_london_eater_rest,2744,https://london.eater.com/2018/7/24/17606640/chinatown-london-restaurants-immigration-protest
2,london_eater_rest,02_london_eater_rest,2745,https://london.eater.com/2018/7/23/17601920/yotam-ottolenghi-new-restaurant-rovi-fitzrovia-reopened
2,london_eater_rest,02_london_eater_rest,2746,https://london.eater.com/2018/7/23/17601998/xian-impression-fuchsia-dunlop-chinese-restaurants-london
2,london_eater_rest,02_london_eater_rest,2747,https://london.eater.com/2018/7/23/17602210/gul-and-sepoy-madame-d-closing-gunpowder
2,london_eater_rest,02_london_eater_rest,2748,https://london.eater.com/2018/7/20/17590406/caravan-bbc-radio-1-fitzrovia-new-opening
2,london_eater_rest,02_london_eater_rest,2749,https://london.eater.com/2018/7/20/17594536/celebrity-sightings-london-restaurants-hugh-jackman-nigella-lawson-sexy-fish-brat
2,london_eater_rest,02_london_eater_rest,2750,https://london.eater.com/2018/7/20/17594628/canova-hall-brixton-new-restaurant-martello-hall-hackney
2,london_eater_rest,02_london_eater_rest,2751,https://london.eater.com/2018/7/20/17595058/london-restaurant-recommendations-weekend-brixton-hackney-margate
2,london_eater_rest,02_london_eater_rest,2752,https://london.eater.com/2018/7/19/17559312/clove-club-restaurant-shoreditch-chase-lovecky-two-lights
2,london_eater_rest,02_london_eater_rest,2753,https://london.eater.com/2018/7/19/17590602/argentinian-steakhouse-chain-cau-gaucho-closure
2,london_eater_rest,02_london_eater_rest,2754,https://london.eater.com/2018/7/18/17583768/racist-chef-som-saa-social-media-instagram-stories-twitter
2,london_eater_rest,02_london_eater_rest,2755,https://london.eater.com/2018/7/18/17585582/gaucho-cau-argentinian-steak-chain-collapses-adminstration-closures
2,london_eater_rest,02_london_eater_rest,2756,https://london.eater.com/2018/7/17/17580658/salon-modern-european-restaurant-levan-peckham
2,london_eater_rest,02_london_eater_rest,2757,https://london.eater.com/2018/7/17/17580728/fresh-pasta-al-dente-goodge-street-fitzrovia-restaruant-opening
2,london_eater_rest,02_london_eater_rest,2758,https://london.eater.com/2018/7/17/17581146/europe-biggest-japanese-food-hall-ichiba-hammersmith-west-london
2,london_eater_rest,02_london_eater_rest,2759,https://london.eater.com/2018/7/13/17564774/d-d-london-ex-savoy-grill-head-chef-kim-woodward-soho-100-wardour-street
2,london_eater_rest,02_london_eater_rest,2760,https://london.eater.com/2018/7/13/17567756/justin-timberlake-jessica-biel-bocca-di-lupo-celebrity-sightings-london-restaurants
2,london_eater_rest,02_london_eater_rest,2761,https://london.eater.com/2018/7/13/17567804/som-saa-boring-thai-chef-racist-you-tube
2,london_eater_rest,02_london_eater_rest,2762,https://london.eater.com/2018/7/13/17568174/five-restaurants-to-try-this-weekend-colombian-jamaican-gastropub-thai-tapas
2,london_eater_rest,02_london_eater_rest,2763,https://london.eater.com/2018/7/12/17563778/london-oldest-wine-bar-gordons-embankment
2,london_eater_rest,02_london_eater_rest,2764,https://london.eater.com/2018/7/11/17553894/london-restaurants-instagram-katsu-sando-crayfish-lyles-smoking-goat
2,london_eater_rest,02_london_eater_rest,2765,https://london.eater.com/2018/7/11/17559422/indo-chinese-desi-london-restaurants
2,london_eater_rest,02_london_eater_rest,2766,https://london.eater.com/2018/7/10/17552326/leon-thai-fast-food-pop-up-tuk-shop-closed
2,london_eater_rest,02_london_eater_rest,2767,https://london.eater.com/2018/7/10/17553006/theo-randall-river-cafe-intercontinental-theos-kitchen
2,london_eater_rest,02_london_eater_rest,2768,https://london.eater.com/2018/7/9/17547796/dan-doherty-marylebone-pub-the-royal-oak-all-details
2,london_eater_rest,02_london_eater_rest,2769,https://london.eater.com/2018/7/9/17548856/eater-talks-london-live-event-ace-hotel-restaurants-shoreditch
2,london_eater_rest,02_london_eater_rest,2770,https://london.eater.com/2018/7/6/17533862/kitty-fishers-new-restaurant-cora-pearl-covent-garden
2,london_eater_rest,02_london_eater_rest,2771,https://london.eater.com/2018/7/6/17536836/liam-payne-cheryl-cole-split-chiltern-firehouse-celebrity-restaurants
2,london_eater_rest,02_london_eater_rest,2772,https://london.eater.com/2018/7/6/17539700/five-london-restaurants-try-this-weekend-heatwave-world-cup-2018
2,london_eater_rest,02_london_eater_rest,2773,https://london.eater.com/2018/7/5/17536760/perilla-tasting-menu-anniversary-london-restaurant-special
2,london_eater_rest,02_london_eater_rest,2774,https://london.eater.com/2018/7/4/17533780/london-heatwave-seafood-spritz-food-instagram-stories
2,london_eater_rest,02_london_eater_rest,2775,https://london.eater.com/2018/7/4/17533864/franco-manca-guide-dog-london
2,london_eater_rest,02_london_eater_rest,2776,https://london.eater.com/2018/7/3/17510128/yotam-ottolenghi-new-restaurant-rovi-fitzrovia
2,london_eater_rest,02_london_eater_rest,2777,https://london.eater.com/2018/7/3/17530326/best-colombian-restuarants-london
2,london_eater_rest,02_london_eater_rest,2778,https://london.eater.com/2018/7/2/17524812/tapas-brindisa-opening-battersea-power-station
2,london_eater_rest,02_london_eater_rest,2779,https://london.eater.com/2018/7/2/17524916/hai-di-lao-china-new-london-restaurant-hot-pot
2,london_eater_rest,02_london_eater_rest,2780,https://london.eater.com/2018/7/2/17524992/piccadilly-theatre-restaurant-savini-criterion-closed
2,london_eater_rest,02_london_eater_rest,2781,https://london.eater.com/2018/6/29/17517444/islington-upper-street-la-porchetta-restaurant-closed
2,london_eater_rest,02_london_eater_rest,2782,https://london.eater.com/2018/6/29/17517504/five-restaurants-try-this-weekend-campania-st-john-hackney-brewery-shimogamo-hatch-brouhaha
2,london_eater_rest,02_london_eater_rest,2783,https://london.eater.com/2018/6/29/17518132/lanima-cafe-broadgate-quarter-city-closed
2,london_eater_rest,02_london_eater_rest,2784,https://london.eater.com/2018/6/28/17514158/hackney-fusion-restaurant-carte-blanche-mare-street
2,london_eater_rest,02_london_eater_rest,2785,https://london.eater.com/2018/6/27/17510238/chiringuito-opening-bethnal-green-east-london
2,london_eater_rest,02_london_eater_rest,2786,https://london.eater.com/2018/6/26/17095898/charlotte-wilde-wine-bar-dalston-darling
2,london_eater_rest,02_london_eater_rest,2787,https://london.eater.com/2018/6/26/17506218/sager-wilde-corinthia-hotel-bassoon-bar-trafalgar-square
2,london_eater_rest,02_london_eater_rest,2788,https://london.eater.com/2018/6/22/17492110/celebrity-sightings-london-restaurants-orlando-bloom-chiltern-firehouse
2,london_eater_rest,02_london_eater_rest,2789,https://london.eater.com/2018/6/21/17488344/south-london-kebab-bababoom-opening-islington
2,london_eater_rest,02_london_eater_rest,2790,https://london.eater.com/2018/6/20/17482486/taste-of-london-instagram-stories-giles-coren-pasta-dish-of-the-week
2,london_eater_rest,02_london_eater_rest,2791,https://london.eater.com/2018/6/20/17482528/gary-usher-sticky-walnut-hackney-london-restaurant
2,london_eater_rest,02_london_eater_rest,2792,https://london.eater.com/2018/6/19/17474930/veganism-weird-fad-dinosaurs-living-in-denial-chef-alexis-gauthier-soho
2,london_eater_rest,02_london_eater_rest,2793,https://london.eater.com/2018/6/19/17478070/wild-serai-malaysian-supper-club-sun-and-13-cantons-pub-soho
2,london_eater_rest,02_london_eater_rest,2794,https://london.eater.com/2018/6/18/17474646/tom-kerridge-hand-and-flowers-corinthia-hotel-london-restaurant
2,london_eater_rest,02_london_eater_rest,2795,https://london.eater.com/2018/6/18/17475502/cafe-wolseley-bicester-village-oxfordshire-corbin-king
2,london_eater_rest,02_london_eater_rest,2796,https://london.eater.com/2018/6/15/17467304/victoria-beckham-celebrity-sightings-london-restaurants-tommy-hilfiger-david-cameron
2,london_eater_rest,02_london_eater_rest,2797,https://london.eater.com/2018/6/15/17467370/five-restaurants-try-this-weekend
2,london_eater_rest,02_london_eater_rest,2798,https://london.eater.com/2018/6/14/17464158/foie-gras-ban-london-restaurants-brexit
2,london_eater_rest,02_london_eater_rest,2799,https://london.eater.com/2018/6/11/17448320/quality-chop-house-launch-new-wine-bar-clerkenwell
2,london_eater_rest,02_london_eater_rest,2800,https://london.eater.com/2018/6/11/17448608/din-tai-fung-london-restaurant-covent-garden-open
2,london_eater_rest,02_london_eater_rest,2801,https://london.eater.com/2018/6/8/17438124/chelsea-newest-italian-restaurant-la-mia-mamma
2,london_eater_rest,02_london_eater_rest,2802,https://london.eater.com/2018/6/8/17441078/celebrity-sightings-london-restaurants-this-week-helen-mccrory-damian-lewis-ed-sheeran-orlando-bloom
2,london_eater_rest,02_london_eater_rest,2803,https://london.eater.com/2018/6/7/17434488/sydell-group-nomad-hotel-eleven-madison-park-nyc-london-opening
2,london_eater_rest,02_london_eater_rest,2804,https://london.eater.com/2018/6/7/17437504/kyseri-selin-kiazim-new-modern-turkish-cypriot-restaurant-oklava-laura-christie
2,london_eater_rest,02_london_eater_rest,2805,https://london.eater.com/2018/6/7/17437520/lorne-restaurant-victoria-flash-floods-update-reopening
2,london_eater_rest,02_london_eater_rest,2806,https://london.eater.com/2018/6/7/17437558/food-writer-ruby-tandoh-leaves-guardian-food-hell
2,london_eater_rest,02_london_eater_rest,2807,https://london.eater.com/2018/6/6/17433292/el-bulli-alumnus-rob-rob-cameron-tony-c-mayfair-restaurant-gazelle
2,london_eater_rest,02_london_eater_rest,2808,https://london.eater.com/2018/6/4/17424164/gordon-ramsay-stuart-gillies-alfa-zero-limited-restaurant
2,london_eater_rest,02_london_eater_rest,2809,https://london.eater.com/2018/6/4/17424838/pret-eat-like-a-bear-twitter-flexitarianism
2,london_eater_rest,02_london_eater_rest,2810,https://london.eater.com/2018/6/1/17416768/five-restaurants-try-this-weekend-forza-win-le-gia-goppa-nanban-lahore-nihaari
2,london_eater_rest,02_london_eater_rest,2811,https://london.eater.com/2018/5/31/17412458/beluga-mahdi-luxury-persian-restaurant-roberto-cavalli-swarovski-versace-notting-hill
2,london_eater_rest,02_london_eater_rest,2812,https://london.eater.com/2018/5/31/17412592/london-jks-restaurants-brigadiers-bloomberg-arcade
2,london_eater_rest,02_london_eater_rest,2813,https://london.eater.com/2018/5/31/17412990/d-d-london-new-rooftop-restaurant-the-city-120-fenchurch-street
2,london_eater_rest,02_london_eater_rest,2814,https://london.eater.com/2018/5/30/17406036/yi-fang-taiwanese-tea-shop-new-london-restaurants-soho
2,london_eater_rest,02_london_eater_rest,2815,https://london.eater.com/2018/5/25/17380728/restaurant-flux-closures-islington-upper-street-n1
2,london_eater_rest,02_london_eater_rest,2816,https://london.eater.com/2018/5/25/17393460/london-recommended-restaurants-london-fields-victoria-park
2,london_eater_rest,02_london_eater_rest,2817,https://london.eater.com/2018/5/23/17379896/108-garage-typing-room-chris-denney-greg-clarke-chef-shuffle
2,london_eater_rest,02_london_eater_rest,2818,https://london.eater.com/2018/5/23/17380736/instagram-stories-london-restaurants-news
2,london_eater_rest,02_london_eater_rest,2819,https://london.eater.com/2018/5/23/17384230/chef-adam-handling-appointed-exec-belmond-cadogan-hotel-chelsea
2,london_eater_rest,02_london_eater_rest,2820,https://london.eater.com/2018/5/22/17379224/st-john-brewery-opening-hackney-central-ela
2,london_eater_rest,02_london_eater_rest,2821,https://london.eater.com/2018/5/21/17368454/darbaar-restaurant-abdul-yaseen-city-of-london-closure
2,london_eater_rest,02_london_eater_rest,2822,https://london.eater.com/2018/5/18/17367850/celebrity-sightings-robert-de-niro-london-restaurants-nobu-shoreditch-lara-stone
2,london_eater_rest,02_london_eater_rest,2823,https://london.eater.com/2018/5/18/17367910/most-iconic-greasy-spoons-arthurs-cafe-dalston-close-permanently
2,london_eater_rest,02_london_eater_rest,2824,https://london.eater.com/2018/5/18/17368062/five-restaurants-try-this-weekend-andina-panaderia-loven-tottenham-tooting-notting-hill
2,london_eater_rest,02_london_eater_rest,2825,https://london.eater.com/2018/5/17/17364088/hackney-restaurateurs-pablo-flack-david-waddington-opening-tottenham
2,london_eater_rest,02_london_eater_rest,2826,https://london.eater.com/2018/5/16/17355632/insta-stories-london-restaurants-according-to-instagram-tabasco-st-john-cronut
2,london_eater_rest,02_london_eater_rest,2827,https://london.eater.com/2018/5/16/17359958/costs-crippling-central-london-restaurants-closures
2,london_eater_rest,02_london_eater_rest,2828,https://london.eater.com/2018/5/16/17360340/gordon-ramsay-maze-closing-after-group-loss
2,london_eater_rest,02_london_eater_rest,2829,https://london.eater.com/2018/5/15/17314246/inside-lina-stores-pasta-restaurant-delving-into-75-years-of-soho-history
2,london_eater_rest,02_london_eater_rest,2830,https://london.eater.com/2018/5/15/17355426/asaf-granit-and-tom-dixon-join-forces-coal-office-kings-cross-restaurant
2,london_eater_rest,02_london_eater_rest,2831,https://london.eater.com/2018/5/11/17342048/celebrity-sightings-london-restaurants-nigella-lawson-lily-allen-ryan-reynolds
2,london_eater_rest,02_london_eater_rest,2832,https://london.eater.com/2018/5/9/17331092/grom-gelato-ice-creamfirst-london-site-opening
2,london_eater_rest,02_london_eater_rest,2833,https://london.eater.com/2018/5/9/17334640/instagram-london-restaurant-industry-insta-stories-news
2,london_eater_rest,02_london_eater_rest,2834,https://london.eater.com/2018/5/8/17330512/mark-wahlberg-will-beam-in-chat-to-diners-in-covent-garden-burger-restaurant
2,london_eater_rest,02_london_eater_rest,2835,https://london.eater.com/2018/5/4/17318092/celebrity-sightings-london-restaurants-kristen-wiig-jamie-vardy-dele-alli-twiggy
2,london_eater_rest,02_london_eater_rest,2836,https://london.eater.com/2018/5/4/17318548/five-restaurants-try-bank-holiday-weekend
2,london_eater_rest,02_london_eater_rest,2837,https://london.eater.com/2018/5/2/17310990/lee-westcott-typing-room-bethnal-green-closing
2,london_eater_rest,02_london_eater_rest,2838,https://london.eater.com/2018/5/1/17306148/coffee-specialists-lanark-cream-shoreditch-magnus-reid
2,london_eater_rest,02_london_eater_rest,2839,https://london.eater.com/2018/5/1/17306810/shake-shack-burgers-opening-city-of-london
2,london_eater_rest,02_london_eater_rest,2840,https://london.eater.com/2018/4/30/17279732/dave-strauss-goodman-zelman-meats-restaurants-discounts
2,london_eater_rest,02_london_eater_rest,2841,https://london.eater.com/2018/4/30/17302500/made-in-chelsea-vegan-restaurant-parson-green-lucy-tiffany-watson
2,london_eater_rest,02_london_eater_rest,2842,https://london.eater.com/2018/4/27/17289600/yotam-ottolenghi-new-restaurant-rovi-fitzrovia
2,london_eater_rest,02_london_eater_rest,2843,https://london.eater.com/2018/4/27/17289694/celebrity-sightings-london-restaurants-jeremy-corbyn-diane-abbot-jay-rayner-rita-ora-david-beckham
2,london_eater_rest,02_london_eater_rest,2844,https://london.eater.com/2018/4/27/17289832/five-restaurants-to-try-this-weekend-ombra-singburi-el-pastor-vrisaki-sager-wilde
2,london_eater_rest,02_london_eater_rest,2845,https://london.eater.com/2018/4/27/17290158/jamie-oliver-steak-restaurant-barbecoa-uncertain-future
2,london_eater_rest,02_london_eater_rest,2846,https://london.eater.com/2018/4/25/17278948/london-restaurants-instagram-beck-browns-cornerstone
2,london_eater_rest,02_london_eater_rest,2847,https://london.eater.com/2018/4/24/17274396/tottenham-pub-rubys-night-tales-bluecoats-lucky-chip
2,london_eater_rest,02_london_eater_rest,2848,https://london.eater.com/2018/4/24/17274410/deliveroo-back-on-side-restaurant-partners-data
2,london_eater_rest,02_london_eater_rest,2849,https://london.eater.com/2018/4/24/17274608/avolato-instagram-food-selfridges-rip-off
2,london_eater_rest,02_london_eater_rest,2850,https://london.eater.com/2018/4/23/17269894/vapiano-restaurant-new-travel-market-europe
2,london_eater_rest,02_london_eater_rest,2851,https://london.eater.com/2018/4/20/17256462/santa-maria-pizzeria-london-best-pizza-farina
2,london_eater_rest,02_london_eater_rest,2852,https://london.eater.com/2018/4/20/17260834/chefs-in-schools-ottolenghi-thomasina-miers-london-charity
2,london_eater_rest,02_london_eater_rest,2853,https://london.eater.com/2018/4/20/17260938/london-restaurants-perfect-weekend-ice-cream
2,london_eater_rest,02_london_eater_rest,2854,https://london.eater.com/2018/4/18/17250914/instagram-news-social-media-food-critics
2,london_eater_rest,02_london_eater_rest,2855,https://london.eater.com/2018/4/17/17246178/mother-clucker-street-food-exmouth-market
2,london_eater_rest,02_london_eater_rest,2856,https://london.eater.com/2018/4/16/17243212/jamie-oliver-restaurant-business-whats-next-aramark
2,london_eater_rest,02_london_eater_rest,2857,https://london.eater.com/2018/4/13/17233088/celebrity-sightings-london-restaurants-patrice-evra-michel-roux-drake-park-chinois
2,london_eater_rest,02_london_eater_rest,2858,https://london.eater.com/2018/4/13/17233196/five-restaurants-try-this-weekend-legs-kaosarn-the-gun-lupins-humble-grape
2,london_eater_rest,02_london_eater_rest,2859,https://london.eater.com/2018/4/11/17223734/londons-first-peruvian-bakery-andina-panderia-martin-morales
2,london_eater_rest,02_london_eater_rest,2860,https://london.eater.com/2018/4/9/17214530/rebecca-mascarenhas-gezellig-carousel-new-opening
2,london_eater_rest,02_london_eater_rest,2861,https://london.eater.com/2018/4/9/17214796/accor-hotel-group-buys-restaurant-reservation-platform-resdiary
2,london_eater_rest,02_london_eater_rest,2862,https://london.eater.com/2018/4/6/17205502/celebrity-london-restaurants-david-beckham-cameron-jennifer-hudson-renee-zellweger
2,london_eater_rest,02_london_eater_rest,2863,https://london.eater.com/2018/4/6/17205564/five-london-restaurants-try-weekend-corner-room-vijaya-krishna-saray-supawan
2,london_eater_rest,02_london_eater_rest,2864,https://london.eater.com/2018/4/5/17202402/p-franco-new-restaurant-bright-london-fields
2,london_eater_rest,02_london_eater_rest,2865,https://london.eater.com/2018/4/5/17202644/eatt-database-women-poc-food-world-representation
2,london_eater_rest,02_london_eater_rest,2866,https://london.eater.com/2018/4/4/17196808/easter-london-restaurants-instagram
2,london_eater_rest,02_london_eater_rest,2867,https://london.eater.com/2018/4/4/17196832/d-and-d-london-closure-four-restaurants-city-royal-exchange
2,london_eater_rest,02_london_eater_rest,2868,https://london.eater.com/2018/3/29/17172656/syrian-refugee-restaurant-childrens-hospital-columbia-road-hackney
2,london_eater_rest,02_london_eater_rest,2869,https://london.eater.com/2018/3/29/17175634/celebrity-sightings-london-restaurants-pippa-middelton-demi-rose
2,london_eater_rest,02_london_eater_rest,2870,https://london.eater.com/2018/3/29/17176178/five-restaurants-to-try-easter-rotorino-colebroke-row-ganapati-petersham-nurseries-daddy-bao
2,london_eater_rest,02_london_eater_rest,2871,https://london.eater.com/2018/3/28/17172586/gizzi-erskine-mare-street-market-food-hall-hackney
2,london_eater_rest,02_london_eater_rest,2872,https://london.eater.com/2018/3/27/17167418/brewdog-beer-draft-house-london-pubs
2,london_eater_rest,02_london_eater_rest,2873,https://london.eater.com/2018/3/26/17163474/week-in-review-sabor-kettners-grace-dent-marina-oloughlin-fay-maschler-jay-rayner
2,london_eater_rest,02_london_eater_rest,2874,https://london.eater.com/2018/3/23/17155452/celebrity-sightings-london-restaurants-henry-holland-edward-enninful-clive-owen-kate-moss
2,london_eater_rest,02_london_eater_rest,2875,https://london.eater.com/2018/3/22/17150972/vins-neighbourhood-wine-bar-canonbury
2,london_eater_rest,02_london_eater_rest,2876,https://london.eater.com/2018/3/22/17152484/hero-of-maida-opening-w9-henry-harris
2,london_eater_rest,02_london_eater_rest,2877,https://london.eater.com/2018/3/21/17146492/p-franco-restaurant-hackney-ellory-bet
2,london_eater_rest,02_london_eater_rest,2878,https://london.eater.com/2018/3/21/17148270/freak-scene-opening-scott-hallsworth-nobu-kurobuta
2,london_eater_rest,02_london_eater_rest,2879,https://london.eater.com/2018/3/20/17143740/good-neighbour-camberwell-wine-bar-kitchen
2,london_eater_rest,02_london_eater_rest,2880,https://london.eater.com/2018/3/16/17128690/five-restaurants-try-this-weekend-radio-alice-akari-primeur-begging-bowl
2,london_eater_rest,02_london_eater_rest,2881,https://london.eater.com/2018/3/16/17128778/oprah-winfrey-reese-witherspoon-gymkhana-celebrity-sightings-london-restaurants
2,london_eater_rest,02_london_eater_rest,2882,https://london.eater.com/2018/3/15/17123370/sambal-shiok-highbury-opening-mandy-lin
2,london_eater_rest,02_london_eater_rest,2883,https://london.eater.com/2018/3/15/17124390/white-city-television-centre-restaurants-endo-homeslice-bluebrid-patty-bun
2,london_eater_rest,02_london_eater_rest,2884,https://london.eater.com/2018/3/15/17125042/kiln-som-saa-p-franco-larb-bar-soho
2,london_eater_rest,02_london_eater_rest,2885,https://london.eater.com/2018/3/14/17118904/london-restaurant-stories-of-the-week-instagram-brat-iwd-trullo
2,london_eater_rest,02_london_eater_rest,2886,https://london.eater.com/2018/3/14/17119292/marcus-wareing-19th-century-georges-bar-kings-cross
2,london_eater_rest,02_london_eater_rest,2887,https://london.eater.com/2018/3/13/17115884/laurent-tourondel-hotel-cafe-royal-london-new-york-miami
2,london_eater_rest,02_london_eater_rest,2888,https://london.eater.com/2018/3/9/17091388/five-restaurants-try-this-weekend-sager-wilde-plaquemine-lock-rawduck-marcella-nardulli
2,london_eater_rest,02_london_eater_rest,2889,https://london.eater.com/2018/3/9/17099624/celebrity-sightings-london-restaurants-gemma-arterton-hugh-bonneville-take-that-maya-jama
2,london_eater_rest,02_london_eater_rest,2890,https://london.eater.com/2018/3/9/17100208/leading-industry-figures-restaurants-iwd-sustainability
2,london_eater_rest,02_london_eater_rest,2891,https://london.eater.com/2018/3/7/17089810/food-stories-of-the-week-london-instagram
2,london_eater_rest,02_london_eater_rest,2892,https://london.eater.com/2018/3/7/17089952/bar-douro-wine-series
2,london_eater_rest,02_london_eater_rest,2893,https://london.eater.com/2018/3/6/17084206/spring-winter-preview-restaurants-eater
2,london_eater_rest,02_london_eater_rest,2894,https://london.eater.com/2018/3/6/17084224/nuno-mendes-taberna-do-mercado-closing-the-kitchens
2,london_eater_rest,02_london_eater_rest,2895,https://london.eater.com/2018/3/5/17066298/sapling-new-wave-wine-bar-dalston
2,london_eater_rest,02_london_eater_rest,2896,https://london.eater.com/2018/3/5/17080270/carluccios-kpmg-casual-dining-crisis
2,london_eater_rest,02_london_eater_rest,2897,https://london.eater.com/2018/3/2/17070490/celebrity-sightings-london-restaurants-david-beckham-nigella-lawson-pierre-emerick-aubameyang
2,london_eater_rest,02_london_eater_rest,2898,https://london.eater.com/2018/3/2/17070500/peckham-restaurant-pedler-cru-battersea-power-station
2,london_eater_rest,02_london_eater_rest,2899,https://london.eater.com/2018/3/2/17070606/w-london-hotel-dining-series-collaboration-ravinder-bhogal
2,london_eater_rest,02_london_eater_rest,2900,https://london.eater.com/2018/3/1/17063110/lanima-italian-city-london-closing
2,london_eater_rest,02_london_eater_rest,2901,https://london.eater.com/2018/3/1/17066592/monmouth-coffee-maltby-street-the-dairy-dandy
2,london_eater_rest,02_london_eater_rest,2902,https://london.eater.com/2018/2/28/17058188/london-food-stories-instagram-scotch-egg-challenge-p-franco
2,london_eater_rest,02_london_eater_rest,2903,https://london.eater.com/2018/2/27/17057374/venezuelan-arepa-and-co-opening-bethnal-green
2,london_eater_rest,02_london_eater_rest,2904,https://london.eater.com/2018/2/26/17052738/sager-and-wilde-fare-bar-canteen
2,london_eater_rest,02_london_eater_rest,2905,https://london.eater.com/2018/2/23/17043750/what-the-pitta-restaurant-camden
2,london_eater_rest,02_london_eater_rest,2906,https://london.eater.com/2018/2/23/17043870/five-restaurants-to-try-this-weekend-pophams-somine-max-sandwich-shop
2,london_eater_rest,02_london_eater_rest,2907,https://london.eater.com/2018/2/23/17043872/celebrity-sightings-london-restaurants-ed-sheeran-jennifer-lawrence-lupita-nyongo
2,london_eater_rest,02_london_eater_rest,2908,https://london.eater.com/2018/2/22/17039556/etles-london-first-authentic-uyghur-restaurant
2,london_eater_rest,02_london_eater_rest,2909,https://london.eater.com/2018/2/22/17039642/tom-kerridge-open-restaurant-corinthia-hotel
2,london_eater_rest,02_london_eater_rest,2910,https://london.eater.com/2018/2/22/17040892/jamie-oliver-restaurant-group-ceo-jon-knight-admits-mistakes
2,london_eater_rest,02_london_eater_rest,2911,https://london.eater.com/2018/2/21/17035254/london-food-stories-instagram-sabor-lyles
2,london_eater_rest,02_london_eater_rest,2912,https://london.eater.com/2018/2/20/17031310/new-walthamstow-cave-forest-bar-kitchen
2,london_eater_rest,02_london_eater_rest,2913,https://london.eater.com/2018/2/19/17027018/week-in-review-ft-tim-hayward-jay-rayner-nuala-roganic-kudu
2,london_eater_rest,02_london_eater_rest,2914,https://london.eater.com/2018/2/19/17027110/uk-restaurants-administration-increase-20-per-cent-2017
2,london_eater_rest,02_london_eater_rest,2915,https://london.eater.com/2018/2/19/17028798/kfc-restaurants-uk-closed
2,london_eater_rest,02_london_eater_rest,2916,https://london.eater.com/2018/2/16/17019474/ham-west-hampstead-opening
2,london_eater_rest,02_london_eater_rest,2917,https://london.eater.com/2018/2/16/17019494/five-restaurants-try-this-weekend
2,london_eater_rest,02_london_eater_rest,2918,https://london.eater.com/2018/2/16/17019550/celebrity-sightings-london-restaurants-liam-gallagher-helen-mirren-michael-caine
2,london_eater_rest,02_london_eater_rest,2919,https://london.eater.com/2018/2/15/17015976/boulestin-restaurant-administration
2,london_eater_rest,02_london_eater_rest,2920,https://london.eater.com/2018/2/15/17016612/fortitude-bakery-jorge-fernandez-dee-rettali
2,london_eater_rest,02_london_eater_rest,2921,https://london.eater.com/2018/2/13/17007344/il-cudega-london-fields-closing
2,london_eater_rest,02_london_eater_rest,2922,https://london.eater.com/2018/2/9/16994392/five-restaurants-try-this-weekend
2,london_eater_rest,02_london_eater_rest,2923,https://london.eater.com/2018/2/9/16994436/celebrity-sightings-london-restaurants-david-beckham
2,london_eater_rest,02_london_eater_rest,2924,https://london.eater.com/2018/2/9/16995134/jamie-oliver-restaurant-group-closures
2,london_eater_rest,02_london_eater_rest,2925,https://london.eater.com/2018/2/8/16990088/lina-stores-italian-deli-soho-resh-pasta-restaurant
2,london_eater_rest,02_london_eater_rest,2926,https://london.eater.com/2018/2/8/16990544/seafood-restaurant-claw-city-closed-rainbo-opened
2,london_eater_rest,02_london_eater_rest,2927,https://london.eater.com/2018/2/8/16991524/chef-dipna-anand-dip-in-brilliant-chelsea
2,london_eater_rest,02_london_eater_rest,2928,https://london.eater.com/2018/2/7/16984392/salt-pickle-crystal-palace-restaurant-closes
2,london_eater_rest,02_london_eater_rest,2929,https://london.eater.com/2018/2/6/16965132/london-restaurant-events-winter-spring
2,london_eater_rest,02_london_eater_rest,2930,https://london.eater.com/2018/2/6/16973340/soho-house-group-kettners-townhouse-restaurant-history
2,london_eater_rest,02_london_eater_rest,2931,https://london.eater.com/2018/2/6/16978500/eastern-mediterranean-restaurant-delamina-marylebone-strut-cluck
2,london_eater_rest,02_london_eater_rest,2932,https://london.eater.com/2018/2/6/16978772/maison-bab-opening-covent-garden
2,london_eater_rest,02_london_eater_rest,2933,https://london.eater.com/2018/2/5/16973238/week-in-reviews-marina-oloughlin-jay-rayner-giles-coren
2,london_eater_rest,02_london_eater_rest,2934,https://london.eater.com/2018/2/2/16960704/five-london-restaurants-this-weekend-trompette-morito-stockwell-continental
2,london_eater_rest,02_london_eater_rest,2935,https://london.eater.com/2018/2/2/16963738/new-tonkotsu-london-restaurant-battersea-power-station
2,london_eater_rest,02_london_eater_rest,2936,https://london.eater.com/2018/2/1/16959090/p-franco-guest-chef-george-tomlin
2,london_eater_rest,02_london_eater_rest,2937,https://london.eater.com/2018/2/1/16959676/restaurant-stories-of-the-week-instagram
2,london_eater_rest,02_london_eater_rest,2938,https://london.eater.com/2018/1/31/16950446/salt-bae-restaurant-london-knightsbridge
2,london_eater_rest,02_london_eater_rest,2939,https://london.eater.com/2018/1/31/16954304/michel-roux-jr-landau-langham-hotel-restaurant-reopening
2,london_eater_rest,02_london_eater_rest,2940,https://london.eater.com/2018/1/31/16954310/brynn-williams-somerset-house-restaurants-vegetables
2,london_eater_rest,02_london_eater_rest,2941,https://london.eater.com/2018/1/31/16954368/by-chloe-nyc-vegan-burgers-london-opening
2,london_eater_rest,02_london_eater_rest,2942,https://london.eater.com/2018/1/31/16954852/london-restaurant-closures-2018
2,london_eater_rest,02_london_eater_rest,2943,https://london.eater.com/2018/1/30/16945526/spitalfields-the-kitchens-restaurant-four-new-tenants
2,london_eater_rest,02_london_eater_rest,2944,https://london.eater.com/2018/1/30/16950050/eater-london-share-tips-london-restaurant-industry
2,london_eater_rest,02_london_eater_rest,2945,https://london.eater.com/2018/1/29/16944394/stem-mark-jarvis-modern-british-restaurant-open-mayfair
2,london_eater_rest,02_london_eater_rest,2946,https://london.eater.com/2018/1/29/16945282/chokhi-dhani-opening-london-battersea
2,london_eater_rest,02_london_eater_rest,2947,https://london.eater.com/2018/1/26/16935648/masterchef-bonny-porter-meatball-restaurant-soho-closed
2,london_eater_rest,02_london_eater_rest,2948,https://london.eater.com/2018/1/26/16935760/celebrity-sightings-london-restaurants-this-week-kylie-minogue-kate-moss-simon-cowell-tom-jones
2,london_eater_rest,02_london_eater_rest,2949,https://london.eater.com/2018/1/26/16935980/five-restaurants-try-this-weekend
2,london_eater_rest,02_london_eater_rest,2950,https://london.eater.com/2018/1/25/16931644/london-best-reuben-sandwich-montys-deli-spitalfields-market
2,london_eater_rest,02_london_eater_rest,2951,https://london.eater.com/2018/1/25/16931750/jamie-oliver-wetherspoons-meat-supplier-russell-hume-food-standards-agency
2,london_eater_rest,02_london_eater_rest,2952,https://london.eater.com/2018/1/25/16932330/burger-chain-meatliquor-trolls-mcdonalds-deliveroo-stunt
2,london_eater_rest,02_london_eater_rest,2953,https://london.eater.com/2018/1/24/16927464/modern-korean-restaurant-bibigo-soho-islington-has-closed
2,london_eater_rest,02_london_eater_rest,2954,https://london.eater.com/2018/1/23/16922424/burger-chain-patty-bun-growth-borough
2,london_eater_rest,02_london_eater_rest,2955,https://london.eater.com/2018/1/23/16922460/ex-salt-yard-head-chef-ben-tish-new-culinary-director-for-expanding-the-stafford-london-hotel
2,london_eater_rest,02_london_eater_rest,2956,https://london.eater.com/2018/1/23/16923014/uk-biggest-food-hall-open-on-oxford-street-fulham-victoria
2,london_eater_rest,02_london_eater_rest,2957,https://london.eater.com/2018/1/22/16908872/new-restaurant-fannys-wants-to-serve-posh-cool-kebabs-in-stoke-newington
2,london_eater_rest,02_london_eater_rest,2958,https://london.eater.com/2018/1/22/16918396/london-restaurant-critics-causing-trouble-sorts-of-ways-last-week-marina-fay-jay-giles-julie
2,london_eater_rest,02_london_eater_rest,2959,https://london.eater.com/2018/1/22/16918526/palomar-barbary-owners-announce-opening-of-11-seater-evelyns-table-blue-posts
2,london_eater_rest,02_london_eater_rest,2960,https://london.eater.com/2018/1/19/16905634/ex-brindisa-chef-open-new-argentinian-grill-southwalk
2,london_eater_rest,02_london_eater_rest,2961,https://london.eater.com/2018/1/19/16908910/five-restaurants-try-this-weekend
2,london_eater_rest,02_london_eater_rest,2962,https://london.eater.com/2018/1/19/16908940/fame-hungry-celebrity-sightings-london-restaurants-this-week-rita-ora-nick-clegg-nicky-morgan
2,london_eater_rest,02_london_eater_rest,2963,https://london.eater.com/2018/1/18/16900348/pasta-masters-burro-e-salvia-restaurant-dulwich-has-closed
2,london_eater_rest,02_london_eater_rest,2964,https://london.eater.com/2018/1/18/16904814/spanish-star-victor-garvey-announces-closure-of-his-first-restaurant
2,london_eater_rest,02_london_eater_rest,2965,https://london.eater.com/2018/1/18/16904936/scandi-smoked-meat-ferments-restaurant-plant-based-for-central-london-debut
2,london_eater_rest,02_london_eater_rest,2966,https://london.eater.com/2018/1/18/16905750/japanese-restaurant-open-new-cultural-centre-japan-house-high-street-kensington
2,london_eater_rest,02_london_eater_rest,2967,https://london.eater.com/2018/1/17/16900318/the-five-pound-note-fatties-bakery-salted-caramel-brownie
2,london_eater_rest,02_london_eater_rest,2968,https://london.eater.com/2018/1/17/16900388/top-london-chop-shop-blacklock-takes-over-site-of-former-shoreditch-institution-rivington-bar-grill
2,london_eater_rest,02_london_eater_rest,2969,https://london.eater.com/2018/1/17/16900900/interview-eater-london-chef-of-the-year-andrew-wong-a-wong
2,london_eater_rest,02_london_eater_rest,2970,https://london.eater.com/2018/1/17/16902126/chef-lost-his-cool-row-with-critic-fay-maschler-drunken-butler
2,london_eater_rest,02_london_eater_rest,2971,https://london.eater.com/2018/1/16/16893078/modern-british-restaurant-beagle-shoreditch-appears-to-have-closed
2,london_eater_rest,02_london_eater_rest,2972,https://london.eater.com/2018/1/16/16895990/french-classicists-galvin-brothers-close-baker-street-restaurant-next-month
2,london_eater_rest,02_london_eater_rest,2973,https://london.eater.com/2018/1/15/16892726/soho-kingston-jamie-oliver-jamies-italian-restaurants-facing-closure
2,london_eater_rest,02_london_eater_rest,2974,https://london.eater.com/2018/1/15/16892890/uk-government-denies-plans-to-implement-calorie-caps-restaurants
2,london_eater_rest,02_london_eater_rest,2975,https://london.eater.com/2018/1/12/16882340/five-restaurants-london-try-this-weekend
2,london_eater_rest,02_london_eater_rest,2976,https://london.eater.com/2018/1/12/16882414/fame-hungry-celebrity-sightings-london-restaurants-rita-ora-idris-elba-bryan-cranston
2,london_eater_rest,02_london_eater_rest,2977,https://london.eater.com/2018/1/12/16883506/jamie-oliver-restaurant-group-confirms-restructuring-2018
2,london_eater_rest,02_london_eater_rest,2978,https://london.eater.com/2018/1/11/16878306/bob-bob-ricard-dynamic-restaurant-pricing-london-tock-soho-the-city
2,london_eater_rest,02_london_eater_rest,2979,https://london.eater.com/2018/1/11/16878454/butterscotch-bakery-marylebone-london-bea-vo
2,london_eater_rest,02_london_eater_rest,2980,https://london.eater.com/2018/1/10/16873154/london-vietnamese-mrs-les-bahn-mi-mien-tay-first-restaurant
2,london_eater_rest,02_london_eater_rest,2981,https://london.eater.com/2018/1/9/16867388/91-year-old-dalston-cafe-owner-arthur-woodham-died-arthurs-cafe
2,london_eater_rest,02_london_eater_rest,2982,https://london.eater.com/2018/1/9/16867480/japanese-ramen-restaurant-ippudo-third-london-site-charing-cross-station
2,london_eater_rest,02_london_eater_rest,2983,https://london.eater.com/2018/1/9/16867526/restaurants-join-forces-beat-the-winter-blues
2,london_eater_rest,02_london_eater_rest,2984,https://london.eater.com/2018/1/9/16867592/venetian-restaurant-group-polpo-closes-ape-and-bird
2,london_eater_rest,02_london_eater_rest,2985,https://london.eater.com/2018/1/9/16868340/byron-burger-20-restaurants-face-closure
2,london_eater_rest,02_london_eater_rest,2986,https://london.eater.com/2018/1/8/16862308/hush-holborn-restaurant-transforms-hache-burger-social
2,london_eater_rest,02_london_eater_rest,2987,https://london.eater.com/2018/1/5/16853182/five-restaurants-to-try-this-weekend-london
2,london_eater_rest,02_london_eater_rest,2988,https://london.eater.com/2018/1/5/16853420/fame-hungry-celebrity-sightings-london-restaurants-dua-lipa-rita-ora-jennifer-hudson
2,london_eater_rest,02_london_eater_rest,2989,https://london.eater.com/2018/1/5/16853472/gizzi-erskine-new-restaurant-hackney-mare-street-market-nuno-mendes
2,london_eater_rest,02_london_eater_rest,2990,https://london.eater.com/2018/1/4/16848828/smoking-goat-denmark-street-closing-crossrail
2,london_eater_rest,02_london_eater_rest,2991,https://london.eater.com/2018/1/3/16844330/five-pound-note-beijing-dumlpings-jen-cafe-chinatown-london
2,london_eater_rest,02_london_eater_rest,2992,https://london.eater.com/2018/1/3/16844406/kensington-roof-gardens-nightclub-restaurant-announces-closure-37-years-west-london
2,london_eater_rest,02_london_eater_rest,2993,https://london.eater.com/2018/1/2/16840330/cinnamon-club-new-restaurant-islington-london-2018
2,london_eater_rest,02_london_eater_rest,2994,https://london.eater.com/2017/12/29/16800050/most-beautiful-london-restaurants-2017
2,london_eater_rest,02_london_eater_rest,2995,https://london.eater.com/2017/12/28/16807238/most-important-london-restaurants-closed-2017
2,london_eater_rest,02_london_eater_rest,2996,https://london.eater.com/2017/12/28/16807656/worst-london-restaurants-2017-critics-grievances
2,london_eater_rest,02_london_eater_rest,2997,https://london.eater.com/2017/12/27/16806514/eater-top-london-restaurant-standbys-2017
2,london_eater_rest,02_london_eater_rest,2998,https://london.eater.com/2017/12/27/16807216/top-london-restaurant-newcomers-2017-westerns-laundry-ikoyi-bibendum-smoking-goat
2,london_eater_rest,02_london_eater_rest,2999,https://london.eater.com/2017/12/27/16807224/the-london-restaurant-industry-2017-in-one-word
2,london_eater_rest,02_london_eater_rest,3000,https://london.eater.com/2017/12/22/16809698/deliveroo-market-report-uk-restaurant-economy-2017
2,london_eater_rest,02_london_eater_rest,3001,https://london.eater.com/2017/12/22/16809724/celebrity-sightings-london-restaurants-meghan-markle-sophie-turner-game-thrones-ferne-mccann-towie
2,london_eater_rest,02_london_eater_rest,3002,https://london.eater.com/2017/12/22/16810372/5-restaurants-try-this-weekend-london
2,london_eater_rest,02_london_eater_rest,3003,https://london.eater.com/2017/12/21/16800102/nuala-fine-dining-old-street-irish-modern-british-cuisine
2,london_eater_rest,02_london_eater_rest,3004,https://london.eater.com/2017/12/21/16804958/yard-sale-pizzeria-fourth-site-opening-leytonstone
2,london_eater_rest,02_london_eater_rest,3005,https://london.eater.com/2017/12/21/16805006/tonkotsu-ramen-two-month-takeover-restaurant-anzu-st-james-london
2,london_eater_rest,02_london_eater_rest,3006,https://london.eater.com/2017/12/21/16805058/japanese-fast-casual-flesh-buns-latest-restaurant-moving-into-fiztrovia
2,london_eater_rest,02_london_eater_rest,3007,https://london.eater.com/2017/12/20/16800070/confirmed-corbin-king-restaurant-group-sold-minor-hotels-wolseley-delaunay-beaumont-zedel
2,london_eater_rest,02_london_eater_rest,3008,https://london.eater.com/2017/12/19/16791102/deliveroo-burger-best-2017-roundup
2,london_eater_rest,02_london_eater_rest,3009,https://london.eater.com/2017/12/19/16795206/five-things-to-know-brigadiers-jks-restaurants-indian-bloomberg-arcade
2,london_eater_rest,02_london_eater_rest,3010,https://london.eater.com/2017/12/18/16789856/byron-rescue-sale-restaurant-closures-brexit-uk
2,london_eater_rest,02_london_eater_rest,3011,https://london.eater.com/2017/12/15/16775756/london-ramen-shop-kanada-ya-opening-islington
2,london_eater_rest,02_london_eater_rest,3012,https://london.eater.com/2017/12/15/16780106/chef-anna-hansen-modern-pantry-the-city-closed
2,london_eater_rest,02_london_eater_rest,3013,https://london.eater.com/2017/12/15/16780254/celebrities-london-restaurants-maggie-smith-david-beckham-edward-enniful-tracey-emin-tinie-tempah
2,london_eater_rest,02_london_eater_rest,3014,https://london.eater.com/2017/12/15/16781004/rudies-jamaican-new-shoreditch-boxpark-restaurant
2,london_eater_rest,02_london_eater_rest,3015,https://london.eater.com/2017/12/14/16776162/islington-restaurant-chinese-laundry-fire-reopening-set-back-sqautters
2,london_eater_rest,02_london_eater_rest,3016,https://london.eater.com/2017/12/13/16771126/the-five-pound-note-pueblito-paisa-cafe-tottenham-seven-sisters
2,london_eater_rest,02_london_eater_rest,3017,https://london.eater.com/2017/12/13/16771668/275-year-old-chinatown-pub-opens-tomorrow-palomar-barbary-zoe-layo-paskin-blue-posts
2,london_eater_rest,02_london_eater_rest,3018,https://london.eater.com/2017/12/11/16761866/kitty-fishers-will-open-second-restaurant-in-covent-garden-cora-pearl-henrietta-street
2,london_eater_rest,02_london_eater_rest,3019,https://london.eater.com/2017/12/8/16747348/vice-tripadvisor-oobah-butler-review-platforms-london-analysis
2,london_eater_rest,02_london_eater_rest,3020,https://london.eater.com/2017/12/8/16750582/sushi-restaurant-sticksnsushi-sites-7-and-8-chelsea-soho
2,london_eater_rest,02_london_eater_rest,3021,https://london.eater.com/2017/12/8/16750794/celebrity-sightings-london-restaurants-sex-and-the-city-lottie-moss-gigi-hadid-charles-spencer
2,london_eater_rest,02_london_eater_rest,3022,https://london.eater.com/2017/12/6/16741150/east-london-original-barbecue-beer-bar-dukes-brew-cue-closed-beavertown
2,london_eater_rest,02_london_eater_rest,3023,https://london.eater.com/2017/12/5/16737264/islington-restaurant-claims-pop-up-following-early-closure-james-cochran-n1
2,london_eater_rest,02_london_eater_rest,3024,https://london.eater.com/2017/12/5/16737328/dalston-yakitori-restaurant-karaoke-room-to-second-location-jidori-covent-garden
2,london_eater_rest,02_london_eater_rest,3025,https://london.eater.com/2017/12/5/16737658/chef-angelo-sato-preview-first-solo-venture-carousel-january-marylebone-romy-gill-shulie-wilmer
2,london_eater_rest,02_london_eater_rest,3026,https://london.eater.com/2017/12/4/16732928/new-must-visit-seafood-focused-wine-bar-covent-garden-parsons
2,london_eater_rest,02_london_eater_rest,3027,https://london.eater.com/2017/12/4/16733424/londrino-leandro-carreira-new-modern-portuguese-restaurant-bermondsey-london-bridge
2,london_eater_rest,02_london_eater_rest,3028,https://london.eater.com/2017/12/1/16723232/grace-dent-restaurant-critic-london-guardian
2,london_eater_rest,02_london_eater_rest,3029,https://london.eater.com/2017/12/1/16723412/fame-hungry-celebrity-london-restaurants-this-week
2,london_eater_rest,02_london_eater_rest,3030,https://london.eater.com/2017/11/30/16719042/central-london-restaurant-relegates-trolley-service-magpie
2,london_eater_rest,02_london_eater_rest,3031,https://london.eater.com/2017/11/30/16719212/brighton-vegan-pizzeria-purezza-opening-camden-town-london-2018
2,london_eater_rest,02_london_eater_rest,3032,https://london.eater.com/2017/11/29/16714412/tom-wastson-labour-mp-petition-against-italian-chain-zizzi-fining-waiters-buzzfeed-report
2,london_eater_rest,02_london_eater_rest,3033,https://london.eater.com/2017/11/29/16714696/traditional-french-restaurant-southbank-d-and-d-pont-de-la-tour-modernise
2,london_eater_rest,02_london_eater_rest,3034,https://london.eater.com/2017/11/28/16709096/burger-chain-byron-facing-sale-discounted-price-brexit
2,london_eater_rest,02_london_eater_rest,3035,https://london.eater.com/2017/11/28/16710290/nathan-outlaw-alumnus-tom-brown-new-solo-restaurant
2,london_eater_rest,02_london_eater_rest,3036,https://london.eater.com/2017/11/27/16696080/london-street-food-collective-kerb-open-first-permanent-site
2,london_eater_rest,02_london_eater_rest,3037,https://london.eater.com/2017/11/27/16703982/speciality-coffee-brand-grind-airports-expansion-doubles-crowdfund-target-four-days
2,london_eater_rest,02_london_eater_rest,3038,https://london.eater.com/2017/11/27/16704740/eater-awards
2,london_eater_rest,02_london_eater_rest,3039,https://london.eater.com/2017/11/24/16695976/5-restaurants-to-try-london-this-weekend
2,london_eater_rest,02_london_eater_rest,3040,https://london.eater.com/2017/11/24/16696006/fame-hungry-celebrity-london-restaurants-this-week
2,london_eater_rest,02_london_eater_rest,3041,https://london.eater.com/2017/11/24/16696046/inside-the-square-mayfair-marlon-abela-new-restaurant-london-clement-leroy
2,london_eater_rest,02_london_eater_rest,3042,https://london.eater.com/2017/11/23/16694014/californian-inspired-feel-good-fast-food-bel-air-sudden-closure-london
2,london_eater_rest,02_london_eater_rest,3043,https://london.eater.com/2017/11/22/16689836/hoxton-street-embassy-east-cafe-closes
2,london_eater_rest,02_london_eater_rest,3044,https://london.eater.com/2017/11/21/16684252/highbury-prawn-on-the-lawn-new-neighbourhood-wine-bar-linden-stores-oklava-laura-christie
2,london_eater_rest,02_london_eater_rest,3045,https://london.eater.com/2017/11/21/16685302/bartender-tony-c-andrew-clarke-revive-60s-jims-cafe-hackney
2,london_eater_rest,02_london_eater_rest,3046,https://london.eater.com/2017/11/21/16685642/former-head-chef-lighterman-moves-to-clarette-and-more-news
2,london_eater_rest,02_london_eater_rest,3047,https://london.eater.com/2017/11/17/16669330/central-london-dining-development-centre-point-rhubarb-vivi
2,london_eater_rest,02_london_eater_rest,3048,https://london.eater.com/2017/11/17/16669418/celebrity-sightings-london-restaurants-mo-farah-erin-oconnor-stella-mccartney-ronnie-wood
2,london_eater_rest,02_london_eater_rest,3049,https://london.eater.com/2017/11/17/16671086/the-worlds-best-cheese-is-british-cornwall
2,london_eater_rest,02_london_eater_rest,3050,https://london.eater.com/2017/11/16/16664836/zuma-new-robata-grill-restaurant-la-london-soho-rainer-becker
2,london_eater_rest,02_london_eater_rest,3051,https://london.eater.com/2017/11/16/16665882/gunpowder-restaurant-expansion-east-london
2,london_eater_rest,02_london_eater_rest,3052,https://london.eater.com/2017/11/16/16666688/international-turkish-grill-chain-ali-ocakbasi-london-debut-leicester-square
2,london_eater_rest,02_london_eater_rest,3053,https://london.eater.com/2017/11/15/16656466/pizza-burgers-new-street-food-at-swingers-crazy-golf-food-hall-oxford-street
2,london_eater_rest,02_london_eater_rest,3054,https://london.eater.com/2017/11/14/16648188/pop-up-gizzi-erskine-pure-filth-permanent-restaurant-sites-london
2,london_eater_rest,02_london_eater_rest,3055,https://london.eater.com/2017/11/14/16648238/london-biggest-mexican-restaurant-wahaca-new-test-kitchen
2,london_eater_rest,02_london_eater_rest,3056,https://london.eater.com/2017/11/14/16648272/northern-italian-restaurant-nascent-st-james-development-confirms-closure-veneta
2,london_eater_rest,02_london_eater_rest,3057,https://london.eater.com/2017/11/14/16650380/biggest-japanese-food-hall-europe-westfield-london-shopping-centre
2,london_eater_rest,02_london_eater_rest,3058,https://london.eater.com/2017/11/13/16642666/palomar-barbary-owners-takeover-blue-posts-pub-chinatown-zoe-layo-paskin
2,london_eater_rest,02_london_eater_rest,3059,https://london.eater.com/2017/11/13/16644408/tottenham-hotspur-starting-line-up-chefs-dipna-anand-bryn-williams
2,london_eater_rest,02_london_eater_rest,3060,https://london.eater.com/2017/11/10/16613308/gizzi-erskine-tate-modern-london-food-news
2,london_eater_rest,02_london_eater_rest,3061,https://london.eater.com/2017/11/10/16632764/veneta-st-james-market-for-sale-plus-other-restaurant-closures
2,london_eater_rest,02_london_eater_rest,3062,https://london.eater.com/2017/11/10/16632806/celebrity-sightings-london-restaurants-kate-moss-edward-enninful-stormzy-adwoa-aboah-alexa-chung
2,london_eater_rest,02_london_eater_rest,3063,https://london.eater.com/2017/11/9/16627856/new-shoreditch-restaurant-zero-tolerance-straight-backs-and-polite-small-talk
2,london_eater_rest,02_london_eater_rest,3064,https://london.eater.com/2017/11/8/16622774/londons-first-prosecco-bar-tower-bridge
2,london_eater_rest,02_london_eater_rest,3065,https://london.eater.com/2017/11/8/16623688/italian-chef-antonio-carluccio-has-died-at-80
2,london_eater_rest,02_london_eater_rest,3066,https://london.eater.com/2017/11/7/16617074/the-habit-burger-another-us-burger-chain-coming-to-the-uk
2,london_eater_rest,02_london_eater_rest,3067,https://london.eater.com/2017/11/3/16602362/celebrity-london-restaurants-millie-mackintosh-lottie-moss-mimi-bouchard-made-in-chelsea
2,london_eater_rest,02_london_eater_rest,3068,https://london.eater.com/2017/11/2/16597242/yotam-ottolenghi-new-restaurant-fitzrovia-london
2,london_eater_rest,02_london_eater_rest,3069,https://london.eater.com/2017/10/31/16569438/rules-covent-garden-london-restaurant-history
2,london_eater_rest,02_london_eater_rest,3070,https://london.eater.com/2017/10/31/16572762/borough-market-school-of-wok-london-food-waste-initiative
2,london_eater_rest,02_london_eater_rest,3071,https://london.eater.com/2017/10/30/16566498/brewdog-first-brewpub-london-bar-news
2,london_eater_rest,02_london_eater_rest,3072,https://london.eater.com/2017/10/30/16570422/deliveroo-insect-eat-grub-pop-up-london
2,london_eater_rest,02_london_eater_rest,3073,https://london.eater.com/2017/10/27/16556834/celebrity-sightings-london-restaurants-this-week-gordon-ramsay-alain-ducasse-rita-ora-eddie-redmayne
2,london_eater_rest,02_london_eater_rest,3074,https://london.eater.com/2017/10/27/16556964/brand-new-american-bakery-bea-vo-butterscotch-white-city-west-london
2,london_eater_rest,02_london_eater_rest,3075,https://london.eater.com/2017/10/26/16552238/london-restaurant-industry-backs-unicef-syrian-childrens-charity-second-year-cook-for-syria
2,london_eater_rest,02_london_eater_rest,3076,https://london.eater.com/2017/10/26/16552786/retro-burger-chain-wimpy-plans-british-comeback-plus-more-burger-news-fatburger-smashburger
2,london_eater_rest,02_london_eater_rest,3077,https://london.eater.com/2017/10/26/16553232/designer-cafe-from-bangkok-the-greyhound-races-into-london-fitzrovia
2,london_eater_rest,02_london_eater_rest,3078,https://london.eater.com/2017/10/26/16553426/authentic-argentinian-street-food-empanadas-arrive-in-london-paris-gaucho
2,london_eater_rest,02_london_eater_rest,3079,https://london.eater.com/2017/10/25/16542366/sister-restaurant-of-london-foremost-steakhouse-hawksmoor-foxlow-goes-vegan
2,london_eater_rest,02_london_eater_rest,3080,https://london.eater.com/2017/10/25/16545384/soho-house-reopens-one-of-londons-original-french-restaurants-ketteners
2,london_eater_rest,02_london_eater_rest,3081,https://london.eater.com/2017/10/24/16533066/18-month-old-vegan-street-food-spicebox-raises-450k
2,london_eater_rest,02_london_eater_rest,3082,https://london.eater.com/2017/10/24/16533170/inside-newly-refurbished-club-gascon-restaurant-city-london-pascal-aussignac
2,london_eater_rest,02_london_eater_rest,3083,https://london.eater.com/2017/10/24/16533182/ekte-nordic-kitchen-ninth-restaurant-named-for-the-bloomberg-arcade-city-london
2,london_eater_rest,02_london_eater_rest,3084,https://london.eater.com/2017/10/23/16519754/first-look-shake-shack-new-yard-burger-criss-cross-doughnut-cambridge-circus-restaurant-london
2,london_eater_rest,02_london_eater_rest,3085,https://london.eater.com/2017/10/23/16523618/islington-gastropub-the-drapers-arms-new-head-chef-luke-frankie
2,london_eater_rest,02_london_eater_rest,3086,https://london.eater.com/2017/10/20/16502724/shake-shack-burger-menu-opening-cambridge-circus-london
2,london_eater_rest,02_london_eater_rest,3087,https://london.eater.com/2017/10/20/16507344/smoking-goat-restaurant-shoreditch-london-open-friday-27-october
2,london_eater_rest,02_london_eater_rest,3088,https://london.eater.com/2017/10/19/16501266/buffalo-wing-specialists-first-permanent-restaurant-london-hoxton-shoreditch
2,london_eater_rest,02_london_eater_rest,3089,https://london.eater.com/2017/10/19/16502862/homeless-charity-streetsmart-20th-anniversary-this-november-moro-ottolenghi-river-cafe
2,london_eater_rest,02_london_eater_rest,3090,https://london.eater.com/2017/10/19/16503806/social-enterprise-fat-macys-crowdfunding-target-will-open-permanent-restaurant-peckham
2,london_eater_rest,02_london_eater_rest,3091,https://london.eater.com/2017/10/19/16504064/a-wong-confirmed-for-new-restaurant-project-in-the-bloomberg-arcade-city-london
2,london_eater_rest,02_london_eater_rest,3092,https://london.eater.com/2017/10/18/16495106/bristol-restaurant-the-ethicurean-winter-residency-london-oxford-street-pop-up
2,london_eater_rest,02_london_eater_rest,3093,https://london.eater.com/2017/10/18/16496032/cockney-themed-christmas-food-pop-up-problematic
2,london_eater_rest,02_london_eater_rest,3094,https://london.eater.com/2017/10/17/16487722/francesco-mazzei-open-calabrian-new-restaurant-fiume-battersea-power-station
2,london_eater_rest,02_london_eater_rest,3095,https://london.eater.com/2017/10/16/16464824/granary-square-brasserie-caprice-holdings-new-restaurant-kings-cross-london
2,london_eater_rest,02_london_eater_rest,3096,https://london.eater.com/2017/10/13/16468890/ex-momofuku-heston-blumenthal-alumnus-flexitarianism-to-notting-hill-london-new-restaurant
2,london_eater_rest,02_london_eater_rest,3097,https://london.eater.com/2017/10/13/16471698/nose-to-tail-steak-restaurant-opens-spitalfields-shoreditch-london-nuno-mendes
2,london_eater_rest,02_london_eater_rest,3098,https://london.eater.com/2017/10/12/16463774/vegan-food-night-market-november-to-brick-lane-london
2,london_eater_rest,02_london_eater_rest,3099,https://london.eater.com/2017/10/11/16457772/robin-gill-closed-paradise-garage-restaurant-bethnal-green
2,london_eater_rest,02_london_eater_rest,3100,https://london.eater.com/2017/10/11/16459016/two-former-bankers-wine-and-pasta-restaurant-fitzrovia-london
2,london_eater_rest,02_london_eater_rest,3101,https://london.eater.com/2017/10/9/16446942/artesian-bar-langham-hotel-new-team-london-bar-news
2,london_eater_rest,02_london_eater_rest,3102,https://london.eater.com/2017/10/5/16428632/fresh-pasta-restaurant-flour-and-grape-replaces-antico-in-bermondsey-london
2,london_eater_rest,02_london_eater_rest,3103,https://london.eater.com/2017/10/4/16417628/third-veggie-pret-a-manger-opening-exmouth-market
2,london_eater_rest,02_london_eater_rest,3104,https://london.eater.com/2017/10/4/16418226/toasted-east-dulwich-london-replaced-by-terroirs-wine-bar-november
2,london_eater_rest,02_london_eater_rest,3105,https://london.eater.com/2017/10/4/16421210/grain-store-sara-lewis-head-chef-new-pilgrm-hotel-in-paddington
2,london_eater_rest,02_london_eater_rest,3106,https://london.eater.com/2017/10/4/16424728/pop-up-king-jimmy-garcia-alpine-restaurant-pods-southbank-this-winter-london
2,london_eater_rest,02_london_eater_rest,3107,https://london.eater.com/2017/10/2/16392380/critic-giles-coren-marina-oloughlin-grace-dent-lorne-flavour-bastard-week-in-reviews
2,london_eater_rest,02_london_eater_rest,3108,https://london.eater.com/2017/10/2/16395706/jamie-oliver-jamies-italian-uk-chains-posts-huge-financial-loss
2,london_eater_rest,02_london_eater_rest,3109,https://london.eater.com/2017/9/28/16372920/ex-clove-club-head-chef-tim-spedding-tom-adams-coombeshead-farm-cornwall-london
2,london_eater_rest,02_london_eater_rest,3110,https://london.eater.com/2017/9/28/16379988/hoi-polloi-head-chef-moves-to-head-bluebirds-expansion
2,london_eater_rest,02_london_eater_rest,3111,https://london.eater.com/2017/9/27/16372748/caprice-holdings-open-50s-and-60s-inspired-italian-restaurant-in-knightsbridge-harrys-dolci
2,london_eater_rest,02_london_eater_rest,3112,https://london.eater.com/2017/9/27/16372938/iconic-indian-restaurant-under-threat-of-closure-is-petitions-for-survival-london
2,london_eater_rest,02_london_eater_rest,3113,https://london.eater.com/2017/9/26/16361670/gaylord-restaurant-reopens-after-10-day-closure-london-fitzrovia
2,london_eater_rest,02_london_eater_rest,3114,https://london.eater.com/2017/9/26/16365492/confirmed-mumbai-street-food-dabbawala-open-bombay-bustle-mayfair-london
2,london_eater_rest,02_london_eater_rest,3115,https://london.eater.com/2017/9/26/16366460/soba-noodle-japanese-specialists-st-germain-paris-open-a-restaurant-the-strand-london
2,london_eater_rest,02_london_eater_rest,3116,https://london.eater.com/2017/9/25/16361222/noma-alumnus-collaborate-portland-restaurant
2,london_eater_rest,02_london_eater_rest,3117,https://london.eater.com/2017/9/22/16339584/chef-vivek-singh-open-a-second-cinnamon-kitchen-at-battersea-power-station-london
2,london_eater_rest,02_london_eater_rest,3118,https://london.eater.com/2017/9/22/16349186/restaurant-industry-uk-london-to-reach-20bn-but-market-correction-looms-report
2,london_eater_rest,02_london_eater_rest,3119,https://london.eater.com/2017/9/21/16338272/history-london-most-famous-bar-the-american-bar-at-the-savoy
2,london_eater_rest,02_london_eater_rest,3120,https://london.eater.com/2017/9/21/16339732/restaurant-critic-jay-rayner-will-cook-feast-ravinder-bhogal-at-jikoni-marylebone
2,london_eater_rest,02_london_eater_rest,3121,https://london.eater.com/2017/9/21/16345304/celebrated-german-vegetarian-restaurant-is-coming-to-london-european-tour-bao-pergola-watch-house
2,london_eater_rest,02_london_eater_rest,3122,https://london.eater.com/2017/9/20/16338038/hawksmoor-new-charity-initiative-tackle-food-and-water-poverty-a-good-dinner
2,london_eater_rest,02_london_eater_rest,3123,https://london.eater.com/2017/9/20/16338092/jamie-oliver-wahaca-pilot-new-restaurant-feedback-technology-yumpingo
2,london_eater_rest,02_london_eater_rest,3124,https://london.eater.com/2017/9/19/16332188/ramen-raindrop-cake-restaurant-yamagoya-soho-permanent-site-waterloo
2,london_eater_rest,02_london_eater_rest,3125,https://london.eater.com/2017/9/19/16332446/marina-oloughlin-aa-gill-permanent-replacement-sunday-times-restaurant-critic
2,london_eater_rest,02_london_eater_rest,3126,https://london.eater.com/2017/9/19/16333746/six-new-deliveroo-editions-dark-kitchens-opening-london-bermondsey-islington-wimbledon
2,london_eater_rest,02_london_eater_rest,3127,https://london.eater.com/2017/9/18/16325060/jay-rayner-calls-under-threat-da-maria-notting-hill-vital-resource-reviews
2,london_eater_rest,02_london_eater_rest,3128,https://london.eater.com/2017/9/18/16325144/a-first-look-serge-et-le-phoque-restaurant-fitzrovia-london
2,london_eater_rest,02_london_eater_rest,3129,https://london.eater.com/2017/9/14/16300574/famous-gleneagles-hotel-rumoured-opening-in-mayfair-london
2,london_eater_rest,02_london_eater_rest,3130,https://london.eater.com/2017/9/14/16306284/holborn-dining-rooms-pastry-master-calum-franklin-open-pie-room
2,london_eater_rest,02_london_eater_rest,3131,https://london.eater.com/2017/9/13/16301816/chick-n-sours-tonkotsu-legs-quality-chop-house-new-guest-chef-series-hackney-speakeasy
2,london_eater_rest,02_london_eater_rest,3132,https://london.eater.com/2017/9/12/16293668/nyc-style-pizza-greek-italian-bakery-open-white-city-london-development-2017
2,london_eater_rest,02_london_eater_rest,3133,https://london.eater.com/2017/9/11/16286542/chelsea-restaurant-bluebird-open-new-york-city-spring-2018
2,london_eater_rest,02_london_eater_rest,3134,https://london.eater.com/2017/9/7/16265924/multi-use-space-mortimer-house-fitzrovia-will-include-new-mediterranean-restaurant
2,london_eater_rest,02_london_eater_rest,3135,https://london.eater.com/2017/9/5/16254454/is-nyc-serge-becker-opening-miss-lilys-in-soho
2,london_eater_rest,02_london_eater_rest,3136,https://london.eater.com/2017/9/4/16251318/ruth-rogers-says-second-river-cafe-not-happening
2,london_eater_rest,02_london_eater_rest,3137,https://london.eater.com/2017/9/4/16252192/eric-chavot-confirmed-bob-bob-cite-head-chef-city
2,london_eater_rest,02_london_eater_rest,3138,https://london.eater.com/2017/8/31/16232238/cult-punjabi-restaurant-tayyabs-closes-immigration-authorities
2,london_eater_rest,02_london_eater_rest,3139,https://london.eater.com/2017/8/30/16224960/sustainability-seafood-restaurant-claw-open-carnaby-autumn
2,london_eater_rest,02_london_eater_rest,3140,https://london.eater.com/2017/8/30/16226476/shoryu-ramen-opening-shoreditch
2,london_eater_rest,02_london_eater_rest,3141,https://london.eater.com/2017/8/29/16219496/sri-lankan-hoppers-new-opening-marylebone-september
2,london_eater_rest,02_london_eater_rest,3142,https://london.eater.com/2017/8/29/16220774/chef-pedro-passinhas-menu-wallpaper-more-news-ocado-amazon
2,london_eater_rest,02_london_eater_rest,3143,https://london.eater.com/2017/8/25/16201628/5-london-restaurants-bank-holiday-weekend
2,london_eater_rest,02_london_eater_rest,3144,https://london.eater.com/2017/8/24/16195848/salon-brixton-market-reopening-wine-bar-and-shop
2,london_eater_rest,02_london_eater_rest,3145,https://london.eater.com/2017/8/24/16196030/james-street-marylebone-serious-restaurant-destination-caprice-holdings
2,london_eater_rest,02_london_eater_rest,3146,https://london.eater.com/2017/8/24/16197434/austrian-chef-lukas-mraz-newcomer-wines-dalston-london
2,london_eater_rest,02_london_eater_rest,3147,https://london.eater.com/2017/8/22/16182780/fat-macys-launch-crowdfunding-campaign-open-restaurant-peckham
2,london_eater_rest,02_london_eater_rest,3148,https://london.eater.com/2017/8/22/16183872/texture-chefs-raymond-blanc-ollie-dabbous-more-news
2,london_eater_rest,02_london_eater_rest,3149,https://london.eater.com/2017/8/21/16178920/caprice-holdings-grain-store-restaurant-granary-square-kings-cross-london
2,london_eater_rest,02_london_eater_rest,3150,https://london.eater.com/2017/8/18/16155906/glorious-twelfth-2019-grouse-game-season-london-restaurants
2,london_eater_rest,02_london_eater_rest,3151,https://london.eater.com/2017/8/18/16166352/shoreditch-cocktail-bar-trump-penthouse-open-more-news
2,london_eater_rest,02_london_eater_rest,3152,https://london.eater.com/2017/8/18/16167768/cheese-bar-pizza-pilgrims-gunpowder-el-pastor-charity-cheese-event
2,london_eater_rest,02_london_eater_rest,3153,https://london.eater.com/2017/8/17/16157376/red-farm-nyc-opening-covent-garden-london
2,london_eater_rest,02_london_eater_rest,3154,https://london.eater.com/2017/8/17/16160752/good-life-projects-open-la-italian-restaurant-passo-old-street-shoreditch
2,london_eater_rest,02_london_eater_rest,3155,https://london.eater.com/2017/8/16/16155570/adam-handling-open-flagship-restaurant-frog-covent-garden-london
2,london_eater_rest,02_london_eater_rest,3156,https://london.eater.com/2017/8/16/16155660/prodigious-young-chef-faces-deportation-from-uk
2,london_eater_rest,02_london_eater_rest,3157,https://london.eater.com/2017/8/16/16156922/dishoom-new-opening-kensington-london
2,london_eater_rest,02_london_eater_rest,3158,https://london.eater.com/2017/8/15/16148208/mamarosa-beach-restaurant-coming-to-london-from-barcelona
2,london_eater_rest,02_london_eater_rest,3159,https://london.eater.com/2017/8/15/16148476/simon-rogan-announces-london-chef-table-experience
2,london_eater_rest,02_london_eater_rest,3160,https://london.eater.com/2017/8/14/16130240/richard-caring-caprice-holidings-acquired-knightsbridge-london-harrys-bar
2,london_eater_rest,02_london_eater_rest,3161,https://london.eater.com/2017/8/14/16143188/alan-yau-back-open-yamabahce-restaurant-london-september
2,london_eater_rest,02_london_eater_rest,3162,https://london.eater.com/2017/8/11/16113046/boulestin-bloomsbury-set-1920s-restaurant-culinary-nostalgia
2,london_eater_rest,02_london_eater_rest,3163,https://london.eater.com/2017/8/10/16123700/club-gascon-london-smithfield-restauarant-closing-refurbishment
2,london_eater_rest,02_london_eater_rest,3164,https://london.eater.com/2017/8/10/16125296/gunpowder-open-gul-sepoy-new-london-restaurant-indian-september
2,london_eater_rest,02_london_eater_rest,3165,https://london.eater.com/2017/8/10/16125704/leandro-carreira-opening-londrino-london-bridge-november
2,london_eater_rest,02_london_eater_rest,3166,https://london.eater.com/2017/8/9/16117630/vinoteca-london-bloomberg-arcade-opening-city
2,london_eater_rest,02_london_eater_rest,3167,https://london.eater.com/2017/8/8/16106998/cabmans-shelter-grosvenor-london-award-grade-2-listed-status-news-today
2,london_eater_rest,02_london_eater_rest,3168,https://london.eater.com/2017/8/7/16105876/shikumen-dim-sum-open-restaurant-lunchtime-news
2,london_eater_rest,02_london_eater_rest,3169,https://london.eater.com/2017/8/7/16106016/jason-atherton-sosharu-restaurant-london-for-sale
2,london_eater_rest,02_london_eater_rest,3170,https://london.eater.com/2017/8/7/16106362/15-best-lines-jamie-oliver-interview-london-sunday-times
2,london_eater_rest,02_london_eater_rest,3171,https://london.eater.com/2017/8/4/16094044/koya-caravan-jks-restaurant-open-bloomberg-city-london
2,london_eater_rest,02_london_eater_rest,3172,https://london.eater.com/2017/8/4/16094356/kricket-rumour-opening-shepherds-bush-london-bbc-television-news
2,london_eater_rest,02_london_eater_rest,3173,https://london.eater.com/2017/8/3/16088634/gordon-ramsay-tilly-childrens-menu-restaurants-london
2,london_eater_rest,02_london_eater_rest,3174,https://london.eater.com/2017/8/3/16089178/chicken-breakfast-open-michel-roux-restaurant-closed-london-news
2,london_eater_rest,02_london_eater_rest,3175,https://london.eater.com/2017/8/1/16069426/why-arent-women-cooking-indian-restaurants-london
2,london_eater_rest,02_london_eater_rest,3176,https://london.eater.com/2017/8/1/16074556/dabbous-restaurant-closed-and-more-news
2,london_eater_rest,02_london_eater_rest,3177,https://london.eater.com/2017/7/27/16049064/dynamo-are-opening-a-second-site-in-balham-and-more-news
2,london_eater_rest,02_london_eater_rest,3178,https://london.eater.com/2017/7/27/16050530/game-of-thrones-hot-pie-has-opened-london-bakery
2,london_eater_rest,02_london_eater_rest,3179,https://london.eater.com/2017/7/26/16026220/restaurant-tipping-points
2,london_eater_rest,02_london_eater_rest,3180,https://london.eater.com/2017/7/25/16024448/a-first-look-at-jean-georges-at-the-connaught-restaurant
2,london_eater_rest,02_london_eater_rest,3181,https://london.eater.com/2017/7/25/16024968/pidgin-owners-open-magpie-restaurant-today-and-more-news
2,london_eater_rest,02_london_eater_rest,3182,https://london.eater.com/2017/7/24/16018670/the-vurger-co-restaurant-break-crowdcube-record
2,london_eater_rest,02_london_eater_rest,3183,https://london.eater.com/2017/7/21/16008086/parsons-restaurant-to-open-on-endell-street-in-october
2,london_eater_rest,02_london_eater_rest,3184,https://london.eater.com/2017/7/20/16002584/jamavar-owners-to-open-dabbawalla-restaurant
2,london_eater_rest,02_london_eater_rest,3185,https://london.eater.com/2017/7/20/16002590/dishoom-restaurant-co-founders-exit-the-business-and-more-news
2,london_eater_rest,02_london_eater_rest,3186,https://london.eater.com/2017/7/19/15997788/chikn-restaurant-temporarily-closed-due-to-unexpected-demand
2,london_eater_rest,02_london_eater_rest,3187,https://london.eater.com/2017/7/18/15933422/george-reynolds-letter-london-vs-nyc-restaurants
2,london_eater_rest,02_london_eater_rest,3188,https://london.eater.com/2017/7/18/15988132/bao-restaurant-collaborate-with-east-london-liquor-co
2,london_eater_rest,02_london_eater_rest,3189,https://london.eater.com/2017/7/18/15988280/freddie-janssen-and-seb-myers-are-taking-snackbar-restaurant-to-legs-in-hackney
2,london_eater_rest,02_london_eater_rest,3190,https://london.eater.com/2017/7/17/15980996/lisa-hilton-uses-the-sunday-times-to-tear-into-madame-d-reviews
2,london_eater_rest,02_london_eater_rest,3191,https://london.eater.com/2017/7/14/15970982/gordon-ramsay-ft-interview-best-lines
2,london_eater_rest,02_london_eater_rest,3192,https://london.eater.com/2017/7/13/15933378/russell-norman-nyc-vs-london-restaurants
2,london_eater_rest,02_london_eater_rest,3193,https://london.eater.com/2017/7/13/15963850/at-dirty-bones-the-restaurant-influences-you-instagram
2,london_eater_rest,02_london_eater_rest,3194,https://london.eater.com/2017/7/12/15920100/smoking-goat-ben-chapman-opening-second-location
2,london_eater_rest,02_london_eater_rest,3195,https://london.eater.com/2017/7/11/15932156/state-of-dining-london
2,london_eater_rest,02_london_eater_rest,3196,https://london.eater.com/2017/7/11/15950360/p-franco-guest-chef-giuseppe-belvedere-brawn
2,london_eater_rest,02_london_eater_rest,3197,https://london.eater.com/2017/7/4/15916920/quaglinos-history-london-restaurant-glamour
2,london_eater_rest,02_london_eater_rest,3198,https://london.eater.com/2017/7/3/15855406/galician-beef-retired-dairy-cow-london-chefs
2,london_eater_rest,02_london_eater_rest,3199,https://london.eater.com/21264691/best-quarantine-cookbooks-home-cooking
2,london_eater_rest,02_london_eater_rest,3200,https://london.eater.com/21295455/uk-coronavirus-when-restaurants-reopen-latest-news-london
2,london_eater_rest,02_london_eater_rest,3201,https://london.eater.com/21371782/coronavirus-uk-london-restaurant-ombra-mitshel-ibrahim-pandemic-success
2,london_eater_rest,02_london_eater_rest,3202,https://london.eater.com/21375086/london-restaurants-closed-coronavirus-pandemic-uk
2,london_eater_rest,02_london_eater_rest,3203,https://london.eater.com/21409976/uk-coronavirus-latest-office-workers-london-restaurants-risk-complete-failure
2,london_eater_rest,02_london_eater_rest,3204,https://london.eater.com/21432168/best-cookbooks-uk-nigella-ottolenghi-fuchsia-dunlop
2,london_eater_rest,02_london_eater_rest,3205,https://london.eater.com/21445039/uk-coronavirus-latest-news-national-restrictions-restaurants
2,london_eater_rest,02_london_eater_rest,3206,https://london.eater.com/21452212/milkbar-soho-cafe-bateman-street-closed-flat-white-berwick-street
2,london_eater_rest,02_london_eater_rest,3207,https://london.eater.com/21512521/original-flava-youtube-caribbean-food-flava-festival-ainsley-harriot-liam-charles
2,london_eater_rest,02_london_eater_rest,3208,https://london.eater.com/21514160/table-meal-definition-coronavirus-tiers-uk-pubs-closed
2,london_eater_rest,02_london_eater_rest,3209,https://london.eater.com/21519203/london-restaurants-coronavirus-tier-2-restrictions-rules
2,london_eater_rest,02_london_eater_rest,3210,https://london.eater.com/21519217/hungs-restaurant-chinatown-london-closed
2,london_eater_rest,02_london_eater_rest,3211,https://london.eater.com/21522745/gordon-ramsay-burger-london-restaurant-harrods
2,london_eater_rest,02_london_eater_rest,3212,https://london.eater.com/21524969/coronavirus-restrictions-london-restaurants-jeremy-king-wolseley
2,london_eater_rest,02_london_eater_rest,3213,https://london.eater.com/21526788/coronavirus-tier-2-restrictions-london-restaurants-instagram
2,london_eater_rest,02_london_eater_rest,3214,https://london.eater.com/21529932/rishi-sunak-franco-manca-coronavirus-tier-2-business-meeting-rules-restaurants-london
2,london_eater_rest,02_london_eater_rest,3215,https://london.eater.com/21529945/coronavirus-tier-restrictions-london-restaurants-business-lunches-loopholes
2,london_eater_rest,02_london_eater_rest,3216,https://london.eater.com/21530129/kol-restaurant-london-mexican-santiago-lastra-noma-mexico
2,london_eater_rest,02_london_eater_rest,3217,https://london.eater.com/21530242/shaftesbury-chinatown-soho-restaurant-landlord-300-million-coronavirus-crisis-london-property
2,london_eater_rest,02_london_eater_rest,3218,https://london.eater.com/21535832/asap-pizza-london-borough-market-restaurant-reopening
2,london_eater_rest,02_london_eater_rest,3219,https://london.eater.com/21541574/coronavirus-cases-england-eat-out-to-help-out-spike
2,london_eater_rest,02_london_eater_rest,3220,https://london.eater.com/21543460/coronavirus-national-lockdown-rules-england-restaurants-closed
2,london_eater_rest,02_london_eater_rest,3221,https://london.eater.com/21545514/food-banks-uk-coronavirus-pandemic-universal-credit
2,london_eater_rest,02_london_eater_rest,3222,https://london.eater.com/21549595/sainsburys-supermarket-closing-argos-stores-uk
2,london_eater_rest,02_london_eater_rest,3223,https://london.eater.com/21550653/coronavirus-lockdown-london-restaurants-in-pictures
2,london_eater_rest,02_london_eater_rest,3224,https://london.eater.com/21552363/coronavirus-latest-news-england-lockdown-restaurants-closed
2,london_eater_rest,02_london_eater_rest,3225,https://london.eater.com/21552368/free-school-meals-marcus-rashford-petition-jamie-oliver
2,london_eater_rest,02_london_eater_rest,3226,https://london.eater.com/21556176/how-to-make-coffee-home-espresso-aeropress-v60
2,london_eater_rest,02_london_eater_rest,3227,https://london.eater.com/21556178/marcus-rashford-free-school-meals-holidays-campaign-boris-johnson
2,london_eater_rest,02_london_eater_rest,3228,https://london.eater.com/21556372/pret-coffee-waitrose-supermarket-pret-a-manger-uk
2,london_eater_rest,02_london_eater_rest,3229,https://london.eater.com/21560288/junk-food-digital-advertising-ban-uk-government-proposals
2,london_eater_rest,02_london_eater_rest,3230,https://london.eater.com/21562351/eat-out-help-out-winter-rishi-sunak-coronavirus-recovery-england
2,london_eater_rest,02_london_eater_rest,3231,https://london.eater.com/21573029/darjeeling-express-restaurant-menu-covent-garden-asma-khan
2,london_eater_rest,02_london_eater_rest,3232,https://london.eater.com/21573079/jollibee-uk-london-menu-leicester-square-restaurants
2,london_eater_rest,02_london_eater_rest,3233,https://london.eater.com/21579077/mangrove-restaurant-history-notting-hill-small-axe-steve-mcqueen
2,london_eater_rest,02_london_eater_rest,3234,https://london.eater.com/21590984/coronavirus-lockdown-restaurants-reopen-3-december-11-p-m-curfew
2,london_eater_rest,02_london_eater_rest,3235,https://london.eater.com/21591369/gordon-ramsay-burger-restaurant-menu-harrods-london
2,london_eater_rest,02_london_eater_rest,3236,https://london.eater.com/21591374/coronavirus-lockdown-restaurants-reopen-boris-johnson-winter-covid-plan-tier
2,london_eater_rest,02_london_eater_rest,3237,https://london.eater.com/21612428/matt-hancock-takeaway-50000-bong-bongs-manila-kanteen
2,london_eater_rest,02_london_eater_rest,3238,https://london.eater.com/21721430/best-gross-recipes-instagram-london
2,london_eater_rest,02_london_eater_rest,3239,https://london.eater.com/21726482/coronavirus-rules-pubs-substantial-meal
2,london_eater_rest,02_london_eater_rest,3240,https://london.eater.com/21754891/coronavirus-uk-restaurants-reopen-london-tier-2-uncertainty
2,london_eater_rest,02_london_eater_rest,3241,https://london.eater.com/21755024/pubs-closed-coronavirus-tier-rules-debate-boris-johnson
2,london_eater_rest,02_london_eater_rest,3242,https://london.eater.com/21755400/tier-coronavirus-restrictions-lack-logic-restaurants-hospitality
2,london_eater_rest,02_london_eater_rest,3243,https://london.eater.com/21972453/tesco-coronavirus-repayment-government-money-restaurant-bailout
2,london_eater_rest,02_london_eater_rest,3244,https://london.eater.com/22149871/london-restaurants-reopening-photos-coronavirus-rules
2,london_eater_rest,02_london_eater_rest,3245,https://london.eater.com/22158478/covid-19-rent-london-restaurant-property-debt-landlords-vaccine
2,london_eater_rest,02_london_eater_rest,3246,https://london.eater.com/22165036/coronavirus-rent-crisis-government-extend-restaurant-eviction-protections-2021
2,london_eater_rest,02_london_eater_rest,3247,https://london.eater.com/22165075/nigella-lawson-microwave-eat-cook-repeat
2,london_eater_rest,02_london_eater_rest,3248,https://london.eater.com/22167541/london-tier-2-coronavirus-restrictions-restaurants-sadiq-khan-warning-tier-3
2,london_eater_rest,02_london_eater_rest,3249,https://london.eater.com/22169286/london-tier-2-coronavirus-restrictions-restaurants-rent-case-rises-warning-tier-3
2,london_eater_rest,02_london_eater_rest,3250,https://london.eater.com/22175912/coronavirus-jobs-figures-ons-furlough-scheme-restaurants
2,london_eater_rest,02_london_eater_rest,3251,https://london.eater.com/22178031/unicef-uk-child-hunger-coronavirus-food-banks
2,london_eater_rest,02_london_eater_rest,3252,https://london.eater.com/22188430/biggest-london-restaurant-trends-2021
2,london_eater_rest,02_london_eater_rest,3253,https://london.eater.com/22188433/london-restaurant-closures-2020
2,london_eater_rest,02_london_eater_rest,3254,https://london.eater.com/22188435/london-restaurants-2021-biggest-hopes
2,london_eater_rest,02_london_eater_rest,3255,https://london.eater.com/22188451/london-restaurant-2021-trends-hopes-equality-inclusivity
2,london_eater_rest,02_london_eater_rest,3256,https://london.eater.com/22188571/london-restaurants-tier-4-2021-predictions
2,london_eater_rest,02_london_eater_rest,3257,https://london.eater.com/22188961/cornavirus-latest-london-restaurants-closed-tier-3-christmas
2,london_eater_rest,02_london_eater_rest,3258,https://london.eater.com/22192971/keith-mcnally-instagram-marina-o-loughlin-restaurant-critic
2,london_eater_rest,02_london_eater_rest,3259,https://london.eater.com/22212805/coronavirus-employment-job-losses-restaurants-2020
2,london_eater_rest,02_london_eater_rest,3260,https://london.eater.com/22212818/coronavirus-uk-latest-oxford-vaccine-cases-rising-tier-4-lockdown-restaurants-closed
2,london_eater_rest,02_london_eater_rest,3261,https://london.eater.com/22213737/uk-coronavirus-lockdown-stay-at-home-london-restaurants-closed
2,london_eater_rest,02_london_eater_rest,3262,https://london.eater.com/22216626/albert-roux-dies-chef-obituary-le-gavroche-london-michel-roux
2,london_eater_rest,02_london_eater_rest,3263,https://london.eater.com/22218389/coronavirus-lockdown-restaurant-stories-mangal-2-dalston
2,london_eater_rest,02_london_eater_rest,3264,https://london.eater.com/22220293/coronavirus-lockdown-restaurant-stories-sonora-london-fields-tacos
2,london_eater_rest,02_london_eater_rest,3265,https://london.eater.com/22228734/pizza-express-restaurant-closures-coronavirus
2,london_eater_rest,02_london_eater_rest,3266,https://london.eater.com/22230571/bao-london-restaurant-redchurch-street-shoreditch-noodle-shop
2,london_eater_rest,02_london_eater_rest,3267,https://london.eater.com/22230624/free-school-meals-england-half-term-february-2021
2,london_eater_rest,02_london_eater_rest,3268,https://london.eater.com/22232538/uk-coronavirus-when-restaurants-reopen-closed-london-lockdown
2,london_eater_rest,02_london_eater_rest,3269,https://london.eater.com/22236926/coronavirus-lockdown-when-will-restaurants-reopen-chishuru-brixton-market
2,london_eater_rest,02_london_eater_rest,3270,https://london.eater.com/22238308/chinatown-london-restaurants-closed-coronavirus-pandemic
2,london_eater_rest,02_london_eater_rest,3271,https://london.eater.com/22238318/uk-coronavirus-vat-rate-reduction-london-restaurants
2,london_eater_rest,02_london_eater_rest,3272,https://london.eater.com/22240500/uk-trade-deals-brexit-agriculture-bill-food-standards
2,london_eater_rest,02_london_eater_rest,3273,https://london.eater.com/22244001/when-will-coronavirus-lockdown-end-restaurants-reopen-boris-johnson-latest
2,london_eater_rest,02_london_eater_rest,3274,https://london.eater.com/22253945/when-will-restaurants-reopen-coronavirus-lockdown-england-ends-financial-support-sunak
2,london_eater_rest,02_london_eater_rest,3275,https://london.eater.com/22266028/when-will-restaurants-reopen-coronavirus-lockdown-ends-london
2,london_eater_rest,02_london_eater_rest,3276,https://london.eater.com/22267940/when-will-restaurants-reopen-coronavirus-lockdown-ends-latest-news
2,london_eater_rest,02_london_eater_rest,3277,https://london.eater.com/22275986/when-will-pubs-reopen-after-coronavirus-lockdown
2,london_eater_rest,02_london_eater_rest,3278,https://london.eater.com/22282900/when-can-pubs-reopen-after-coronavirus-lockdown
2,london_eater_rest,02_london_eater_rest,3279,https://london.eater.com/22282933/when-restaurants-reopen-coronavirus-lockdown-boris-johnson-roadmap-date
2,london_eater_rest,02_london_eater_rest,3280,https://london.eater.com/22287097/lunar-new-year-2021-food-celebrations-instagram
2,london_eater_rest,02_london_eater_rest,3281,https://london.eater.com/22290986/when-restaurants-will-reopen-after-coronavirus-lockdown-latest-news
2,london_eater_rest,02_london_eater_rest,3282,https://london.eater.com/22296811/browns-of-brockley-cafe-lordship-lane-east-dulwich
2,london_eater_rest,02_london_eater_rest,3283,https://london.eater.com/22296847/restaurants-reopening-coronavirus-lockdown-vaccine-passports-furlough
2,london_eater_rest,02_london_eater_rest,3284,https://london.eater.com/22302688/best-condiments-home-cooking-uk-mayonnaise-msg-chilli-oil
2,london_eater_rest,02_london_eater_rest,3285,https://london.eater.com/22307432/tomahawk-steakhouse-restaurant-workers-loan-back-furlough-salary
2,london_eater_rest,02_london_eater_rest,3286,https://london.eater.com/22309002/amazon-go-grocery-uk-store-opening-ealing-broadway-london
2,london_eater_rest,02_london_eater_rest,3287,https://london.eater.com/22309948/uk-budget-2021-rishi-sunak-announcement-coronavirus-grants-vat-cut-restaurants
2,london_eater_rest,02_london_eater_rest,3288,https://london.eater.com/22311461/tiktok-food-trending-videos-feta-pasta-instagram
2,london_eater_rest,02_london_eater_rest,3289,https://london.eater.com/22315170/latest-coronavirus-news-england-when-will-restaurants-reopen-after-lockdown
2,london_eater_rest,02_london_eater_rest,3290,https://london.eater.com/22315372/when-restaurants-reopen-after-coronavirus-lockdown-roadmap-budget
2,london_eater_rest,02_london_eater_rest,3291,https://london.eater.com/22320925/india-club-restaurant-the-strand-campaign-london-regeneration
2,london_eater_rest,02_london_eater_rest,3292,https://london.eater.com/22327197/when-will-restaurants-reopen-after-lockdown-england-roadmap-plan
2,london_eater_rest,02_london_eater_rest,3293,https://london.eater.com/22337597/amazon-go-grocery-uk-store-opening-wembley-islington-ealing
2,london_eater_rest,02_london_eater_rest,3294,https://london.eater.com/22339655/latest-coronavirus-news-when-will-restaurants-reopen
2,london_eater_rest,02_london_eater_rest,3295,https://london.eater.com/22348361/pubs-open-vaccine-passport-boris-johnson
2,london_eater_rest,02_london_eater_rest,3296,https://london.eater.com/22351963/latest-coronavirus-news-uk-restaurants-reopening-april
2,london_eater_rest,02_london_eater_rest,3297,https://london.eater.com/22393456/boris-johnson-pubs-open-covid-rules-table-service
2,london_eater_rest,02_london_eater_rest,3298,https://london.eater.com/22403614/chinatown-london-restaurants-reopening-covid-19-recovery
2,london_eater_rest,02_london_eater_rest,3299,https://london.eater.com/22424983/restaurants-reopening-england-covid-19-latest-rules
2,london_eater_rest,02_london_eater_rest,3300,https://london.eater.com/22428368/when-do-restaurants-open-inside-coronavirus-lockdown-lifting
2,london_eater_rest,02_london_eater_rest,3301,https://london.eater.com/22428672/coronavirus-restaurants-london-reopening-workers-jobs-furlough
2,london_eater_rest,02_london_eater_rest,3302,https://london.eater.com/22428682/restaurant-industry-sexism-inequality-women-covid-19-pandemic
2,london_eater_rest,02_london_eater_rest,3303,https://london.eater.com/22439904/sadiq-khan-london-mayor-restaurant-crawl-reopening-inside-after-coronavirus-lockdown
2,london_eater_rest,02_london_eater_rest,3304,https://london.eater.com/22445661/restaurant-jobs-london-coronavirus-pandemic-brexit
2,london_eater_rest,02_london_eater_rest,3305,https://london.eater.com/22445901/restaurants-reopening-coronavirus-roadmap-england-social-distancing-new-variants
2,london_eater_rest,02_london_eater_rest,3306,https://london.eater.com/22446069/restaurants-coronavirus-roadmap-next-stage-21-june
2,london_eater_rest,02_london_eater_rest,3307,https://london.eater.com/22447114/restaurants-open-inside-coronavirus-reopening-roadmap
2,london_eater_rest,02_london_eater_rest,3308,https://london.eater.com/22464975/wendys-uk-menu-restaurant-reading-frosty-baconator
2,london_eater_rest,02_london_eater_rest,3309,https://london.eater.com/22527438/restaurant-staff-shortage-jobs-london-brexit-covid-19
2,london_eater_rest,02_london_eater_rest,3310,https://london.eater.com/22529449/chinatown-london-restaurants-no-reservations-outdoors-ask-eater
2,london_eater_rest,02_london_eater_rest,3311,https://london.eater.com/22536416/britain-australia-brexit-trade-deal-uk-food-standards-marmite-vegemite
2,london_eater_rest,02_london_eater_rest,3312,https://london.eater.com/22545094/food-shortages-uk-supermarkets-brexit-covid-19
2,london_eater_rest,02_london_eater_rest,3313,https://london.eater.com/22553719/restaurant-tips-law-uk
2,london_eater_rest,02_london_eater_rest,3314,https://london.eater.com/22563647/ciao-bella-restaurant-london-italian-trattorias-england
2,london_eater_rest,02_london_eater_rest,3315,https://london.eater.com/22563759/best-regional-british-foods-london-fish-chips-pie-mash-balti
2,london_eater_rest,02_london_eater_rest,3316,https://london.eater.com/22563773/park-row-restaurant-london-dc-comics-batman-gotham
2,london_eater_rest,02_london_eater_rest,3317,https://london.eater.com/22584971/covid-self-isolation-nhs-app-rules-ping-test-trace-restaurants
2,london_eater_rest,02_london_eater_rest,3318,https://london.eater.com/22616371/ivy-asia-restaurant-racist-video-asian-stereotypes
2,london_eater_rest,02_london_eater_rest,3319,https://london.eater.com/22628497/save-latin-village-gentrification-food-community-victory
2,london_eater_rest,02_london_eater_rest,3320,https://london.eater.com/22671390/tatale-restaurant-africa-centre-london-akwasi-brenya-mensa
2,london_eater_rest,02_london_eater_rest,3321,https://london.eater.com/22672014/brexit-food-shortages-uk-supermarkets-covid-19
2,london_eater_rest,02_london_eater_rest,3322,https://london.eater.com/22675172/jamie-oliver-new-restaurants-london
2,london_eater_rest,02_london_eater_rest,3323,https://london.eater.com/22677100/celebrity-masterchef-pie-room-calum-franklin-restaurant
2,london_eater_rest,02_london_eater_rest,3324,https://london.eater.com/22677117/restaurant-jobs-temporary-work-apps-gig-economy
2,london_eater_rest,02_london_eater_rest,3325,https://london.eater.com/22707137/cedric-grolet-patisserie-london-menu-opening-date
2,london_eater_rest,02_london_eater_rest,3326,https://london.eater.com/22710348/boris-johnson-build-back-better-campaign-food
2,london_eater_rest,02_london_eater_rest,3327,https://london.eater.com/22712526/borough-yards-restaurants
2,london_eater_rest,02_london_eater_rest,3328,https://london.eater.com/22714135/bjorn-frantzen-restaurant-london-harrods
2,london_eater_rest,02_london_eater_rest,3329,https://london.eater.com/22714715/brutto-restaurant-london-russell-norman
2,london_eater_rest,02_london_eater_rest,3330,https://london.eater.com/22725949/get-baked-bakery-sprinkles-trading-standards-facebook
2,london_eater_rest,02_london_eater_rest,3331,https://london.eater.com/22736506/frankie-and-bennys-restaurant-name-change-frankies
2,london_eater_rest,02_london_eater_rest,3332,https://london.eater.com/22738034/flor-london-bakery-borough-market-spa-terminus
2,london_eater_rest,02_london_eater_rest,3333,https://london.eater.com/22748402/ikea-food-menu-oxford-circus-topshop
2,london_eater_rest,02_london_eater_rest,3334,https://london.eater.com/22769737/london-restaurant-closures-2021
2,london_eater_rest,02_london_eater_rest,3335,https://london.eater.com/22777880/daniel-humm-vegan-menu-davies-and-brook-claridges-closing-london-eleven-madison-park
2,london_eater_rest,02_london_eater_rest,3336,https://london.eater.com/22809906/great-british-bake-off-2021-winner-series-review
2,london_eater_rest,02_london_eater_rest,3337,https://london.eater.com/22815914/sake-no-hana-restaurant-london-closed-hakkasan
2,london_eater_rest,02_london_eater_rest,3338,https://london.eater.com/22820074/depop-food-app-delli-launch-london-2022-simon-beckerman
2,london_eater_rest,02_london_eater_rest,3339,https://london.eater.com/22823729/eater-london-2021-award-winners
2,london_eater_rest,02_london_eater_rest,3340,https://london.eater.com/22824269/wetherspoon-food-menu-grilled-chicken-nandos-rip-off
2,london_eater_rest,02_london_eater_rest,3341,https://london.eater.com/22825701/covid-restrictions-plan-b-boris-johnson-london-restaurants
2,london_eater_rest,02_london_eater_rest,3342,https://london.eater.com/22827658/montys-deli-london-closed-best-sandwiches
2,london_eater_rest,02_london_eater_rest,3343,https://london.eater.com/22834024/london-restaurant-jobs-wages
2,london_eater_rest,02_london_eater_rest,3344,https://london.eater.com/22837721/omicron-variant-restrictions-london-restaurant-closures-covid
2,london_eater_rest,02_london_eater_rest,3345,https://london.eater.com/22839289/london-restaurants-2022-better-industry
2,london_eater_rest,02_london_eater_rest,3346,https://london.eater.com/22839292/london-restaurants-closed-2021
2,london_eater_rest,02_london_eater_rest,3347,https://london.eater.com/22839302/biggest-london-restaurant-surprises-2021
2,london_eater_rest,02_london_eater_rest,3348,https://london.eater.com/22839319/how-to-make-london-restaurants-better-2022
2,london_eater_rest,02_london_eater_rest,3349,https://london.eater.com/22839320/london-restaurant-trends-predictions-2022
2,london_eater_rest,02_london_eater_rest,3350,https://london.eater.com/22848395/omicron-restaurants-london-closed-in-pictures
2,london_eater_rest,02_london_eater_rest,3351,https://london.eater.com/22892872/boiling-point-film-review
2,london_eater_rest,02_london_eater_rest,3352,https://london.eater.com/22904390/corbin-and-king-restaurants-administration-minor-international-jeremy-king
2,london_eater_rest,02_london_eater_rest,3353,https://london.eater.com/22914551/london-restaurant-closures-2022
2,london_eater_rest,02_london_eater_rest,3354,https://london.eater.com/22915848/dua-lipa-newsletter-service-95-favourite-london-restaurants
2,london_eater_rest,02_london_eater_rest,3355,https://london.eater.com/22955030/ong-ong-buns-chinese-bakery-bethnal-green-pop-up
2,london_eater_rest,02_london_eater_rest,3356,https://london.eater.com/22957877/pret-a-manger-sales-coffee-sub-covid
2,london_eater_rest,02_london_eater_rest,3357,https://london.eater.com/22958060/ukraine-war-donations-london-restaurants
2,london_eater_rest,02_london_eater_rest,3358,https://london.eater.com/22976565/restaurant-economics-crisis-covid-19-rent-inflation-energy
2,london_eater_rest,02_london_eater_rest,3359,https://london.eater.com/22981096/blank-street-coffee-london
2,london_eater_rest,02_london_eater_rest,3360,https://london.eater.com/22984533/flor-bakery-london-spa-terminus
2,london_eater_rest,02_london_eater_rest,3361,https://london.eater.com/23000025/why-are-dairy-milk-chocolate-bars-shrinking
2,london_eater_rest,02_london_eater_rest,3362,https://london.eater.com/23002981/cristiano-ronaldo-signs-deal-czn-burak-london-restaurant-tik-tok
2,london_eater_rest,02_london_eater_rest,3363,https://london.eater.com/23004706/frankie-and-bennys-restaurant-name-change
2,london_eater_rest,02_london_eater_rest,3364,https://london.eater.com/23005967/corbin-and-king-restaurants-bought-by-minor-international-jeremy-king
2,london_eater_rest,02_london_eater_rest,3365,https://london.eater.com/23006523/rex-whistler-restaurant-racist-mural-tate-britain
2,london_eater_rest,02_london_eater_rest,3366,https://london.eater.com/23013242/staff-shortage-uk-restaurants-covid-19-impact
2,london_eater_rest,02_london_eater_rest,3367,https://london.eater.com/23016253/calories-on-menus-uk-restaurants
2,london_eater_rest,02_london_eater_rest,3368,https://london.eater.com/23033397/best-soft-serve-london-soft-and-swirly-leilas-shop
2,london_eater_rest,02_london_eater_rest,3369,https://london.eater.com/23137738/food-prices-uk-ukraine-war
2,london_eater_rest,02_london_eater_rest,3370,https://london.eater.com/23280322/the-frog-adam-handling-frog-bakery-camberwell-trademark-cease-desist
2,london_eater_rest,02_london_eater_rest,3371,https://london.eater.com/23287135/top-chef-season-20-london-world-all-stars
2,london_eater_rest,02_london_eater_rest,3372,https://london.eater.com/23290245/alastair-little-obituary-restaurant-london
2,london_eater_rest,02_london_eater_rest,3373,https://london.eater.com/23302736/salt-bae-restaurant-london-prices-menu-profits
2,london_eater_rest,02_london_eater_rest,3374,https://london.eater.com/23349045/sonora-taqueria-legal-threat-trademark-taqueria-restaurant-notting-hill
2,london_eater_rest,02_london_eater_rest,3375,https://london.eater.com/23352663/great-british-bake-off-2022-series-13-guide
2,london_eater_rest,02_london_eater_rest,3376,https://london.eater.com/23356446/london-restaurants-rosh-hashanah-honey-cake-jewish-holidiay-honey-and-co-bubala-panzers
2,london_eater_rest,02_london_eater_rest,3377,https://london.eater.com/23362656/andrew-edmunds-obituary-soho-restaurant
2,london_eater_rest,02_london_eater_rest,3378,https://london.eater.com/23366520/cadet-wine-bar-newington-green
2,london_eater_rest,02_london_eater_rest,3379,https://london.eater.com/23408412/frog-bakery-camberwell-new-name-toad-adam-handling-trademark-cease-desist
2,london_eater_rest,02_london_eater_rest,3380,https://london.eater.com/23432408/liz-truss-policies-biography-out-of-the-blue-food-preferences
2,london_eater_rest,02_london_eater_rest,3381,https://london.eater.com/23433015/taqueria-trademark-sonora-restaurant-london
2,london_eater_rest,02_london_eater_rest,3382,https://london.eater.com/23458152/forno-hackney-mitshel-ibrahim-ombra-restaurant
2,london_eater_rest,02_london_eater_rest,3383,https://london.eater.com/23466043/london-restaurants-as-star-signs
2,london_eater_rest,02_london_eater_rest,3384,https://london.eater.com/23487728/eater-london-2022-award-winners
2,london_eater_rest,02_london_eater_rest,3385,https://london.eater.com/23489646/i-camisa-and-son-deli-soho-restaurants-history
2,london_eater_rest,02_london_eater_rest,3386,https://london.eater.com/23499755/manzis-restaurant-soho-corbin-king-wolseley-hospitality-group
2,london_eater_rest,02_london_eater_rest,3387,https://london.eater.com/23507239/london-restaurants-2022-brexit-covid-19-staffing-impact
2,london_eater_rest,02_london_eater_rest,3388,https://london.eater.com/23510660/london-restaurant-shocks-2022
2,london_eater_rest,02_london_eater_rest,3389,https://london.eater.com/23510666/go-to-london-restaurants-2022
2,london_eater_rest,02_london_eater_rest,3390,https://london.eater.com/23510668/saddest-london-restaurant-closures-2022
2,london_eater_rest,02_london_eater_rest,3391,https://london.eater.com/23510669/london-restaurant-trends-2023
2,london_eater_rest,02_london_eater_rest,3392,https://london.eater.com/23510671/london-restaurants-2023-predictions-hopes-better-industry
2,london_eater_rest,02_london_eater_rest,3393,https://london.eater.com/2023/2/14/23598362/eater-london-ceasing-publication-editors-note
2,london_eater_rest,02_london_eater_rest,3394,https://london.eater.com/2023/1/18/23560326/cake-office-health-risk-passive-smoking
2,london_eater_rest,02_london_eater_rest,3395,https://london.eater.com/2023/1/4/23538565/dohhut-doughnuts-exmouth-market-london-leeds
2,london_eater_rest,02_london_eater_rest,3396,https://london.eater.com/2022/12/18/23512657/where-to-celebrate-hanukkah-london
2,london_eater_rest,02_london_eater_rest,3397,https://london.eater.com/2022/12/7/23497939/oded-oren-delicatessen-broadway-market-london
2,london_eater_rest,02_london_eater_rest,3398,https://london.eater.com/2022/11/23/23475016/cost-of-living-crisis-sandwich-price-london
2,london_eater_rest,02_london_eater_rest,3399,https://london.eater.com/2022/11/8/23446971/qatar-world-cup-hypocrisy-brewdog-adverts
2,london_eater_rest,02_london_eater_rest,3400,https://london.eater.com/2022/11/3/23438507/franco-manca-supermarket-pizza
2,london_eater_rest,02_london_eater_rest,3401,https://london.eater.com/2022/10/28/23428225/sonora-taqueria-trademark-case-london
2,london_eater_rest,02_london_eater_rest,3402,https://london.eater.com/2022/10/24/23420223/boiling-point-film-new-tv-series-bbc-stephen-graham
2,london_eater_rest,02_london_eater_rest,3403,https://london.eater.com/2022/10/19/23412392/miznon-notting-hill
2,london_eater_rest,02_london_eater_rest,3404,https://london.eater.com/2022/10/18/23398711/gordon-ramsay-lucky-cat-shoreditch-cancelled
2,london_eater_rest,02_london_eater_rest,3405,https://london.eater.com/2022/10/11/23398343/jamie-oliver-gender-in-kitchens-new-cookbook-tour
2,london_eater_rest,02_london_eater_rest,3406,https://london.eater.com/2022/10/7/23389275/homeslice-old-street-fitzrovia-closed-for-sale
2,london_eater_rest,02_london_eater_rest,3407,https://london.eater.com/2022/10/3/23384725/deliveroo-hop-grocery-store-oxford-street-london
2,london_eater_rest,02_london_eater_rest,3408,https://london.eater.com/2022/10/3/23384761/din-tai-fung-centre-point-tottenham-court-road-open
2,london_eater_rest,02_london_eater_rest,3409,https://london.eater.com/2022/9/29/23378566/dusty-knuckle-price-rises-energy-crisis
2,london_eater_rest,02_london_eater_rest,3410,https://london.eater.com/2022/9/28/23376698/taqueria-name-copyright-legal-challenge-petition
2,london_eater_rest,02_london_eater_rest,3411,https://london.eater.com/2022/9/27/23374872/mr-ji-soho-permanently-closed-reopening-camden
2,london_eater_rest,02_london_eater_rest,3412,https://london.eater.com/2022/9/20/23362636/andrew-edmunds-soho-restaurateur-dies-79
2,london_eater_rest,02_london_eater_rest,3413,https://london.eater.com/2022/9/13/23350512/great-british-bake-off-2022-challenges-queen-elizabeth-ii
2,london_eater_rest,02_london_eater_rest,3414,https://london.eater.com/2022/8/11/23301331/happy-endings-ice-cream-london-pop-up-shoreditch
2,london_eater_rest,02_london_eater_rest,3415,https://london.eater.com/2022/8/9/23297942/yard-sale-pizza-menu-guest-series-ixta-belfrage-mezcla-singburi-forza-wine
2,london_eater_rest,02_london_eater_rest,3416,https://london.eater.com/2022/8/8/23296496/karens-diner-london
2,london_eater_rest,02_london_eater_rest,3417,https://london.eater.com/2022/7/27/23280369/mcdonalds-cheeseburger-menu-price-increase-inflation
2,london_eater_rest,02_london_eater_rest,3418,https://london.eater.com/2022/7/14/23196439/mexican-breakfast-tacos-london-quarter-kitchen-st-john-church-hackney
2,london_eater_rest,02_london_eater_rest,3419,https://london.eater.com/2022/7/13/23206654/anya-hindmarch-ice-cream-project-london-pop-up-store
2,london_eater_rest,02_london_eater_rest,3420,https://london.eater.com/2022/6/27/23184891/salt-bae-knightsbridge-steak-al-fresco-terrace
2,london_eater_rest,02_london_eater_rest,3421,https://london.eater.com/2022/6/1/23149780/justice-for-grenfell-jubilee-street-party-protest
2,london_eater_rest,02_london_eater_rest,3422,https://london.eater.com/2022/5/24/23139303/jeremy-lee-quo-vadis-cookbook-cooking-simply-and-well
2,london_eater_rest,02_london_eater_rest,3423,https://london.eater.com/2022/5/12/23068236/salmonella-recall-chicken-sainsburys-marks-and-spencer-aldi-waitrose-pret-a-manger
2,london_eater_rest,02_london_eater_rest,3424,https://london.eater.com/2022/5/11/23065081/asian-dessert-exchange-london-fundraiser-jenny-lau-celestial-peach
2,london_eater_rest,02_london_eater_rest,3425,https://london.eater.com/2022/4/21/23033749/masterchef-professionals-monica-galetti-marcus-wareing
2,london_eater_rest,02_london_eater_rest,3426,https://london.eater.com/2022/4/21/23035354/margot-henderson-three-horseshoes-sessions-arts-club-boath-house
2,london_eater_rest,02_london_eater_rest,3427,https://london.eater.com/2022/4/4/23009682/kinder-surprise-salmonella-recall-chocolate-eggs
2,london_eater_rest,02_london_eater_rest,3428,https://london.eater.com/2022/3/28/22996247/angelo-musa-patisserie-harrods-london
2,london_eater_rest,02_london_eater_rest,3429,https://london.eater.com/2022/2/25/22947298/arch-rivals-forest-gate-closed-relocates-st-leonards
2,london_eater_rest,02_london_eater_rest,3430,https://london.eater.com/2022/2/24/22949129/tinie-tempah-raps-fried-chicken-wraps-london-deliveroo
2,london_eater_rest,02_london_eater_rest,3431,https://london.eater.com/2022/2/14/22932777/two-more-years-hackney-wick-collapse-13-injured
2,london_eater_rest,02_london_eater_rest,3432,https://london.eater.com/2022/2/14/22932808/another-pantry-safia-shakarchi-london-pop-up-coal-drops-yard
2,london_eater_rest,02_london_eater_rest,3433,https://london.eater.com/2022/2/9/22925236/boris-johnson-partygate-champagne-downing-street-conservatives
2,london_eater_rest,02_london_eater_rest,3434,https://london.eater.com/2022/1/21/22894793/brewdog-james-watt-documentary-the-truth-about-brewdog-bbc
2,london_eater_rest,02_london_eater_rest,3435,https://london.eater.com/2022/1/11/22877919/downing-street-lockdown-party-drinks-boris-johnson
2,london_eater_rest,02_london_eater_rest,3436,https://london.eater.com/2022/1/6/22870055/mcdonalds-shake-shack-burgers-vegan-mcplant
2,london_eater_rest,02_london_eater_rest,3437,https://london.eater.com/2021/12/20/22846155/boris-johnson-downing-street-cheese-wine-parties
2,london_eater_rest,02_london_eater_rest,3438,https://london.eater.com/2021/10/25/22744411/asap-pizza-london-flor-borough-market-pam-yung
2,london_eater_rest,02_london_eater_rest,3439,https://london.eater.com/2021/10/8/22716083/spudulike-by-james-martin-butter
2,london_eater_rest,02_london_eater_rest,3440,https://london.eater.com/2021/9/6/22655574/great-british-bake-off-2021-trailer-new-series
2,london_eater_rest,02_london_eater_rest,3441,https://london.eater.com/2021/9/6/22659369/decatur-seafood-boil-tom-zahir-pop-up-quality-wines-farringdon
2,london_eater_rest,02_london_eater_rest,3442,https://london.eater.com/2021/8/24/22639168/mcdonalds-milkshake-menu-shortages-brexit
2,london_eater_rest,02_london_eater_rest,3443,https://london.eater.com/2021/8/12/22621645/pret-a-manger-jobs-pay-cut-staff-strike
2,london_eater_rest,02_london_eater_rest,3444,https://london.eater.com/2021/8/5/22611482/furanxo-clerkenwell-wine-shop-deli
2,london_eater_rest,02_london_eater_rest,3445,https://london.eater.com/2021/7/26/22593990/covid-self-isolation-rules-exemptions-england-nhs-app
2,london_eater_rest,02_london_eater_rest,3446,https://london.eater.com/2021/7/13/22575062/great-british-bake-off-series-12-2021-judges-contestants-filming-gbbo
2,london_eater_rest,02_london_eater_rest,3447,https://london.eater.com/2021/7/13/22575407/harry-maguire-taco-bell-euro-2020
2,london_eater_rest,02_london_eater_rest,3448,https://london.eater.com/2021/7/6/22565124/test-trace-isolate-rules-england-nhs-app
2,london_eater_rest,02_london_eater_rest,3449,https://london.eater.com/2021/7/2/22560479/dishoom-bacon-naan-marks-and-spencer-colin-the-caterpillar-percy-pig
2,london_eater_rest,02_london_eater_rest,3450,https://london.eater.com/2021/4/7/22371413/deliveroo-riders-strike-stock-price
2,london_eater_rest,02_london_eater_rest,3451,https://london.eater.com/2021/3/31/22359891/de-beauvoir-deli-southgate-road-london-expanding
2,london_eater_rest,02_london_eater_rest,3452,https://london.eater.com/2021/3/29/22356247/deliveroo-riders-jobs-strike-ipo-investors
2,london_eater_rest,02_london_eater_rest,3453,https://london.eater.com/2021/3/25/22350240/deliveroo-minimum-wage-riders-pay
2,london_eater_rest,02_london_eater_rest,3454,https://london.eater.com/2021/3/16/22333556/pret-a-manger-open-tesco-supermarket-range
2,london_eater_rest,02_london_eater_rest,3455,https://london.eater.com/2021/3/1/22305692/budget-2021-rishi-sunak-hospitality-grants-4-billion
2,london_eater_rest,02_london_eater_rest,3456,https://london.eater.com/2021/2/23/22290891/supreme-court-uber-drivers-workers-rights-gig-economy
2,london_eater_rest,02_london_eater_rest,3457,https://london.eater.com/2021/2/19/22290873/gordon-ramsay-rishi-sunak-coronavirus-budget-video
2,london_eater_rest,02_london_eater_rest,3458,https://london.eater.com/2021/2/17/22285649/asap-pizza-borough-market-aziz-ansari-master-of-none-matthy-matheson
2,london_eater_rest,02_london_eater_rest,3459,https://london.eater.com/2020/12/18/22188455/coronavirus-unemployment-figures-hospitality-sector-worst-affected
2,london_eater_rest,02_london_eater_rest,3460,https://london.eater.com/2020/12/17/22180241/jacob-rees-mogg-unicef-child-hunger-uk-ashamed
2,london_eater_rest,02_london_eater_rest,3461,https://london.eater.com/2020/12/17/22180400/coronavirus-furlough-scheme-end-date-extension
2,london_eater_rest,02_london_eater_rest,3462,https://london.eater.com/2020/12/16/22178016/hospitality-minister-petition-parliamentary-debate-schedule-2021
2,london_eater_rest,02_london_eater_rest,3463,https://london.eater.com/2020/12/10/22167244/no-deal-brexit-fishing-boris-johnson-ursula-von-der-leven-dinner
2,london_eater_rest,02_london_eater_rest,3464,https://london.eater.com/2020/12/7/22159000/brexit-trade-talks-oven-ready-deal-westminster-james-cleverly
2,london_eater_rest,02_london_eater_rest,3465,https://london.eater.com/2020/11/10/21558395/masterchef-professionals-2020-bbc-one-marcus-wareing-monica-galetti-gregg-wallace
2,london_eater_rest,02_london_eater_rest,3466,https://london.eater.com/2020/10/22/21528138/coronavirus-latest-news-rishi-sunak-job-support-grants-tier-2-restrictions
2,london_eater_rest,02_london_eater_rest,3467,https://london.eater.com/2020/10/19/21522768/hospitality-mass-unemployment-without-government-support
2,london_eater_rest,02_london_eater_rest,3468,https://london.eater.com/2020/10/16/21519031/parliament-square-protests-hospitality-curfew-coronavirus-restrictions-london
2,london_eater_rest,02_london_eater_rest,3469,https://london.eater.com/2020/10/12/21512509/agriculture-bill-vote-british-farmers-house-of-commons
2,london_eater_rest,02_london_eater_rest,3470,https://london.eater.com/2020/10/12/21512742/uk-coronavirus-restriction-tiers-medium-risk-high-risk-very-high-risk-boris-johnson
2,london_eater_rest,02_london_eater_rest,3471,https://london.eater.com/2020/9/24/21453939/elephant-and-castle-shopping-centre-demolished-delancey
2,london_eater_rest,02_london_eater_rest,3472,https://london.eater.com/2020/9/24/21453967/coronavirus-latest-news-rishi-sunak-furlough-scheme
2,london_eater_rest,02_london_eater_rest,3473,https://london.eater.com/2020/9/21/21449214/uk-coronavirus-latest-news-bounce-back-loans-extension-rishi-sunak
2,london_eater_rest,02_london_eater_rest,3474,https://london.eater.com/2020/9/16/21439352/percy-pigs-m-s-vegan-flavour-new-toy
2,london_eater_rest,02_london_eater_rest,3475,https://london.eater.com/2020/9/16/21439392/pengest-munch-youtube-chicken-connoisseur-elijah-quashie
2,london_eater_rest,02_london_eater_rest,3476,https://london.eater.com/2020/9/16/21439662/coronavirus-eviction-moratorium-extension-2020
2,london_eater_rest,02_london_eater_rest,3477,https://london.eater.com/2020/9/14/21432334/zizzi-frozen-pizza-sainsburys-supermarkets-pizza-express
2,london_eater_rest,02_london_eater_rest,3478,https://london.eater.com/2020/9/14/21436276/great-british-bake-off-gbbo-trailer-release-date-channel-4-2020
2,london_eater_rest,02_london_eater_rest,3479,https://london.eater.com/2020/9/10/21428718/ottolenghi-flavour-cookbook-new-recipes-instagram
2,london_eater_rest,02_london_eater_rest,3480,https://london.eater.com/2020/8/25/21400575/kfc-coronavirus-fried-chicken-menu-good-not-fingerlickin-good
2,london_eater_rest,02_london_eater_rest,3481,https://london.eater.com/2020/8/25/21400588/top-cuvee-shop-cuvee-natural-wine-highbury
2,london_eater_rest,02_london_eater_rest,3482,https://london.eater.com/2020/8/19/21375059/heston-blumenthal-waitrose-english-breakfast-sandwich
2,london_eater_rest,02_london_eater_rest,3483,https://london.eater.com/2020/8/12/21364010/priti-patel-home-office-ben-and-jerrys-explained
2,london_eater_rest,02_london_eater_rest,3484,https://london.eater.com/2020/8/11/21295558/how-to-help-during-pandemic-covid-19-london
2,london_eater_rest,02_london_eater_rest,3485,https://london.eater.com/2020/8/6/21355380/tata-eatery-katsu-sando-meal-kit-london-tou-soho
2,london_eater_rest,02_london_eater_rest,3486,https://london.eater.com/2020/8/4/21354123/government-support-uk-hospitality-75-percent-risk-insolvency
2,london_eater_rest,02_london_eater_rest,3487,https://london.eater.com/2020/7/30/21347752/celebrity-masterchef-2020-winner-final
2,london_eater_rest,02_london_eater_rest,3488,https://london.eater.com/2020/7/28/21344933/great-british-bake-off-gbbo-2020-hollywood-handshake-cancelled-coronavirus
2,london_eater_rest,02_london_eater_rest,3489,https://london.eater.com/2020/7/27/21339947/masterchef-netflix-masterchef-professionals-uk-gregg-wallace-john-torode
2,london_eater_rest,02_london_eater_rest,3490,https://london.eater.com/2020/7/24/21336870/pizza-express-offer-free-doughballs-uk
2,london_eater_rest,02_london_eater_rest,3491,https://london.eater.com/2020/7/23/21334675/celebrity-masterchef-pete-wicks-judy-murray-matthew-pinsent-riyadh-khalaf
2,london_eater_rest,02_london_eater_rest,3492,https://london.eater.com/2020/7/21/21332457/michael-gove-pret-a-manger-mask-policy
2,london_eater_rest,02_london_eater_rest,3493,https://london.eater.com/2020/7/17/21328237/soho-london-pedestrianised-covid-19-photo-story
2,london_eater_rest,02_london_eater_rest,3494,https://london.eater.com/2020/7/16/21326769/celebrity-masterchef-2020-line-up-amar-latif-lady-leshurr-gethin-jones
2,london_eater_rest,02_london_eater_rest,3495,https://london.eater.com/2020/7/10/21318930/celebrity-masterchef-2020-round-up-line-up-heat-two-dom-littlewood-phil-daniels-sam-quek-semi-finals
2,london_eater_rest,02_london_eater_rest,3496,https://london.eater.com/2020/7/10/21319748/chlorinated-chicken-uk-supermarkets-waitrose-aldi-sainsburys
2,london_eater_rest,02_london_eater_rest,3497,https://london.eater.com/2020/7/9/21317089/community-comfort-recipe-book-riaz-phillips-bame-covid-19
2,london_eater_rest,02_london_eater_rest,3498,https://london.eater.com/2020/7/9/21318038/celebrity-masterchef-2020-round-up-line-up-heat-one
2,london_eater_rest,02_london_eater_rest,3499,https://london.eater.com/2020/7/8/21317042/celebrity-masterchef-2020-winner-line-up-episodes-judges-gregg-wallace-jon-torode
2,london_eater_rest,02_london_eater_rest,3500,https://london.eater.com/2020/7/7/21315731/celebrity-masterchef-2020-line-up-contestants-judges-gregg-wallace-jon-torode
2,london_eater_rest,02_london_eater_rest,3501,https://london.eater.com/2020/7/2/21311091/celebrity-masterchef-2020-contestants-gregg-wallace-jon-torode-bbc-one
2,london_eater_rest,02_london_eater_rest,3502,https://london.eater.com/2020/7/2/21311348/market-halls-london-coronavirus-lockdown-social-distancing-closed-staff-redundant
2,london_eater_rest,02_london_eater_rest,3503,https://london.eater.com/2020/7/1/21309904/heinz-ice-cream-ketchup-mayonnaise-salad-cream
2,london_eater_rest,02_london_eater_rest,3504,https://london.eater.com/2020/6/24/21301481/pret-a-manger-reopening-coronavirus-job-losses-uk
2,london_eater_rest,02_london_eater_rest,3505,https://london.eater.com/2020/6/23/21299183/coronavirus-test-positive-2-sisters-chicken-plant-anglesey
2,london_eater_rest,02_london_eater_rest,3506,https://london.eater.com/2020/6/22/21298740/nour-brixton-market-save-nour-hondo-enterprises
2,london_eater_rest,02_london_eater_rest,3507,https://london.eater.com/2020/6/9/21284948/mcdonalds-reopening-uk-worker-safety-coronavirus
2,london_eater_rest,02_london_eater_rest,3508,https://london.eater.com/2020/6/8/21283691/chlorinated-chicken-uk-us-trade-deal-boris-johnson-donald-trump
2,london_eater_rest,02_london_eater_rest,3509,https://london.eater.com/2020/6/5/21278985/nour-brixton-market-hondo-enterprises-taylor-mcwilliams
2,london_eater_rest,02_london_eater_rest,3510,https://london.eater.com/2020/6/5/21281356/chlorinated-chicken-uk-us-trade-deal-trump-johnson
2,london_eater_rest,02_london_eater_rest,3511,https://london.eater.com/2020/6/4/21279711/social-distancing-rules-uk-coronavirus-boris-johnson
2,london_eater_rest,02_london_eater_rest,3512,https://london.eater.com/2020/5/29/21274682/coronavirus-job-retension-furlough-changes-press-briefing
2,london_eater_rest,02_london_eater_rest,3513,https://london.eater.com/2020/5/21/21259754/nour-brixton-eviction-hondo-enterprises-brixton-market
2,london_eater_rest,02_london_eater_rest,3514,https://london.eater.com/2020/5/18/21260808/white-claw-uk-drink-launch-hard-seltzer-low-alcohol-drinks-trend
2,london_eater_rest,02_london_eater_rest,3515,https://london.eater.com/2020/5/18/21261154/rendang-crispy-masterchef-viral-meme-gregg-wallace
2,london_eater_rest,02_london_eater_rest,3516,https://london.eater.com/2020/5/18/21262062/coronavirus-uk-latest-symptoms-loss-taste-smell-anosmia
2,london_eater_rest,02_london_eater_rest,3517,https://london.eater.com/2020/5/13/21256976/chlorinated-chicken-donald-trump-us-uk-trade-deal-brexit
2,london_eater_rest,02_london_eater_rest,3518,https://london.eater.com/2020/5/12/21255672/rishi-sunak-coronavirus-job-scheme-extended-october
2,london_eater_rest,02_london_eater_rest,3519,https://london.eater.com/2020/5/4/21246198/coronavirus-conservative-mps-ask-chancellor-rishi-sunak-hospitality-support
2,london_eater_rest,02_london_eater_rest,3520,https://london.eater.com/2020/4/17/21224717/meat-consumption-uk-reduction-schools-hospitals-climate-change
2,london_eater_rest,02_london_eater_rest,3521,https://london.eater.com/2020/4/17/21225156/coronavirus-uk-latest-furlough-scheme-extended-rishi-sunak
2,london_eater_rest,02_london_eater_rest,3522,https://london.eater.com/2020/4/16/21221868/boris-johnson-coronavirus-broth-feed-nhs
2,london_eater_rest,02_london_eater_rest,3523,https://london.eater.com/2020/4/16/21223368/coronavirus-recovery-uk-government-hospitality-tourism
2,london_eater_rest,02_london_eater_rest,3524,https://london.eater.com/2020/4/16/21223732/uk-coronavirus-lockdown-extension-dominic-raab
2,london_eater_rest,02_london_eater_rest,3525,https://london.eater.com/2020/4/15/21221843/burger-king-not-vegan-burger-rebel-whopper-banned
2,london_eater_rest,02_london_eater_rest,3526,https://london.eater.com/2020/4/14/21220344/olive-oil-cooking-shortage-olive-tree-disease-xylella
2,london_eater_rest,02_london_eater_rest,3527,https://london.eater.com/2020/4/7/21211702/coronavirus-uk-latest-supermarket-news-waitrose-outcry
2,london_eater_rest,02_london_eater_rest,3528,https://london.eater.com/2020/4/2/21204009/coronavirus-uk-latest-loans-business-interruption-changes-rishi-sunak
2,london_eater_rest,02_london_eater_rest,3529,https://london.eater.com/2020/3/31/21201232/coronavirus-uk-supermarket-impact-2-billion-spending
2,london_eater_rest,02_london_eater_rest,3530,https://london.eater.com/2020/3/18/21185361/coronavirus-uk-latest-hospitality-million-jobs-risk-government-emergency-deal
2,london_eater_rest,02_london_eater_rest,3531,https://london.eater.com/2020/3/13/21178008/masterchef-2020-uk-gregg-wallace-john-torode
2,london_eater_rest,02_london_eater_rest,3532,https://london.eater.com/2020/3/11/21174685/gbbo-great-british-bake-off-new-series-presenter-matt-lucas-sandi-toksvig
2,london_eater_rest,02_london_eater_rest,3533,https://london.eater.com/2020/3/9/21171260/coronavirus-uk-latest-supermarkets-tesco-ration-soap-sanitiser
2,london_eater_rest,02_london_eater_rest,3534,https://london.eater.com/2020/3/5/21165957/laughing-heart-lcd-soundsystem-london-nyc-natural-wine-hackney
2,london_eater_rest,02_london_eater_rest,3535,https://london.eater.com/2020/3/4/21162785/nigella-lawson-yotam-ottolenghi-new-cookbooks-2020
2,london_eater_rest,02_london_eater_rest,3536,https://london.eater.com/2020/3/2/21161043/trump-boris-johnson-us-uk-trade-deal-chlorinated-chicken-cheddar-cheese
2,london_eater_rest,02_london_eater_rest,3537,https://london.eater.com/2020/2/26/21154149/jacob-rees-mogg-crisps-walkers-pringles-twitter
2,london_eater_rest,02_london_eater_rest,3538,https://london.eater.com/2020/2/25/21152320/yorkshire-tea-twitter-chancellor-photo-rishi-sunak
2,london_eater_rest,02_london_eater_rest,3539,https://london.eater.com/2020/2/25/21152694/chlorinated-chicken-uk-us-trade-deal-donald-trump-boris-johnson-eu-brexit-negotiations
2,london_eater_rest,02_london_eater_rest,3540,https://london.eater.com/2020/2/24/21150451/sonora-northern-mexican-taqueria-pollo-feliz-flour-tortillas-netil-market-hackney
2,london_eater_rest,02_london_eater_rest,3541,https://london.eater.com/2020/2/21/21146876/greggs-stormzy-black-card-free-sausage-rolls-social-media-deleted
2,london_eater_rest,02_london_eater_rest,3542,https://london.eater.com/2020/2/18/21140750/burger-king-menu-french-fry-sandwich-new-zealand-chip-butty-explained
2,london_eater_rest,02_london_eater_rest,3543,https://london.eater.com/2020/2/12/21134469/labour-pie-pint-quinoa-politics-live-bbc
2,london_eater_rest,02_london_eater_rest,3544,https://london.eater.com/2020/2/7/21126353/dominic-cummings-brexit-day-eu-dinner-pizza-express
2,london_eater_rest,02_london_eater_rest,3545,https://london.eater.com/2020/2/3/21119010/starbucks-trans-rights-advert-mermaids-charity
2,london_eater_rest,02_london_eater_rest,3546,https://london.eater.com/2020/1/27/21083290/latin-village-haringey-seven-sisters-eviction-grainger-quarterbridge
2,london_eater_rest,02_london_eater_rest,3547,https://london.eater.com/2020/1/27/21083548/slice-of-blue-clapton-elephants-head-santa-maria-pizza-firezza
2,london_eater_rest,02_london_eater_rest,3548,https://london.eater.com/2020/1/24/21078795/killing-eve-season-3-sandra-oh-jodie-comer-party-soho-steakhouse
2,london_eater_rest,02_london_eater_rest,3549,https://london.eater.com/2020/1/23/21078285/larrys-peckham-bistro-levan-brick-house-bread-closure
2,london_eater_rest,02_london_eater_rest,3550,https://london.eater.com/2020/1/21/21075085/pret-a-manger-vegan-menu-buddha-bowls-poke-orientalist-why
2,london_eater_rest,02_london_eater_rest,3551,https://london.eater.com/2020/1/14/21065104/greggs-bonus-universal-credit-rules-vegan-sausage-roll-sales
2,london_eater_rest,02_london_eater_rest,3552,https://london.eater.com/2020/1/13/21063421/f-cooke-pie-mash-shop-broadway-market-closed
2,london_eater_rest,02_london_eater_rest,3553,https://london.eater.com/2020/1/7/21054800/heston-blumenthal-fat-duck-dinner-london-esquire-profile
2,london_eater_rest,02_london_eater_rest,3554,https://london.eater.com/2020/1/6/21051397/burger-king-vegan-menu-rebel-whopper-not-vegetarian
2,london_eater_rest,02_london_eater_rest,3555,https://london.eater.com/2020/1/2/21045883/greggs-vegan-menu-steak-bake-kfc-vegan-chicken-burger
2,london_eater_rest,02_london_eater_rest,3556,https://london.eater.com/2019/12/11/21010676/mcdonalds-menu-vegan-dippers-impossible-burger-beyond-meat-burger-king
2,london_eater_rest,02_london_eater_rest,3557,https://london.eater.com/2019/12/11/21010678/boris-johnson-fridge-gmb-interview-general-election-2019
2,london_eater_rest,02_london_eater_rest,3558,https://london.eater.com/2019/12/10/21004425/mincemeat-recipes-christmas-the-spruce-mince-ground-beef-mistake
2,london_eater_rest,02_london_eater_rest,3559,https://london.eater.com/2019/12/4/20995004/burger-king-whopper-boris-johnson-liar-red-bus
2,london_eater_rest,02_london_eater_rest,3560,https://london.eater.com/2019/12/3/20993173/starbucks-christmas-hot-chocolate-muffins-sugar
2,london_eater_rest,02_london_eater_rest,3561,https://london.eater.com/2019/12/2/20991374/christmas-dinner-gravy-instagram-vegetables-general-election-2019
2,london_eater_rest,02_london_eater_rest,3562,https://london.eater.com/2019/11/28/20987028/chinatown-los-noodle-factory-sale-safe
2,london_eater_rest,02_london_eater_rest,3563,https://london.eater.com/2019/11/27/20985171/gary-rhodes-died-59-dubai
2,london_eater_rest,02_london_eater_rest,3564,https://london.eater.com/2019/11/27/20985242/nigella-lawson-gordon-ramsay-jamie-oliver-tributes-gary-rhodes-died-dubai-59
2,london_eater_rest,02_london_eater_rest,3565,https://london.eater.com/2019/11/26/20981599/boris-johnson-jeremy-corbyn-brexit-policy-minestrone
2,london_eater_rest,02_london_eater_rest,3566,https://london.eater.com/2019/11/26/20983454/champagne-versus-prosecco-christmas-uk-2019
2,london_eater_rest,02_london_eater_rest,3567,https://london.eater.com/2019/11/25/20981499/mumford-and-sons-tacos-kings-cross-music
2,london_eater_rest,02_london_eater_rest,3568,https://london.eater.com/2019/11/22/20977451/chocolate-lorry-explosion-fire-cheshire-a556
2,london_eater_rest,02_london_eater_rest,3569,https://london.eater.com/2019/11/22/20977675/jeremy-corbyn-labour-election-manifesto-stoke-on-trent-staffordshire-oatcake
2,london_eater_rest,02_london_eater_rest,3570,https://london.eater.com/2019/11/21/20976185/gavin-williamsons-mp-brussels-sprouts-brexit
2,london_eater_rest,02_london_eater_rest,3571,https://london.eater.com/2019/11/20/20972804/itv-election-debate-jeremy-corbyn-boris-johnson-caesar-salad
2,london_eater_rest,02_london_eater_rest,3572,https://london.eater.com/2019/11/15/20964731/the-crown-season-3-release-netflix-olivia-colman-annabels-mayfair
2,london_eater_rest,02_london_eater_rest,3573,https://london.eater.com/2019/11/14/20964405/burger-king-vegan-burger-rebel-whopper-uk-impossible-burger
2,london_eater_rest,02_london_eater_rest,3574,https://london.eater.com/2019/11/13/20962676/boris-johnson-marmite-love-hate-general-election-campaign-2019
2,london_eater_rest,02_london_eater_rest,3575,https://london.eater.com/2019/11/13/20962677/young-vegans-death-by-pizza-cambridge-heath-hackney
2,london_eater_rest,02_london_eater_rest,3576,https://london.eater.com/2019/11/12/20960932/mcdonalds-london-strike-mcstrike-poverty-wages-labour
2,london_eater_rest,02_london_eater_rest,3577,https://london.eater.com/2019/11/12/20961000/byron-burger-locations-new-menu-burgers-brunch
2,london_eater_rest,02_london_eater_rest,3578,https://london.eater.com/2019/11/11/20958951/greggs-menu-ring-doughnuts-healthier-jam-doughnuts-vegan-sausage-roll
2,london_eater_rest,02_london_eater_rest,3579,https://london.eater.com/2019/11/11/20959085/boris-johnson-election-campaign-iceland-supermarket
2,london_eater_rest,02_london_eater_rest,3580,https://london.eater.com/2019/11/8/20954894/boris-johnson-brexit-deal-northern-ireland-tayto-crisps
2,london_eater_rest,02_london_eater_rest,3581,https://london.eater.com/2019/11/7/20953291/boris-johnson-tetley-tea-election-campaign-2019
2,london_eater_rest,02_london_eater_rest,3582,https://london.eater.com/2019/11/5/20949546/pret-a-manger-menu-jambon-beurre-sandwich-returns
2,london_eater_rest,02_london_eater_rest,3583,https://london.eater.com/2019/11/5/20949573/boris-johnson-moving-constituency-melton-mowbray-uxbridge-west-ruislip-general-election-2019
2,london_eater_rest,02_london_eater_rest,3584,https://london.eater.com/2019/11/4/20943232/shake-shack-burgers-breakfast-menu-uk-gatwick-airport
2,london_eater_rest,02_london_eater_rest,3585,https://london.eater.com/2019/11/4/20946253/mcdonalds-uk-menu-posh-burger-signature-collection-scrapped
2,london_eater_rest,02_london_eater_rest,3586,https://london.eater.com/2019/11/4/20947427/nigel-farage-boris-johnson-brexit-deal-mouldy-cheese
2,london_eater_rest,02_london_eater_rest,3587,https://london.eater.com/2019/11/1/20943332/boris-johnson-oven-ready-brexit-deal-what-does-it-mean
2,london_eater_rest,02_london_eater_rest,3588,https://london.eater.com/2019/10/30/20939666/bake-off-gbbo-final-winner-2019
2,london_eater_rest,02_london_eater_rest,3589,https://london.eater.com/2019/10/25/20931811/pret-manger-jambon-beurre-sandwich-discontinued
2,london_eater_rest,02_london_eater_rest,3590,https://london.eater.com/2019/10/22/20926456/brexit-uncertainty-rotting-apples-uk-harvest-2019
2,london_eater_rest,02_london_eater_rest,3591,https://london.eater.com/2019/10/22/20926832/rambla-soho-closed-sola-california
2,london_eater_rest,02_london_eater_rest,3592,https://london.eater.com/2019/10/22/20927207/bake-off-gbbo-semi-final-patisserie-week
2,london_eater_rest,02_london_eater_rest,3593,https://london.eater.com/2019/10/21/20924518/innocent-smoothies-new-drink-conker-milk-not-real-very-deadly
2,london_eater_rest,02_london_eater_rest,3594,https://london.eater.com/2019/10/18/20907983/g-kelly-pie-and-mash-shop-roman-road-east-london
2,london_eater_rest,02_london_eater_rest,3595,https://london.eater.com/2019/10/18/20919289/bruce-springsteen-robert-de-niro-sienna-miller-graham-norton-show
2,london_eater_rest,02_london_eater_rest,3596,https://london.eater.com/2019/10/17/20918754/amazon-deliveroo-investment-investigation-cma
2,london_eater_rest,02_london_eater_rest,3597,https://london.eater.com/2019/10/16/20915355/brexit-wine-no-deal-scenario-gold-emotion
2,london_eater_rest,02_london_eater_rest,3598,https://london.eater.com/2019/10/16/20915649/albert-adria-cakes-bubbles-london-brunch-menu-avocado-toast
2,london_eater_rest,02_london_eater_rest,3599,https://london.eater.com/2019/10/11/20908288/oprah-winfrey-spotted-london-fish-chips-tom-kerridge
2,london_eater_rest,02_london_eater_rest,3600,https://london.eater.com/2019/10/11/20908558/mcdonalds-uk-menu-cheeseburger-robbery
2,london_eater_rest,02_london_eater_rest,3601,https://london.eater.com/2019/10/3/20896915/taco-bell-doritos-locos-taco-london-uk
2,london_eater_rest,02_london_eater_rest,3602,https://london.eater.com/2019/10/2/20894736/burger-king-milkshaking-nigel-farage-tweet-banned-asa
2,london_eater_rest,02_london_eater_rest,3603,https://london.eater.com/2019/10/1/20893161/boris-johnson-disposable-cup-aides-conservative-party-conference-manchester
2,london_eater_rest,02_london_eater_rest,3604,https://london.eater.com/2019/9/27/20886864/time-out-market-spitalfields-london-new-plans-tower-hamlets-council
2,london_eater_rest,02_london_eater_rest,3605,https://london.eater.com/2019/9/26/20884898/snackmasters-channel-4-fred-sireix-first-dates
2,london_eater_rest,02_london_eater_rest,3606,https://london.eater.com/2019/9/25/20883136/cod-uk-supermarkets-north-sea-stocks-not-sustainable-fish
2,london_eater_rest,02_london_eater_rest,3607,https://london.eater.com/2019/9/25/20883269/meat-family-channel-4-new-show-meat-eating-vegan-meatless-farm
2,london_eater_rest,02_london_eater_rest,3608,https://london.eater.com/2019/9/23/20879608/kit-kat-flavours-japan-ruby-chocolate
2,london_eater_rest,02_london_eater_rest,3609,https://london.eater.com/2019/9/20/20874413/wagamama-menu-gousto-recipes
2,london_eater_rest,02_london_eater_rest,3610,https://london.eater.com/2019/9/20/20875371/g-kelly-pie-and-mash-open-roman-road-east-end-london
2,london_eater_rest,02_london_eater_rest,3611,https://london.eater.com/2019/9/19/20873605/mary-berry-cake-beer-recipe-california-cease-desist
2,london_eater_rest,02_london_eater_rest,3612,https://london.eater.com/2019/9/19/20874025/burger-king-kids-meal-toys-no-plastic-mcdonalds
2,london_eater_rest,02_london_eater_rest,3613,https://london.eater.com/2019/9/18/20870406/betterment-jason-atherton-preview-dinners-london-soft-launches
2,london_eater_rest,02_london_eater_rest,3614,https://london.eater.com/2019/9/17/20870065/vegetarian-discrimination-not-crime-vegan-rights
2,london_eater_rest,02_london_eater_rest,3615,https://london.eater.com/2019/9/16/20867240/kfc-menu-healthy-fries-fried-chicken
2,london_eater_rest,02_london_eater_rest,3616,https://london.eater.com/2019/9/13/20864266/instagram-censorship-raw-fish-london
2,london_eater_rest,02_london_eater_rest,3617,https://london.eater.com/2019/9/11/20860445/no-deal-brexit-duty-free-alcohol-tobacco-hm-treasury
2,london_eater_rest,02_london_eater_rest,3618,https://london.eater.com/2019/9/6/20851129/liz-truss-trade-secretary-boris-johnson-cabinet-brexit
2,london_eater_rest,02_london_eater_rest,3619,https://london.eater.com/2019/9/6/20851210/brewdog-boris-johnson-brexit-protest-election-parliament-craft-beer
2,london_eater_rest,02_london_eater_rest,3620,https://london.eater.com/2019/9/6/20852490/jeremy-corbyn-kfc-chicken-boris-johnson-general-election
2,london_eater_rest,02_london_eater_rest,3621,https://london.eater.com/2019/9/4/20848829/yotam-ottolenghi-recipes-vegetarian-meatopia-london
2,london_eater_rest,02_london_eater_rest,3622,https://london.eater.com/2019/9/4/20848865/ready-steady-cook-new-series-ainsley-harriott-rylan-x-factor
2,london_eater_rest,02_london_eater_rest,3623,https://london.eater.com/2019/9/3/20847114/england-football-team-new-kit-sponsor-deliveroo
2,london_eater_rest,02_london_eater_rest,3624,https://london.eater.com/2019/8/30/20840333/fleabag-series-2-dinner-scene-phoebe-waller-bridge-west-end-wyndhams-theatre
2,london_eater_rest,02_london_eater_rest,3625,https://london.eater.com/2019/8/30/20840342/starbucks-pumpkin-spice-latte-uk-launch-date-2019
2,london_eater_rest,02_london_eater_rest,3626,https://london.eater.com/2019/8/28/20835484/sweet-potato-fries-shortage-uk-climate-change-pound
2,london_eater_rest,02_london_eater_rest,3627,https://london.eater.com/2019/8/28/20836553/marks-and-spencer-supermarket-pornstar-martini-cocktail-change-name
2,london_eater_rest,02_london_eater_rest,3628,https://london.eater.com/2019/8/28/20836906/bake-off-gbbo-final-2019-contestants-episodes-judges
2,london_eater_rest,02_london_eater_rest,3629,https://london.eater.com/2019/8/27/20834736/boris-johnson-melton-mowbray-pork-pies-export
2,london_eater_rest,02_london_eater_rest,3630,https://london.eater.com/2019/8/27/20834922/ben-stokes-cricket-ashes-test-headingley-england-australia-mcdonalds
2,london_eater_rest,02_london_eater_rest,3631,https://london.eater.com/2019/8/20/20813574/bake-off-gbbo-2019-final-contestants-judges-channel-4
2,london_eater_rest,02_london_eater_rest,3632,https://london.eater.com/2019/8/16/20807304/killing-eve-season-3-london-filming-sandra-oh-jodie-comer
2,london_eater_rest,02_london_eater_rest,3633,https://london.eater.com/2019/8/15/20805742/home-office-knife-free-fried-chicken-shops-london
2,london_eater_rest,02_london_eater_rest,3634,https://london.eater.com/2019/8/14/20805158/philadelphia-cream-cheese-dads-advert-banned-gender-stereotype-regulations
2,london_eater_rest,02_london_eater_rest,3635,https://london.eater.com/2019/8/14/20805182/boris-johnson-leeds-prison-visit-kinder-egg-drugs
2,london_eater_rest,02_london_eater_rest,3636,https://london.eater.com/2019/8/13/20803306/cauliflower-trend-shortages-uk-extreme-weather
2,london_eater_rest,02_london_eater_rest,3637,https://london.eater.com/2019/8/13/20803339/goldsmiths-university-beef-ban-climate-emergency-london
2,london_eater_rest,02_london_eater_rest,3638,https://london.eater.com/2019/8/9/20798254/pizza-hut-manchester-united-transfer-window-twitter
2,london_eater_rest,02_london_eater_rest,3639,https://london.eater.com/2019/8/7/20756961/peach-season-summer-2019-peach-emoji-meaning
2,london_eater_rest,02_london_eater_rest,3640,https://london.eater.com/2019/8/6/20756517/mc-donalds-paper-straw-not-recycled-environment-plastic-straws
2,london_eater_rest,02_london_eater_rest,3641,https://london.eater.com/2019/8/1/20749843/impossible-burger-supermarket-fda-approved-meatless-farm-wholefoods-vegan-burgers
2,london_eater_rest,02_london_eater_rest,3642,https://london.eater.com/2019/8/1/20749995/james-cochran-goat-boxpark-croydon-great-british-menu
2,london_eater_rest,02_london_eater_rest,3643,https://london.eater.com/2019/7/31/20747236/greggs-vegan-sausage-roll-profit-growth-h1-performance
2,london_eater_rest,02_london_eater_rest,3644,https://london.eater.com/2019/7/29/8933952/hot-items-new-statesman-sausage-rolls-pork-pies
2,london_eater_rest,02_london_eater_rest,3645,https://london.eater.com/2019/7/26/8931391/wahaca-dine-dash-walkout-charge-policy-thomasina-miers-mark-selby
2,london_eater_rest,02_london_eater_rest,3646,https://london.eater.com/2019/7/26/8931417/hannah-gadsby-nanette-douglas-netflix-comedy-london
2,london_eater_rest,02_london_eater_rest,3647,https://london.eater.com/2019/7/26/8931426/shake-shack-burger-gatwick-airport-restaura
2,london_eater_rest,02_london_eater_rest,3648,https://london.eater.com/2019/7/25/20727137/heatwave-2019-ice-lolly-magnum-ice-cream-yougov-poll
2,london_eater_rest,02_london_eater_rest,3649,https://london.eater.com/2019/7/25/8910885/london-heatwave-2019-how-to-cope-cold-soups
2,london_eater_rest,02_london_eater_rest,3650,https://london.eater.com/2019/7/23/20706735/new-uk-prime-minister-theresa-may-fields-of-wheat
2,london_eater_rest,02_london_eater_rest,3651,https://london.eater.com/2019/7/23/20707059/squirrel-eating-pro-meat-anti-vegan-protest-soho-alt-right-youtube-channel
2,london_eater_rest,02_london_eater_rest,3652,https://london.eater.com/2019/7/22/20703466/masterchef-japanese-kerb-seven-dials-market-covent-garden-franco-manca
2,london_eater_rest,02_london_eater_rest,3653,https://london.eater.com/2019/7/22/20703522/arsenal-camden-town-brewery-beer-partner-emirates-stadium-premier-league-2019
2,london_eater_rest,02_london_eater_rest,3654,https://london.eater.com/2019/7/19/20699571/beyonce-meghan-markle-lion-king-film-premiere-london
2,london_eater_rest,02_london_eater_rest,3655,https://london.eater.com/2019/7/19/20700452/free-water-fountains-london-sadiq-khan-single-use-plastic
2,london_eater_rest,02_london_eater_rest,3656,https://london.eater.com/2019/7/18/20698998/boris-johnson-kipper-eu-lie-brussels-says-uk-rules
2,london_eater_rest,02_london_eater_rest,3657,https://london.eater.com/2019/7/11/20689997/mcdonalds-chicken-nuggets-music-festival-tour-uk
2,london_eater_rest,02_london_eater_rest,3658,https://london.eater.com/2019/7/10/20687745/british-army-avocado-toast-full-english-breakfast
2,london_eater_rest,02_london_eater_rest,3659,https://london.eater.com/2019/7/9/20687307/boris-johnson-heck-sausages-photo-tory-leader-pm
2,london_eater_rest,02_london_eater_rest,3660,https://london.eater.com/2019/7/5/20682895/boris-johnson-burgers-tory-leader-prime-minister-jeremy-hunt
2,london_eater_rest,02_london_eater_rest,3661,https://london.eater.com/2019/7/4/20682061/lil-nas-x-panini-gordon-ramsay-old-town-road-lucky-cat
2,london_eater_rest,02_london_eater_rest,3662,https://london.eater.com/2019/7/4/20682080/love-island-2019-cast-amber-michael-amy-curtis-pied-off-uber-eats
2,london_eater_rest,02_london_eater_rest,3663,https://london.eater.com/2019/7/2/20676876/camberwell-arms-boris-johnson-carrie-symonds-tape-alt-right
2,london_eater_rest,02_london_eater_rest,3664,https://london.eater.com/2019/6/27/18759465/jeremy-hunt-tory-leader-boris-johnson-milkshake-protest
2,london_eater_rest,02_london_eater_rest,3665,https://london.eater.com/2019/6/26/18759429/jeremy-hunt-tory-leadership-boris-johnson-news-twitter
2,london_eater_rest,02_london_eater_rest,3666,https://london.eater.com/2019/6/25/18744047/eurostar-paris-london-alcohol-luggage-allowance-ban
2,london_eater_rest,02_london_eater_rest,3667,https://london.eater.com/2019/6/24/18714585/patisserie-valerie-closures-fraud-administration-investigation
2,london_eater_rest,02_london_eater_rest,3668,https://london.eater.com/2019/6/21/18693215/nas-sweet-chick-carluccios-central-london-oxford-circus
2,london_eater_rest,02_london_eater_rest,3669,https://london.eater.com/2019/6/21/18700446/mcdonalds-uk-menu-smarties-mcflurry-kansas-city-burger
2,london_eater_rest,02_london_eater_rest,3670,https://london.eater.com/2019/6/20/18692625/tesco-finest-supermarket-marks-spencer-asda
2,london_eater_rest,02_london_eater_rest,3671,https://london.eater.com/2019/6/20/18692643/modern-pantry-anna-hansen-departure-10-years
2,london_eater_rest,02_london_eater_rest,3672,https://london.eater.com/2019/6/19/18691099/byron-burger-vegan-menu-beyond-meat-plant-based
2,london_eater_rest,02_london_eater_rest,3673,https://london.eater.com/2019/6/18/18683391/brewdog-pink-ipa-sexual-discrimination-lawsuit
2,london_eater_rest,02_london_eater_rest,3674,https://london.eater.com/2019/6/17/18681815/wahaca-menu-founder-thomasina-miers-dine-and-dash
2,london_eater_rest,02_london_eater_rest,3675,https://london.eater.com/2019/6/14/18677538/killing-eve-season-two-villannelle-jodie-comer-pasta-scene-choked
2,london_eater_rest,02_london_eater_rest,3676,https://london.eater.com/2019/6/13/18677745/kfc-vegan-burger-quorn-imposter-chicken
2,london_eater_rest,02_london_eater_rest,3677,https://london.eater.com/2019/6/12/18661301/beyond-meat-burger-stock-shorting-fake-meat-impossible-foods
2,london_eater_rest,02_london_eater_rest,3678,https://london.eater.com/2019/6/11/18659449/gordon-ramsay-lucky-cat-grosvenor-square-mayfair-biltmore-hotel-jason-atherton
2,london_eater_rest,02_london_eater_rest,3679,https://london.eater.com/2019/6/7/18655056/pret-a-manger-lobster-roll-london-sandwich-menu
2,london_eater_rest,02_london_eater_rest,3680,https://london.eater.com/2019/6/7/18655375/lee-ryan-blue-celebs-go-dating-park-chinois-mayfair
2,london_eater_rest,02_london_eater_rest,3681,https://london.eater.com/2019/6/6/18653919/milkshake-political-protest-donald-trump-uk-visit
2,london_eater_rest,02_london_eater_rest,3682,https://london.eater.com/2019/6/5/18653472/donald-trump-uk-visit-prince-charles-dinner
2,london_eater_rest,02_london_eater_rest,3683,https://london.eater.com/2019/6/4/18650711/donald-trump-uk-state-banquet-queen-menu
2,london_eater_rest,02_london_eater_rest,3684,https://london.eater.com/2019/6/4/18651858/sugar-children-health-peppa-pig-paw-patrol-products
2,london_eater_rest,02_london_eater_rest,3685,https://london.eater.com/2019/6/4/18651981/donald-trump-uk-state-visit-theresa-may-lunch
2,london_eater_rest,02_london_eater_rest,3686,https://london.eater.com/2019/6/4/18652190/disgraced-formula-one-boss-restaurateur-flavio-briatore-pizzeria-marylebone-london
2,london_eater_rest,02_london_eater_rest,3687,https://london.eater.com/2019/5/31/18646207/sainsburys-vegan-range-meat-free-butcher-plant-based-burgers
2,london_eater_rest,02_london_eater_rest,3688,https://london.eater.com/2019/5/30/18645389/foodgod-jonathan-cheban-instagram-kim-kardashian-london
2,london_eater_rest,02_london_eater_rest,3689,https://london.eater.com/2019/5/29/18642673/beyond-meat-vegan-bleeding-burger-production-europe
2,london_eater_rest,02_london_eater_rest,3690,https://london.eater.com/2019/5/29/18643987/tata-eatery-katsu-sando-sandwich-shop-london
2,london_eater_rest,02_london_eater_rest,3691,https://london.eater.com/2019/5/29/18644111/nathan-outlaw-goring-hotel-seafood-siren-belgravia-victoria
2,london_eater_rest,02_london_eater_rest,3692,https://london.eater.com/2019/5/22/18635738/eater-london-live-event-series-ace-hotel-natural-wine
2,london_eater_rest,02_london_eater_rest,3693,https://london.eater.com/2019/5/20/18632364/brexit-party-leader-nigel-farage-hit-milkshake-newcastle
2,london_eater_rest,02_london_eater_rest,3694,https://london.eater.com/2019/5/17/18628968/hawksmoor-manchester-4500-wine-mistake-steakhouse
2,london_eater_rest,02_london_eater_rest,3695,https://london.eater.com/2019/5/16/18627447/chlorinated-chicken-brexit-liam-fox-us-trade
2,london_eater_rest,02_london_eater_rest,3696,https://london.eater.com/2019/5/15/18624643/great-british-menu-2019-final-banquet-tom-anglesea-luke-selby
2,london_eater_rest,02_london_eater_rest,3697,https://london.eater.com/2019/5/14/18618504/impossible-burger-funding-whopper-beyond-meat-ipo-fake-meat-burgers
2,london_eater_rest,02_london_eater_rest,3698,https://london.eater.com/2019/5/14/18622927/james-brokenshire-mp-twitter-kitchen-four-ovens-interview
2,london_eater_rest,02_london_eater_rest,3699,https://london.eater.com/2019/5/13/18617045/m-s-marks-and-spencer-doner-kebab-sandwich-twitter
2,london_eater_rest,02_london_eater_rest,3700,https://london.eater.com/2019/5/10/18546786/gavin-williamson-defence-secretary-theresa-may-huawei-leak
2,london_eater_rest,02_london_eater_rest,3701,https://london.eater.com/2019/5/10/18564255/gordon-ramsay-bbc-step-up-to-the-plate-tv
2,london_eater_rest,02_london_eater_rest,3702,https://london.eater.com/2019/5/10/18564300/elephant-and-castle-guyanese-kaieteur-kitchen-faye-gomes-pepper-pot
2,london_eater_rest,02_london_eater_rest,3703,https://london.eater.com/2019/5/9/18536658/gordon-ramsay-uncharted-trailer-tv-national-geographic
2,london_eater_rest,02_london_eater_rest,3704,https://london.eater.com/2019/5/8/18535071/gavin-williamson-sacking-theresa-may-huawei-report
2,london_eater_rest,02_london_eater_rest,3705,https://london.eater.com/2019/5/7/18535389/100-year-old-pie-and-mash-shop-east-london-hackney-f-cooke
2,london_eater_rest,02_london_eater_rest,3706,https://london.eater.com/2019/5/3/18527011/sexy-fish-mayfair-celebrity-dinner-sightings-london
2,london_eater_rest,02_london_eater_rest,3707,https://london.eater.com/2019/5/3/18527897/prawns-cocaine-uk-river-study
2,london_eater_rest,02_london_eater_rest,3708,https://london.eater.com/2019/5/3/18527964/la-barra-elephant-and-castle-dominican-pica-pollo-fried-chicken
2,london_eater_rest,02_london_eater_rest,3709,https://london.eater.com/2019/5/2/18526497/pride-month-2019-lgbtq-sandwich-marks-and-spencer-ireland
2,london_eater_rest,02_london_eater_rest,3710,https://london.eater.com/2019/5/1/18524133/ice-cream-van-ban-london-pollution-summer
2,london_eater_rest,02_london_eater_rest,3711,https://london.eater.com/2019/4/30/18522533/marmite-british-airways-airport-security-liquids-hand-luggage
2,london_eater_rest,02_london_eater_rest,3712,https://london.eater.com/2019/4/29/18522225/babybel-cheese-spirolls-snack-gen-z-age
2,london_eater_rest,02_london_eater_rest,3713,https://london.eater.com/2019/4/24/18512416/diane-abbott-mojito-can-marks-spencer-labour-mp
2,london_eater_rest,02_london_eater_rest,3714,https://london.eater.com/2019/4/24/18512563/new-islington-gastropub-kitchen-compton-arms-four-legs
2,london_eater_rest,02_london_eater_rest,3715,https://london.eater.com/2019/4/23/18509847/iceland-supermarket-uk-eu-legal-trademark
2,london_eater_rest,02_london_eater_rest,3716,https://london.eater.com/2019/4/18/18411181/caffe-nero-uk-menu-espresso-tonic-water-drinks-trend
2,london_eater_rest,02_london_eater_rest,3717,https://london.eater.com/2019/4/18/18484585/loyle-carner-ottolenghi-not-waving-but-drowning-album
2,london_eater_rest,02_london_eater_rest,3718,https://london.eater.com/2019/4/18/18484633/madonna-madame-x-chiltern-firehouse-london-celebrities
2,london_eater_rest,02_london_eater_rest,3719,https://london.eater.com/2019/4/17/18378261/kfc-fried-chicken-deal-morrisons-supermarket
2,london_eater_rest,02_london_eater_rest,3720,https://london.eater.com/2019/4/16/18410632/jason-atherton-mayfair-bistro-spring-little-social-no-5
2,london_eater_rest,02_london_eater_rest,3721,https://london.eater.com/2019/4/15/18311088/gordon-ramsay-lucky-cat-cultural-appropriation-criticism
2,london_eater_rest,02_london_eater_rest,3722,https://london.eater.com/2019/4/11/18306082/gordon-ramsay-cultural-appropriation-lucky-cat-london-preview
2,london_eater_rest,02_london_eater_rest,3723,https://london.eater.com/2019/4/9/18301815/soho-steakhouse-foxlow-hawksmoor-closure
2,london_eater_rest,02_london_eater_rest,3724,https://london.eater.com/2019/4/8/18300196/egg-slut-london-la-notting-hill-portobello-instagram
2,london_eater_rest,02_london_eater_rest,3725,https://london.eater.com/2019/4/5/18296720/fashion-ice-cream-kith-selfridges-asap-rocky-hypebeast
2,london_eater_rest,02_london_eater_rest,3726,https://london.eater.com/2019/4/5/18296843/eater-london-talks-ace-hotel-instagram-influencers
2,london_eater_rest,02_london_eater_rest,3727,https://london.eater.com/2019/4/4/18295450/impossible-burger-fake-meat-ban-eu
2,london_eater_rest,02_london_eater_rest,3728,https://london.eater.com/2019/4/3/18292855/in-season-vegetables-spring-asparagus-season-uk-wild-garlic-london
2,london_eater_rest,02_london_eater_rest,3729,https://london.eater.com/2019/4/2/18292159/dan-doherty-sexual-harassment-investigation-royal-oak-marylebone
2,london_eater_rest,02_london_eater_rest,3730,https://london.eater.com/2019/4/1/18290208/filth-foods-gizzi-erskine-rosemary-ferguson-plant-based-burger
2,london_eater_rest,02_london_eater_rest,3731,https://london.eater.com/2019/4/1/18290212/david-cameron-byron-burger-brexit-juncker
2,london_eater_rest,02_london_eater_rest,3732,https://london.eater.com/2019/4/1/18290565/central-london-sherry-drakes-tabanco-closed-tapas-44
2,london_eater_rest,02_london_eater_rest,3733,https://london.eater.com/2019/3/29/18285846/theresa-may-resign-brexit-conservative-tory-leadership-contest
2,london_eater_rest,02_london_eater_rest,3734,https://london.eater.com/2019/3/29/18287087/kfc-kentucky-fried-chicken-asmr-sounds-marketing-campaign
2,london_eater_rest,02_london_eater_rest,3735,https://london.eater.com/2019/3/28/18285402/marksman-bunshop-market-halls-victoria-closed
2,london_eater_rest,02_london_eater_rest,3736,https://london.eater.com/2019/3/27/18282137/peoples-vote-brexit-march-london-article-50
2,london_eater_rest,02_london_eater_rest,3737,https://london.eater.com/2019/3/18/18267433/pizzeria-zia-lucia-fresh-pasta-berto-islington
2,london_eater_rest,02_london_eater_rest,3738,https://london.eater.com/2019/3/15/18266931/portuguese-custard-tarts-london-santa-nata-covent-garden
2,london_eater_rest,02_london_eater_rest,3739,https://london.eater.com/2019/3/15/18267143/tim-martin-wetherspoon-brexit-no-deal-price-rise-uk
2,london_eater_rest,02_london_eater_rest,3740,https://london.eater.com/2019/3/14/18265963/wellbourne-brasserie-closed-white-city-place-dabbous
2,london_eater_rest,02_london_eater_rest,3741,https://london.eater.com/2019/3/13/18263848/kebab-queen-tasting-menu-covent-garden-le-bab
2,london_eater_rest,02_london_eater_rest,3742,https://london.eater.com/2019/3/12/18261450/poke-nancy-silverton-california-london
2,london_eater_rest,02_london_eater_rest,3743,https://london.eater.com/2019/3/11/18259612/kare-kurry-japanese-katsu-curry-central-london
2,london_eater_rest,02_london_eater_rest,3744,https://london.eater.com/2019/3/11/18259981/antonios-vegan-kitchen-bethnal-green-east-london-death
2,london_eater_rest,02_london_eater_rest,3745,https://london.eater.com/2019/3/1/18244859/independent-group-brexit-nandos-mps-chuka-umunna-luciana-berger-anna-soubry
2,london_eater_rest,02_london_eater_rest,3746,https://london.eater.com/2019/2/27/18242739/zoes-ghana-kitchen-london-w12-studios-white-city
2,london_eater_rest,02_london_eater_rest,3747,https://london.eater.com/2019/2/22/18235912/tata-eatery-katsu-sando-lucky-chip-burgers
2,london_eater_rest,02_london_eater_rest,3748,https://london.eater.com/2019/2/20/18233019/greggs-vegan-sausage-roll-profit-london
2,london_eater_rest,02_london_eater_rest,3749,https://london.eater.com/2019/2/15/18224963/baftas-2019-london-annabels-mayfair-chiltern-firehouse
2,london_eater_rest,02_london_eater_rest,3750,https://london.eater.com/2019/2/14/18224592/regulations-tipping-transparent
2,london_eater_rest,02_london_eater_rest,3751,https://london.eater.com/2019/2/14/18224846/paul-a-young-chocolate-domestic-abuse-awareness-durian-fruit-london
2,london_eater_rest,02_london_eater_rest,3752,https://london.eater.com/2019/2/12/18222154/my-million-pound-menu-winner-tiger-bites-bao-deliveroo
2,london_eater_rest,02_london_eater_rest,3753,https://london.eater.com/2019/2/7/18215158/atul-kochhar-return-islamophobic-attack-on-priyanka-chopra-kanishka
2,london_eater_rest,02_london_eater_rest,3754,https://london.eater.com/2019/2/5/18211785/help-refugees-uk-charity-dinner-series-merlin-labron-johnson
2,london_eater_rest,02_london_eater_rest,3755,https://london.eater.com/2019/1/28/18199351/dan-doherty-sexual-harassment-allegations
2,london_eater_rest,02_london_eater_rest,3756,https://london.eater.com/2019/1/23/18192741/fried-chicken-caviar-mare-street-hackney-closed
2,london_eater_rest,02_london_eater_rest,3757,https://london.eater.com/2019/1/21/18191417/mercato-metropolitano-elephant-and-castle-delancey-shopping-centre-demolition
2,london_eater_rest,02_london_eater_rest,3758,https://london.eater.com/2019/1/18/18186999/celebrity-sightings-beckhams-vegan-shoreditch
2,london_eater_rest,02_london_eater_rest,3759,https://london.eater.com/2019/1/18/18188021/eds-diner-soho-closed-ed-miliband-bacon-sandwich-photo
2,london_eater_rest,02_london_eater_rest,3760,https://london.eater.com/2019/1/17/18186496/korean-fried-chicken-london-cheemc-bento-boxes-city
2,london_eater_rest,02_london_eater_rest,3761,https://london.eater.com/2019/1/17/18186564/brewdog-craft-beer-dalston-bro-domination-monopoly
2,london_eater_rest,02_london_eater_rest,3762,https://london.eater.com/2019/1/15/18181874/brexit-meaningful-vote-theresa-may-london-pizzeria-discount
2,london_eater_rest,02_london_eater_rest,3763,https://london.eater.com/2019/1/15/18183409/mariage-freres-tea-london-covent-garden-paris
2,london_eater_rest,02_london_eater_rest,3764,https://london.eater.com/2019/1/14/18181831/taiwanese-fried-chicken-monga-chinatown-london-eu-debut
2,london_eater_rest,02_london_eater_rest,3765,https://london.eater.com/2019/1/11/18178302/montys-deli-london-reuben-sandwich-expansion-hoxton-london
2,london_eater_rest,02_london_eater_rest,3766,https://london.eater.com/2018/12/21/18151348/limin-trinidadian-cuisine-spitalfields-roti-rum-caribbean
2,london_eater_rest,02_london_eater_rest,3767,https://london.eater.com/2018/12/19/18148070/p-franco-bright-third-site-legs-hackney-natural-wine
2,london_eater_rest,02_london_eater_rest,3768,https://london.eater.com/2018/12/18/18146082/jamie-oliver-petrol-shell-climate-change
2,london_eater_rest,02_london_eater_rest,3769,https://london.eater.com/2018/12/18/18146247/santa-maria-pizza-cashless-dishoom
2,london_eater_rest,02_london_eater_rest,3770,https://london.eater.com/2018/12/17/18144413/five-guys-cheeseburger-deliveroo-most-ordered-2018
2,london_eater_rest,02_london_eater_rest,3771,https://london.eater.com/2018/12/14/18140522/sarap-filipino-pop-up-bbq-dalston-soho
2,london_eater_rest,02_london_eater_rest,3772,https://london.eater.com/2018/12/13/18139283/elephant-and-castle-shopping-centre-demolition-sadiq-khan
2,london_eater_rest,02_london_eater_rest,3773,https://london.eater.com/2018/12/6/18128742/pizza-express-menu-founder-peter-boizot
2,london_eater_rest,02_london_eater_rest,3774,https://london.eater.com/2018/11/21/18106199/mcdonalds-christmas-advert-tv-reindeer-ready-2018
2,london_eater_rest,02_london_eater_rest,3775,https://london.eater.com/2018/11/16/18098280/towie-modern-british-the-gallery-south-woodford
2,london_eater_rest,02_london_eater_rest,3776,https://london.eater.com/2018/11/14/18055768/story-deli-pizzeria-returns-east-london-hackney
2,london_eater_rest,02_london_eater_rest,3777,https://london.eater.com/2018/11/8/18075564/justin-bieber-spotted-london-hailey-baldwin-greasy-spoon
2,london_eater_rest,02_london_eater_rest,3778,https://london.eater.com/2018/11/8/18075912/halo-bleeding-beyond-burger-vegan-pop-brixton-london
2,london_eater_rest,02_london_eater_rest,3779,https://london.eater.com/2018/11/7/18071366/eater-talks-veganism-2018-ace-hotel-denai-moore-alexis-gauthier
2,london_eater_rest,02_london_eater_rest,3780,https://london.eater.com/2018/11/5/18064398/diana-henry-interview-richard-corrigan-irish-times-brexit-boris-johnson-new-nordic
2,london_eater_rest,02_london_eater_rest,3781,https://london.eater.com/2018/11/2/18052994/halloween-celeb-party-rihanna-laylow-notting-hill-sexy-fish-mayfair
2,london_eater_rest,02_london_eater_rest,3782,https://london.eater.com/2018/10/25/18018530/berenjak-soho-iranian-persian-soho-gymkhana
2,london_eater_rest,02_london_eater_rest,3783,https://london.eater.com/2018/10/25/18022250/elizabeth-haigh-honey-spencer-bastarda-noma-hackney-supperclub
2,london_eater_rest,02_london_eater_rest,3784,https://london.eater.com/2018/10/18/17994514/gbk-proper-indian-ruby-murray-burger-twitter-campaign-gourmet-burger-kitchen
2,london_eater_rest,02_london_eater_rest,3785,https://london.eater.com/2018/10/16/17979188/great-british-menu-2018-winner-james-cochran-tom-brown-nhs-banquet
2,london_eater_rest,02_london_eater_rest,3786,https://london.eater.com/2018/10/15/17979054/change-in-chinatown-modern-shanghai-jin-li-central-cross
2,london_eater_rest,02_london_eater_rest,3787,https://london.eater.com/2018/10/12/17963900/ottolenghi-loyle-carner-new-song-jerusalem-cookbook
2,london_eater_rest,02_london_eater_rest,3788,https://london.eater.com/2018/10/11/17932322/two-lights-clove-club-shoreditch-chase-lovecky
2,london_eater_rest,02_london_eater_rest,3789,https://london.eater.com/2018/10/5/17937868/damien-hirst-brasserie-of-light-selfridges-orlando-bloom-cara-delevigne-carnival-row-amazon-prime
2,london_eater_rest,02_london_eater_rest,3790,https://london.eater.com/2018/10/5/17940392/dishoom-london-from-bombay-with-love-cookbook-launch-bloomsbury-books
2,london_eater_rest,02_london_eater_rest,3791,https://london.eater.com/2018/9/28/17909516/lady-gaga-star-is-born-london-premiere-bradley-cooper
2,london_eater_rest,02_london_eater_rest,3792,https://london.eater.com/2018/9/28/17913234/brewdog-donald-trump-scofflaw-atlanta-craft-beer-scandal-twitter
2,london_eater_rest,02_london_eater_rest,3793,https://london.eater.com/2018/9/27/17904862/21-century-brasserie-folie-golden-square-soho-mayfair-london
2,london_eater_rest,02_london_eater_rest,3794,https://london.eater.com/2018/9/27/17909198/brewdog-donald-trump-scofflaw-brewery-publicity-stunt
2,london_eater_rest,02_london_eater_rest,3795,https://london.eater.com/2018/9/25/17900132/skye-gyngell-spring-instagram-la-famiglia-rana-pasta-meal-kit-hello-fresh-gousto
2,london_eater_rest,02_london_eater_rest,3796,https://london.eater.com/2018/9/18/17873528/hello-kitty-london-visit-bubblewrap-soho-instagram-dessert-collaboration
2,london_eater_rest,02_london_eater_rest,3797,https://london.eater.com/2018/9/14/17851598/caribbean-diaspora-shoreditch-nyamming-2-tt-liquor
2,london_eater_rest,02_london_eater_rest,3798,https://london.eater.com/2018/9/12/17845996/bo-bech-geist-copenhagen-claude-bosi-bibendum-london
2,london_eater_rest,02_london_eater_rest,3799,https://london.eater.com/2018/9/12/17849916/eater-talks-ace-hotel-shoreditch-modern-british-jon-rotheram-shuko-oda-farokh-talati-st-john
2,london_eater_rest,02_london_eater_rest,3800,https://london.eater.com/2018/9/10/17840672/jamie-oliver-tesco-supermarket
2,london_eater_rest,02_london_eater_rest,3801,https://london.eater.com/2018/9/6/17823774/padella-pasta-instagram-grouse-vegetarian-protest
2,london_eater_rest,02_london_eater_rest,3802,https://london.eater.com/2018/9/5/17822846/gaucho-adminstration-buyout-investec-martin-williams
2,london_eater_rest,02_london_eater_rest,3803,https://london.eater.com/2018/9/3/17806318/antica-pizzeria-michele-naples-london-stoke-newington-closed
2,london_eater_rest,02_london_eater_rest,3804,https://london.eater.com/2018/8/31/17804042/yotam-ottolenghi-podcast-simple-pleasures-jessie-ware-michael-palin-fearne-cotton-nigella-lawson
2,london_eater_rest,02_london_eater_rest,3805,https://london.eater.com/2018/8/30/17788694/bbc-celebrity-masterchef-2018-gregg-wallace-john-torode-gemma-collins-towie-spencer-made-in-chelsea
2,london_eater_rest,02_london_eater_rest,3806,https://london.eater.com/2018/8/28/17790132/brew-dog-craft-beer-beer-porn-tv-publicity-stunt-twitter
2,london_eater_rest,02_london_eater_rest,3807,https://london.eater.com/2018/8/24/17776638/love-island-2018-stars-dr-alex-josh-kaz-samira-megan
2,london_eater_rest,02_london_eater_rest,3808,https://london.eater.com/2018/8/24/17776656/netflix-original-the-final-table-2018-cooking-competition-clare-smyth-alinea-mugaritz
2,london_eater_rest,02_london_eater_rest,3809,https://london.eater.com/2018/8/23/17772404/angelo-sato-mission-omoide-bermondsey-sushi-bento-kaiseki
2,london_eater_rest,02_london_eater_rest,3810,https://london.eater.com/2018/8/23/17772428/snoop-dogg-rapper-cookbook-martha-stewart-potluck
2,london_eater_rest,02_london_eater_rest,3811,https://london.eater.com/2018/8/21/17763152/india-club-strand-westminster-council
2,london_eater_rest,02_london_eater_rest,3812,https://london.eater.com/2018/8/20/17620964/james-cochran-ec3-trademark-great-british-menu-scandal
2,london_eater_rest,02_london_eater_rest,3813,https://london.eater.com/2018/8/20/17758616/salt-yard-group-opera-tavern-covent-garden-closure
2,london_eater_rest,02_london_eater_rest,3814,https://london.eater.com/2018/8/16/17697930/deliveroo-rockefeller-lunch-atop-skyscraper-publicity-stunt
2,london_eater_rest,02_london_eater_rest,3815,https://london.eater.com/2018/8/14/17683252/oden-oren-tel-aviv-kensal-rise-borough-wines-tata-eatery
2,london_eater_rest,02_london_eater_rest,3816,https://london.eater.com/2018/8/13/17670298/standard-hotel-angela-dimayuga-adam-rawson-london-expansion
2,london_eater_rest,02_london_eater_rest,3817,https://london.eater.com/2018/8/9/17671286/deliveroo-editions-hutch-white-rabbit-a-wong-namma-kricket-closed
2,london_eater_rest,02_london_eater_rest,3818,https://london.eater.com/2018/8/7/17659830/honest-burgers-expansion-london-waterloo
2,london_eater_rest,02_london_eater_rest,3819,https://london.eater.com/2018/8/6/17638726/james-cochran-ec3-trademark-1251-islington
2,london_eater_rest,02_london_eater_rest,3820,https://london.eater.com/2018/8/6/17655092/villandry-great-portland-street-losses-new-investment
2,london_eater_rest,02_london_eater_rest,3821,https://london.eater.com/2018/8/6/17655468/reaction-joel-robuchon-london-gordon-ramsay-jay-rayner
2,london_eater_rest,02_london_eater_rest,3822,https://london.eater.com/2018/8/3/17645702/love-island-final-2018-dani-dyer-jack-georgia-eater-london
2,london_eater_rest,02_london_eater_rest,3823,https://london.eater.com/2018/8/3/17647096/sosharu-jason-atherton-clerkenwell-london-closed
2,london_eater_rest,02_london_eater_rest,3824,https://london.eater.com/2018/8/1/17638438/india-club-strand-trafalgar-square-development-petition-saved
2,london_eater_rest,02_london_eater_rest,3825,https://london.eater.com/2018/7/30/17629380/eater-talks-diversity-equity-som-saa
2,london_eater_rest,02_london_eater_rest,3826,https://london.eater.com/2018/7/27/17617104/ask-eater-french-central-moderately-priced
2,london_eater_rest,02_london_eater_rest,3827,https://london.eater.com/2018/7/27/17617396/jake-gyllenhaal-hollywood-shoreditch-london-lyles-richard-bacon-health-scare
2,london_eater_rest,02_london_eater_rest,3828,https://london.eater.com/2018/7/25/17611848/avocado-gelato-selfridges-empellon-new-york
2,london_eater_rest,02_london_eater_rest,3829,https://london.eater.com/2018/7/25/17611972/london-steakhouse-hawksmoor-cau-voucher-free-drinks
2,london_eater_rest,02_london_eater_rest,3830,https://london.eater.com/2018/7/24/17602488/parliamentary-inquiry-frank-field-deliveroo-workers-rights-gig-economy
2,london_eater_rest,02_london_eater_rest,3831,https://london.eater.com/2018/7/23/17601906/united-chip-clerkenwell-closure-odour-complaints
2,london_eater_rest,02_london_eater_rest,3832,https://london.eater.com/2018/7/23/17601908/dum-biryani-soho-old-spitalfields-east-london-expansion
2,london_eater_rest,02_london_eater_rest,3833,https://london.eater.com/2018/7/19/17587068/hackney-council-licensing-law-nightlife-licensing-restrictions
2,london_eater_rest,02_london_eater_rest,3834,https://london.eater.com/2018/7/18/17583780/temper-city-neil-rankin-change-curry-tacos
2,london_eater_rest,02_london_eater_rest,3835,https://london.eater.com/2018/7/18/17585054/chin-chin-labs-ice-cream-unilever-ben-and-jerrys-copycat
2,london_eater_rest,02_london_eater_rest,3836,https://london.eater.com/2018/7/18/17585474/hawksmoor-steakhouse-manhattan-london-nyc
2,london_eater_rest,02_london_eater_rest,3837,https://london.eater.com/2018/7/16/17575254/boring-thai-shaun-beagley-racism-som-saa-misogyny
2,london_eater_rest,02_london_eater_rest,3838,https://london.eater.com/2018/7/16/17576216/montys-deli-expansion-reuben-sandwich-crowdcube
2,london_eater_rest,02_london_eater_rest,3839,https://london.eater.com/2018/7/11/17559378/nanban-express-brixton-katsu-sandwich-tim-anderson
2,london_eater_rest,02_london_eater_rest,3840,https://london.eater.com/2018/7/11/17559426/sans-pere-east-london-fitzrovia-closes-all-three-locations
2,london_eater_rest,02_london_eater_rest,3841,https://london.eater.com/2018/7/10/17552478/xu-soho-chinatown-taiwanese-teahouse
2,london_eater_rest,02_london_eater_rest,3842,https://london.eater.com/2018/7/10/17552600/in-n-out-burger-pop-up-carob-tree-highgate-london
2,london_eater_rest,02_london_eater_rest,3843,https://london.eater.com/2018/7/5/17536006/yotam-ottolenghi-rovi-fitzrovia-closed-heat-recovery
2,london_eater_rest,02_london_eater_rest,3844,https://london.eater.com/2018/7/4/17533928/sushi-master-endo-kazutoshi-berkeley-hotel-knightsbridge
2,london_eater_rest,02_london_eater_rest,3845,https://london.eater.com/2018/7/4/17533932/robert-de-niro-the-wellington-hotel-covent-garden-canned
2,london_eater_rest,02_london_eater_rest,3846,https://london.eater.com/2018/7/3/17530104/marco-pierre-white-pierre-koffmann-abbey-hotel-bath
2,london_eater_rest,02_london_eater_rest,3847,https://london.eater.com/2018/7/3/17531170/massimo-bottura-conduit-merlin-labron-johnson
2,london_eater_rest,02_london_eater_rest,3848,https://london.eater.com/2018/6/29/17517436/celebrity-sightings-david-beckham-the-ritz-jessica-alba-spice-girls
2,london_eater_rest,02_london_eater_rest,3849,https://london.eater.com/2018/6/29/17517626/emily-roux-caractere-notting-hill-diego-ferrari
2,london_eater_rest,02_london_eater_rest,3850,https://london.eater.com/2018/6/27/17509052/chipping-forecast-notting-hill-greek-street-changing-soho
2,london_eater_rest,02_london_eater_rest,3851,https://london.eater.com/2018/6/25/17493138/sunday-roast-borough-market-fitzrovia
2,london_eater_rest,02_london_eater_rest,3852,https://london.eater.com/2018/6/25/17500446/gay-hussar-greek-street-closed-tony-blair-labour
2,london_eater_rest,02_london_eater_rest,3853,https://london.eater.com/2018/6/22/17492174/lady-of-the-grapes-female-winemakers-covent-garden
2,london_eater_rest,02_london_eater_rest,3854,https://london.eater.com/2018/6/21/17484308/nyc-barbecue-hometown-shake-shack-black-axe-mangal-london
2,london_eater_rest,02_london_eater_rest,3855,https://london.eater.com/2018/6/21/17487818/piri-piri-chicken-casa-do-frango-algarve-portugal-london
2,london_eater_rest,02_london_eater_rest,3856,https://london.eater.com/2018/6/20/17483332/albion-closure-parabola-lutyens-prescott-conran
2,london_eater_rest,02_london_eater_rest,3857,https://london.eater.com/2018/6/19/17479234/deliveroo-parliamentary-inquiry-mp-frank-field-gig-economy
2,london_eater_rest,02_london_eater_rest,3858,https://london.eater.com/2018/6/18/17474278/pide-oven-turkish-pizza-fitzrovia-hammersmith
2,london_eater_rest,02_london_eater_rest,3859,https://london.eater.com/2018/6/15/17467390/deliveroo-ipse-self-employment-status-high-court
2,london_eater_rest,02_london_eater_rest,3860,https://london.eater.com/2018/6/15/17467498/anthony-bourdain-death-cuisine-othered-parts-unknown
2,london_eater_rest,02_london_eater_rest,3861,https://london.eater.com/2018/6/15/17468486/notting-hill-marianne-lumb-leaving
2,london_eater_rest,02_london_eater_rest,3862,https://london.eater.com/2018/6/13/17457736/instagram-remembers-anthony-bourdain
2,london_eater_rest,02_london_eater_rest,3863,https://london.eater.com/2018/6/13/17458392/jd-wetherspoon-champagne-german-beer-brexit
2,london_eater_rest,02_london_eater_rest,3864,https://london.eater.com/2018/6/12/17453374/uk-hospitality-leaders-labour-jeremy-corbyn-metoo-tipping
2,london_eater_rest,02_london_eater_rest,3865,https://london.eater.com/2018/6/11/17448694/maxwells-trump-disgusting-maga-burger-covent-garden-orange
2,london_eater_rest,02_london_eater_rest,3866,https://london.eater.com/2018/6/11/17449254/labour-leader-jeremy-corbyn-metoo-sexual-harassment-revolution-tipping-policy
2,london_eater_rest,02_london_eater_rest,3867,https://london.eater.com/2018/6/8/17441552/anthony-bourdain-dead-61
2,london_eater_rest,02_london_eater_rest,3868,https://london.eater.com/2018/6/7/17393380/boxpark-croydon-shoreditch-half-million-pound-loss-what-happens-next
2,london_eater_rest,02_london_eater_rest,3869,https://london.eater.com/2018/6/6/17433182/jks-restuarants-brigadiers-p-franco-instagram-stories-london-news
2,london_eater_rest,02_london_eater_rest,3870,https://london.eater.com/2018/6/5/17428596/singaporean-cuisine-curry-puff-old-chang-kee-covent-garden-london
2,london_eater_rest,02_london_eater_rest,3871,https://london.eater.com/2018/6/5/17429236/heinz-salad-cream-renaming-sandwich-cream
2,london_eater_rest,02_london_eater_rest,3872,https://london.eater.com/2018/6/1/17416536/kylie-minogue-50th-chiltern-firehouse-celebrity-sightings-dua-lipa-katy-perry-orlando-bloom
2,london_eater_rest,02_london_eater_rest,3873,https://london.eater.com/2018/6/1/17416572/pleasant-lady-jian-bing-trading-stall-soho-spitalfields-chinese-cuisine
2,london_eater_rest,02_london_eater_rest,3874,https://london.eater.com/2018/5/30/17404430/instagram-stories-influencers-moon-milk-wellness
2,london_eater_rest,02_london_eater_rest,3875,https://london.eater.com/2018/5/30/17408786/tottenham-hotspur-beavertown-craftbeer-microbrewery
2,london_eater_rest,02_london_eater_rest,3876,https://london.eater.com/2018/5/29/17400826/bright-tim-hayward-ft-weekend-giles-coren-times
2,london_eater_rest,02_london_eater_rest,3877,https://london.eater.com/2018/5/29/17404356/heineken-beavertown-craft-beer-investment
2,london_eater_rest,02_london_eater_rest,3878,https://london.eater.com/2018/5/29/17404466/pret-a-manger-1000-staff-jb-sale
2,london_eater_rest,02_london_eater_rest,3879,https://london.eater.com/2018/5/25/17389050/dior-annabels-princess-beatrice-guy-ritchie-victoria-beckham
2,london_eater_rest,02_london_eater_rest,3880,https://london.eater.com/2018/5/24/17388210/justeat-deliveroo-business-investment-news
2,london_eater_rest,02_london_eater_rest,3881,https://london.eater.com/2018/5/24/17388250/harry-and-meghan-royal-wedding-cake-claire-ptak-violet
2,london_eater_rest,02_london_eater_rest,3882,https://london.eater.com/2018/5/23/17383642/jamie-oliver-renaissance-jamies-italian-pizza-fresh-pasta-vegan-menu
2,london_eater_rest,02_london_eater_rest,3883,https://london.eater.com/2018/5/23/17383654/clare-smyth-core-caterer-royal-wedding-harry-meghan
2,london_eater_rest,02_london_eater_rest,3884,https://london.eater.com/2018/5/22/17379890/nandos-conservative-party-discount-card
2,london_eater_rest,02_london_eater_rest,3885,https://london.eater.com/2018/5/21/17376202/cult-portuguese-chinese-tata-eatery-back-kensal-rise
2,london_eater_rest,02_london_eater_rest,3886,https://london.eater.com/2018/5/18/17367822/royal-wedding-cake-more-details-claire-ptak-harry-meghan-markle
2,london_eater_rest,02_london_eater_rest,3887,https://london.eater.com/2018/5/18/17367902/deliveroo-share-scheme-head-office-staff-riders-excluded
2,london_eater_rest,02_london_eater_rest,3888,https://london.eater.com/2018/5/18/17368268/native-ropening-flat-iron-square-southwark-closure-neals-yard
2,london_eater_rest,02_london_eater_rest,3889,https://london.eater.com/2018/5/17/17364930/covent-garden-hotel-henrietta-dabbous-departure
2,london_eater_rest,02_london_eater_rest,3890,https://london.eater.com/2018/5/14/17351408/south-london-steakhouse-knife-clapham-opens-modern-british-24-the-oval-the-dairy-matt-wells
2,london_eater_rest,02_london_eater_rest,3891,https://london.eater.com/2018/5/14/17351642/dalston-brilliant-corners-pops-up-canalside-for-giant-steps-summer-party-series
2,london_eater_rest,02_london_eater_rest,3892,https://london.eater.com/2018/5/10/17338768/shake-shack-burger-canon-street-debut-english-breakfast-menu
2,london_eater_rest,02_london_eater_rest,3893,https://london.eater.com/2018/5/10/17338880/deliveroo-editions-dip-flip-honest-burgers-whitechapel-swiss-cottage
2,london_eater_rest,02_london_eater_rest,3894,https://london.eater.com/2018/5/10/17339182/giant-brewery-brewdog-dogs-design-beer-tower-hill-woof
2,london_eater_rest,02_london_eater_rest,3895,https://london.eater.com/2018/5/4/17310760/shake-shack-wembley-boxpark-wingstop-athenian
2,london_eater_rest,02_london_eater_rest,3896,https://london.eater.com/2018/5/4/17318490/jamie-oliver-deli-montys-hoxton-similarities
2,london_eater_rest,02_london_eater_rest,3897,https://london.eater.com/2018/5/3/17314678/east-london-brewery-truman-newman-arms-takeover-fitzrovia
2,london_eater_rest,02_london_eater_rest,3898,https://london.eater.com/2018/4/30/17302156/ritz-duo-epoch-million-pound-menu-ruth-hansom-emily-lambert-fred-sirieix
2,london_eater_rest,02_london_eater_rest,3899,https://london.eater.com/2018/4/26/17283968/parmesan-jay-rayner-rosie-french-twitter-ombra
2,london_eater_rest,02_london_eater_rest,3900,https://london.eater.com/2018/4/26/17284054/first-look-neptune-principal-hotel-margaret-crow-brett-redmann
2,london_eater_rest,02_london_eater_rest,3901,https://london.eater.com/2018/4/25/17278992/cornerstone-tom-brown-hackney-wick
2,london_eater_rest,02_london_eater_rest,3902,https://london.eater.com/2018/4/24/17276158/raye-ivy-chelsea-garden-racism-allegation
2,london_eater_rest,02_london_eater_rest,3903,https://london.eater.com/2018/4/23/17269952/tata-eatery-raclette-brothers-patty-and-bun-am-intel-eater
2,london_eater_rest,02_london_eater_rest,3904,https://london.eater.com/2018/4/23/17270252/masterchef-contestant-matt-campbell-dies-london-marathon
2,london_eater_rest,02_london_eater_rest,3905,https://london.eater.com/2018/4/20/17256958/elton-john-david-furnish-le-caprice-millie-mackintosh-jade-jagger
2,london_eater_rest,02_london_eater_rest,3906,https://london.eater.com/2018/4/20/17260924/oldroyd-islington-meat-free-monday-london
2,london_eater_rest,02_london_eater_rest,3907,https://london.eater.com/2018/4/19/17255974/chick-n-sours-sub-culture-fried-chicken-pioneers-refurbishment-dalston
2,london_eater_rest,02_london_eater_rest,3908,https://london.eater.com/2018/4/19/17257056/marco-pierre-white-feastival-headline-jay-rayner
2,london_eater_rest,02_london_eater_rest,3909,https://london.eater.com/2018/4/18/17251026/cronuts-dominique-ansel-afternoon-tea-london-belgravia
2,london_eater_rest,02_london_eater_rest,3910,https://london.eater.com/2018/4/18/17251032/gordon-ramsay-bottomless-pizza-bread-street-kitchen-st-pauls
2,london_eater_rest,02_london_eater_rest,3911,https://london.eater.com/2018/4/18/17251770/pret-a-manger-advertising-standards-authority
2,london_eater_rest,02_london_eater_rest,3912,https://london.eater.com/2018/4/17/17246242/byron-flexitarian-mushrooms-to-a-beef-patty
2,london_eater_rest,02_london_eater_rest,3913,https://london.eater.com/2018/4/17/17246972/chikn-chick-n-sours-carl-clarke-david-wolanski-baker-street
2,london_eater_rest,02_london_eater_rest,3914,https://london.eater.com/2018/4/16/17242148/rowley-leigh-parabola-design-museum
2,london_eater_rest,02_london_eater_rest,3915,https://london.eater.com/2018/4/13/17233186/mangal-2-twitter-ferhat-dirik-rip
2,london_eater_rest,02_london_eater_rest,3916,https://london.eater.com/2018/4/13/17233212/deliveroo-editions-expansion-will-shu-motu
2,london_eater_rest,02_london_eater_rest,3917,https://london.eater.com/2018/4/12/17228406/untitled-asahi-moon-garden-yakitori-shoreditch-may
2,london_eater_rest,02_london_eater_rest,3918,https://london.eater.com/2018/4/12/17228600/italian-steak-group-dairy-gluten-sugar-free-ardiciocca-fulham
2,london_eater_rest,02_london_eater_rest,3919,https://london.eater.com/2018/4/12/17229132/noma-alumnus-damian-wawrzyniak-jan-clapham
2,london_eater_rest,02_london_eater_rest,3920,https://london.eater.com/2018/4/11/17219374/loscar-tony-fleming-jacques-garcia-baptist-grill-holborn
2,london_eater_rest,02_london_eater_rest,3921,https://london.eater.com/2018/4/11/17223446/yotam-ottolenghi-wilderness-clove-club-lyles-angela-hartnett-som-saa-brat
2,london_eater_rest,02_london_eater_rest,3922,https://london.eater.com/2018/4/11/17224576/bake-for-syria-cookbook-jamie-oliver-yotam-ottolenghi-helen-goh-dominique-ansel
2,london_eater_rest,02_london_eater_rest,3923,https://london.eater.com/2018/4/10/17218950/market-halls-fulham-asma-khan-calcutta-canteen-fannys-kebabs
2,london_eater_rest,02_london_eater_rest,3924,https://london.eater.com/2018/4/5/17201652/moro-morito-casa-moro-hackney-wick
2,london_eater_rest,02_london_eater_rest,3925,https://london.eater.com/2018/4/5/17201702/neil-rankin-pizza-temper-covent-garden
2,london_eater_rest,02_london_eater_rest,3926,https://london.eater.com/2018/4/4/17197430/rainer-becker-zuma-robata-grill-inko-nito-soho
2,london_eater_rest,02_london_eater_rest,3927,https://london.eater.com/2018/3/29/17175482/deliveroo-future-plans-robots-profits-investors
2,london_eater_rest,02_london_eater_rest,3928,https://london.eater.com/2018/3/27/17168506/gordon-ramsay-operations-director-simon-king-departs
2,london_eater_rest,02_london_eater_rest,3929,https://london.eater.com/2018/3/26/17163386/oklava-kyseri-selin-kiazim-laura-christie
2,london_eater_rest,02_london_eater_rest,3930,https://london.eater.com/2018/3/26/17163658/gordon-ramsay-alumnus-mark-sargeant-tower-of-london-sargeants-mess
2,london_eater_rest,02_london_eater_rest,3931,https://london.eater.com/2018/3/26/17164142/tom-brown-cornerstone-hackney-wick
2,london_eater_rest,02_london_eater_rest,3932,https://london.eater.com/2018/3/23/17155268/kricket-modern-indian-returns-to-brixton
2,london_eater_rest,02_london_eater_rest,3933,https://london.eater.com/2018/3/23/17157008/esra-muslu-zahter-carousel-istanbul-london
2,london_eater_rest,02_london_eater_rest,3934,https://london.eater.com/2018/3/22/17149738/barrafina-el-pastor-the-drop-harts-coal-drops-yard-kings-cross
2,london_eater_rest,02_london_eater_rest,3935,https://london.eater.com/2018/3/22/17151194/bloomsbury-principal-london-neptune-fitzs-burr-co
2,london_eater_rest,02_london_eater_rest,3936,https://london.eater.com/2018/3/21/17147618/st-leonards-shoreditch-jackson-boxer-andrew-clarke
2,london_eater_rest,02_london_eater_rest,3937,https://london.eater.com/2018/3/20/17142340/jamie-oliver-jay-rayner-twitter-6-million-suppliers
2,london_eater_rest,02_london_eater_rest,3938,https://london.eater.com/2018/3/20/17142348/royal-wedding-prince-harry-meghan-markle-claire-ptak-violet
2,london_eater_rest,02_london_eater_rest,3939,https://london.eater.com/2018/3/20/17142730/market-halls-fulham-farang-yard-sale-claude-compton
2,london_eater_rest,02_london_eater_rest,3940,https://london.eater.com/2018/3/19/17129106/clubstaurant-bagatelle-open-mayfair-spring
2,london_eater_rest,02_london_eater_rest,3941,https://london.eater.com/2018/3/19/17138292/bacone-louis-korovilas-giorgio-locatelli-pasta
2,london_eater_rest,02_london_eater_rest,3942,https://london.eater.com/2018/3/19/17138540/jamie-oliver-paul-hunt-times-allegations
2,london_eater_rest,02_london_eater_rest,3943,https://london.eater.com/2018/3/19/17138928/chinese-laundry-islington-closed
2,london_eater_rest,02_london_eater_rest,3944,https://london.eater.com/2018/3/16/17128572/instagram-advertising-standards-authority-influencers
2,london_eater_rest,02_london_eater_rest,3945,https://london.eater.com/2018/3/16/17129758/15-seat-gyoza-titu-jeff-tyler-mayfair
2,london_eater_rest,02_london_eater_rest,3946,https://london.eater.com/2018/3/15/17123510/les-deux-salons-closed-terence-conran
2,london_eater_rest,02_london_eater_rest,3947,https://london.eater.com/2018/3/14/17091434/grace-dent-event-deptford-bites-spring
2,london_eater_rest,02_london_eater_rest,3948,https://london.eater.com/2018/3/14/17119026/scott-smith-edinburgh-carousel-spring-collaborations-events
2,london_eater_rest,02_london_eater_rest,3949,https://london.eater.com/2018/3/13/17113574/st-john-bridge-theatre-southbank
2,london_eater_rest,02_london_eater_rest,3950,https://london.eater.com/2018/3/9/17099564/kfc-chicken-u-turn-bidvest-logistics-dhl
2,london_eater_rest,02_london_eater_rest,3951,https://london.eater.com/2018/3/9/17099592/deliciously-ella-closes-two-london-delis
2,london_eater_rest,02_london_eater_rest,3952,https://london.eater.com/2018/3/9/17099698/wagamama-failure-to-pay-minimum-wage-tgi-fridays
2,london_eater_rest,02_london_eater_rest,3953,https://london.eater.com/2018/3/8/17095426/bad-sports-taco-hackney-will-close
2,london_eater_rest,02_london_eater_rest,3954,https://london.eater.com/2018/3/8/17095532/old-chang-kee-singaporean-curry-puffs-london
2,london_eater_rest,02_london_eater_rest,3955,https://london.eater.com/2018/3/8/17096286/pochos-breddos-tacos-giant-robot-canary-wharf
2,london_eater_rest,02_london_eater_rest,3956,https://london.eater.com/2018/3/7/17089914/tom-oldroyd-duke-of-richmond-public-house-hackney
2,london_eater_rest,02_london_eater_rest,3957,https://london.eater.com/2018/3/7/17091740/roti-king-second-site-bloomsbury-stevie-parle
2,london_eater_rest,02_london_eater_rest,3958,https://london.eater.com/2018/3/6/17084456/another-iconic-neapolitan-pizzeria-is-coming-to-london-50-kalo-ciro-salvo
2,london_eater_rest,02_london_eater_rest,3959,https://london.eater.com/2018/3/6/17084506/brewdog-pink-ipa-gender-pay-gap-backfire
2,london_eater_rest,02_london_eater_rest,3960,https://london.eater.com/2018/3/5/17080258/gordon-ramsay-ceo-stuart-gillies-removed
2,london_eater_rest,02_london_eater_rest,3961,https://london.eater.com/2018/3/2/17070424/sella-concept-omars-pimlico
2,london_eater_rest,02_london_eater_rest,3962,https://london.eater.com/2018/3/1/17066390/eataly-confirms-city-of-london
2,london_eater_rest,02_london_eater_rest,3963,https://london.eater.com/2018/3/1/17067162/brexit-champagne-pints-winston-churchill
2,london_eater_rest,02_london_eater_rest,3964,https://london.eater.com/2018/2/28/17061412/prezzo-chimichnaga-100-closures
2,london_eater_rest,02_london_eater_rest,3965,https://london.eater.com/2018/2/28/17061708/ichibuns-japanese-endo-kazutoshi-white-city-television-centre
2,london_eater_rest,02_london_eater_rest,3966,https://london.eater.com/2018/2/27/17052894/abd-el-wahab-lebanese-belgravia
2,london_eater_rest,02_london_eater_rest,3967,https://london.eater.com/2018/2/27/17057320/vegan-doughnut-shop-crosstwon-marylebone
2,london_eater_rest,02_london_eater_rest,3968,https://london.eater.com/2018/2/27/17057340/nuno-mendes-hostem-supper-club
2,london_eater_rest,02_london_eater_rest,3969,https://london.eater.com/2018/2/26/17052760/tony-conigliaro-rob-roy-cameron-gazelle-mayfair
2,london_eater_rest,02_london_eater_rest,3970,https://london.eater.com/2018/2/26/17052776/ollie-dabbous-hedonism-wines-hide-piccadilly-mayfair
2,london_eater_rest,02_london_eater_rest,3971,https://london.eater.com/2018/2/23/17045046/tomos-parry-brat-shoreditch
2,london_eater_rest,02_london_eater_rest,3972,https://london.eater.com/2018/2/22/17040238/petersham-nurseries-covent-garden-la-goccia
2,london_eater_rest,02_london_eater_rest,3973,https://london.eater.com/2018/2/21/17035370/boulestin-administration-sold-ken-anderson
2,london_eater_rest,02_london_eater_rest,3974,https://london.eater.com/2018/2/21/17036220/shoreditch-vegan-fried-not-chicken-pop-up
2,london_eater_rest,02_london_eater_rest,3975,https://london.eater.com/2018/2/21/17036316/sosharu-not-for-sale-jason-atherton
2,london_eater_rest,02_london_eater_rest,3976,https://london.eater.com/2018/2/20/17031798/nopi-open-ramael-scully-ottolenghi
2,london_eater_rest,02_london_eater_rest,3977,https://london.eater.com/2018/2/20/17032110/jamie-oliver-closure-piccadilly-steakhouse-barbecoa
2,london_eater_rest,02_london_eater_rest,3978,https://london.eater.com/2018/2/19/17027156/jamie-oliver-barbecoa-adminstration
2,london_eater_rest,02_london_eater_rest,3979,https://london.eater.com/2018/2/19/17027670/winemakers-deptford-closure
2,london_eater_rest,02_london_eater_rest,3980,https://london.eater.com/2018/2/16/17019530/wellbourne-dabbous-white-city-place-shola-aida-khan
2,london_eater_rest,02_london_eater_rest,3981,https://london.eater.com/2018/2/15/17016070/tom-sellers-story-merry-men-pop-up
2,london_eater_rest,02_london_eater_rest,3982,https://london.eater.com/2018/2/14/17011268/st-john-doughnuts-pop-up-old-street-station
2,london_eater_rest,02_london_eater_rest,3983,https://london.eater.com/2018/2/14/17011366/zoes-ghana-kitchen-institute-of-light
2,london_eater_rest,02_london_eater_rest,3984,https://london.eater.com/2018/2/14/17012140/leon-david-thompson-tuk-shop
2,london_eater_rest,02_london_eater_rest,3985,https://london.eater.com/2018/2/13/17007140/hoxton-square-shoreditch-reds-bbq-closed
2,london_eater_rest,02_london_eater_rest,3986,https://london.eater.com/2018/2/13/17007212/meatliquor-deliveroo-editions
2,london_eater_rest,02_london_eater_rest,3987,https://london.eater.com/2018/2/12/17003082/grace-dent-guardian-roganic-marina-o-loughlin-sunday-times-supawan
2,london_eater_rest,02_london_eater_rest,3988,https://london.eater.com/2018/2/12/17003140/five-points-brewery-pembury-tavern-hackney
2,london_eater_rest,02_london_eater_rest,3989,https://london.eater.com/2018/2/8/16990014/el-pastor-tacos-maltby-street
2,london_eater_rest,02_london_eater_rest,3990,https://london.eater.com/2018/2/7/16984342/mcdonalds-big-mac-50-th-anniversary
2,london_eater_rest,02_london_eater_rest,3991,https://london.eater.com/2018/2/5/16922638/vegan-doughnut-society-hackney-lauren-watts
2,london_eater_rest,02_london_eater_rest,3992,https://london.eater.com/2018/2/5/16973242/soho-house-group-nyc-stock-exchange
2,london_eater_rest,02_london_eater_rest,3993,https://london.eater.com/2018/2/5/16974046/rascals-shoreditch-cheese-pulling-world-championships
2,london_eater_rest,02_london_eater_rest,3994,https://london.eater.com/2018/2/2/16960360/skye-gyngell-plastic-free-pledge-spring
2,london_eater_rest,02_london_eater_rest,3995,https://london.eater.com/2018/2/2/16963996/dame-judi-dench-caroline-flack-gizzi-erskine
2,london_eater_rest,02_london_eater_rest,3996,https://london.eater.com/2018/2/1/16954816/authentic-sichuan-hot-pot-shu-xiangge-chinatown
2,london_eater_rest,02_london_eater_rest,3997,https://london.eater.com/2018/1/30/16949476/linda-lee-korean-restaurateur-on-the-dak
2,london_eater_rest,02_london_eater_rest,3998,https://london.eater.com/2018/1/30/16949488/brewdog-ipa-elvis-presley-legal-battle
2,london_eater_rest,02_london_eater_rest,3999,https://london.eater.com/2018/1/29/16944348/neil-rankin-temper-third-site-covent-garden
2,london_eater_rest,02_london_eater_rest,4000,https://london.eater.com/2018/1/26/16935636/bleeding-vegan-burger-moving-mountains-mildreds-dalston
2,london_eater_rest,02_london_eater_rest,4001,https://london.eater.com/2018/1/24/16927030/the-five-pound-note-lahmacun-19-numara-bos-cirrik-2-stoke-newington
2,london_eater_rest,02_london_eater_rest,4002,https://london.eater.com/2018/1/24/16927620/gordon-ramsay-right-hand-man-stuart-gillies-departs-restauarant-group-reports
2,london_eater_rest,02_london_eater_rest,4003,https://london.eater.com/2018/1/23/16922964/mayfair-restaurateur-company-imperils-london-wine-merchant-ow-loeb-marc
2,london_eater_rest,02_london_eater_rest,4004,https://london.eater.com/2018/1/23/16923460/iconic-chinese-poons-returns-to-london-after-a-decade
2,london_eater_rest,02_london_eater_rest,4005,https://london.eater.com/2018/1/22/16918488/hackney-vegan-chicken-shop-temple-of-hackney-begins-expansion-camden
2,london_eater_rest,02_london_eater_rest,4006,https://london.eater.com/2018/1/16/16896076/soho-house-group-chicken-shop-kentish-town-was-closed-down-by-health-and-safety
2,london_eater_rest,02_london_eater_rest,4007,https://london.eater.com/2018/1/15/16892282/fay-maschler-indian-accent-five-stars-jay-rayner-michael-deacon
2,london_eater_rest,02_london_eater_rest,4008,https://london.eater.com/2018/1/12/16877908/brixton-rooftop-close-following-controversial-sports-retailers-acquisition
2,london_eater_rest,02_london_eater_rest,4009,https://london.eater.com/2018/1/11/16873946/cult-neapolitan-pizzeria-santa-maria-opens-fitzrovia-central-london
2,london_eater_rest,02_london_eater_rest,4010,https://london.eater.com/2018/1/10/16868906/the-five-pound-note-vegan-seitan-wings-temple-of-hackney
2,london_eater_rest,02_london_eater_rest,4011,https://london.eater.com/2018/1/10/16873118/craft-beer-giant-brewdog-to-takeover-ape-bird-seven-dials-london
2,london_eater_rest,02_london_eater_rest,4012,https://london.eater.com/2018/1/10/16873334/london-market-popina-open-mayfair-first-shop-20-years
2,london_eater_rest,02_london_eater_rest,4013,https://london.eater.com/2018/1/10/16874216/8-hoxton-square-shoreditch-has-closed
2,london_eater_rest,02_london_eater_rest,4014,https://london.eater.com/2018/1/8/16854074/sebby-holmes-thai-pop-up-highbury-permanent
2,london_eater_rest,02_london_eater_rest,4015,https://london.eater.com/2018/1/5/16853186/affordable-steakhouse-beef-brew-crowdfund-expand-operations-2018
2,london_eater_rest,02_london_eater_rest,4016,https://london.eater.com/2018/1/2/16840436/farmacy-notting-hill-selfridges-pop-up-syringes-clean-eating
2,london_eater_rest,02_london_eater_rest,4017,https://london.eater.com/2017/12/29/16800060/london-headline-predictions-for-2018
2,london_eater_rest,02_london_eater_rest,4018,https://london.eater.com/2017/12/22/16809754/drop-wine-app-shop-covent-garden-london-parsons-10-cases
2,london_eater_rest,02_london_eater_rest,4019,https://london.eater.com/2017/12/21/16800056/wave-wine-shop-opens-leyton-today-east-london
2,london_eater_rest,02_london_eater_rest,4020,https://london.eater.com/2017/12/20/16800008/the-five-pound-note-gelupo-truffle-ice-cream-soho
2,london_eater_rest,02_london_eater_rest,4021,https://london.eater.com/2017/12/20/16800072/cub-pay-as-you-like-end-of-year-charity-dinner-mr-lyan-hoxton
2,london_eater_rest,02_london_eater_rest,4022,https://london.eater.com/2017/12/19/16796010/confirmed-company-behind-ichibuns-has-acquired-mayfair-site-for-new-venture-infinitum-hospitality
2,london_eater_rest,02_london_eater_rest,4023,https://london.eater.com/2017/12/18/16789640/wolseley-owners-selling-a-majority-shareholding-its-company
2,london_eater_rest,02_london_eater_rest,4024,https://london.eater.com/2017/12/12/16767610/pizzeria-experimental-doughs-islington-to-brook-green-west-london-next-year-zia-lucia
2,london_eater_rest,02_london_eater_rest,4025,https://london.eater.com/2017/12/11/16761040/fay-maschler-begins-end-of-the-year-duddells-grace-dent-jay-rayner
2,london_eater_rest,02_london_eater_rest,4026,https://london.eater.com/2017/12/11/16761070/cook-for-syria-pop-up-covent-garden-open-unicef-charity
2,london_eater_rest,02_london_eater_rest,4027,https://london.eater.com/2017/12/8/16750678/inside-duddells-new-cantonese-dim-sum-church-london-bridge
2,london_eater_rest,02_london_eater_rest,4028,https://london.eater.com/2017/12/7/16741176/team-ritas-takeover-hackney-gastropub-sunday-lunch-prince-arthur
2,london_eater_rest,02_london_eater_rest,4029,https://london.eater.com/2017/12/6/16741168/five-pound-note-good-friend-chicken-chinatown
2,london_eater_rest,02_london_eater_rest,4030,https://london.eater.com/2017/12/6/16741170/deliveroo-riders-unique-income-insurance-package
2,london_eater_rest,02_london_eater_rest,4031,https://london.eater.com/2017/11/30/16719228/molecular-heston-blumenthal-unveils-meat-fruit-mark-2-knightsbridge
2,london_eater_rest,02_london_eater_rest,4032,https://london.eater.com/2017/11/29/16715880/londons-original-modern-steakhouse-hawksmoor-major-refurbishment
2,london_eater_rest,02_london_eater_rest,4033,https://london.eater.com/2017/11/28/16709674/deliveroo-lunch-boxes-expansion-growth-plans
2,london_eater_rest,02_london_eater_rest,4034,https://london.eater.com/2017/11/28/16709910/sports-mike-ashley-direct-giant-acquisition-brixton-market-south-london-nufc
2,london_eater_rest,02_london_eater_rest,4035,https://london.eater.com/2017/11/27/16703938/gordon-ramsay-jay-rayner-new-rochelle-canteen-fay-maschler-grace-dent-giles-coren-felicity-cloake
2,london_eater_rest,02_london_eater_rest,4036,https://london.eater.com/2017/11/23/16693900/hackney-gastropub-the-richmond-has-closed
2,london_eater_rest,02_london_eater_rest,4037,https://london.eater.com/2017/11/22/16690134/yo-sushi-japanese-afternoon-tea-selfridges-bento-sushi-acquisition
2,london_eater_rest,02_london_eater_rest,4038,https://london.eater.com/2017/11/22/16691240/australian-brasserie-antipodea-more-than-just-avocado-on-toast
2,london_eater_rest,02_london_eater_rest,4039,https://london.eater.com/2017/11/21/16684216/im-a-celebrity-insect-covered-doughnut-time
2,london_eater_rest,02_london_eater_rest,4040,https://london.eater.com/2017/11/20/16678514/on-the-bab-founder-linda-lee-will-new-korean-table-market-koba-mee-market
2,london_eater_rest,02_london_eater_rest,4041,https://london.eater.com/2017/11/20/16680148/hackney-taco-shop-begins-expansion-dalston-west-london-white-city
2,london_eater_rest,02_london_eater_rest,4042,https://london.eater.com/2017/11/17/16669574/dirty-south-reopens-in-lewisham-burgers-other-side-fried
2,london_eater_rest,02_london_eater_rest,4043,https://london.eater.com/2017/11/17/16670114/hackney-gastropub-operators-access-british-cuisine-australia-california
2,london_eater_rest,02_london_eater_rest,4044,https://london.eater.com/2017/11/16/16655784/gonzo-burger-brand-meatliquor-rebrand-brixton-chickenliquor
2,london_eater_rest,02_london_eater_rest,4045,https://london.eater.com/2017/11/16/16665500/clapham-favourite-modern-british-bistro-italian-robin-gill-manor-dairy-sorella
2,london_eater_rest,02_london_eater_rest,4046,https://london.eater.com/2017/11/15/16654520/hero-of-maida-replace-henry-harris-truscott-arms-gastropub-west-london
2,london_eater_rest,02_london_eater_rest,4047,https://london.eater.com/2017/11/9/16628786/west-london-gastropub-cubitt-house-opens-fifth-site-marylebone
2,london_eater_rest,02_london_eater_rest,4048,https://london.eater.com/2017/11/7/16619078/angelo-sato-bento-boxes-old-street-market-closed
2,london_eater_rest,02_london_eater_rest,4049,https://london.eater.com/2017/11/6/16611790/fay-maschler-raves-about-tapas-at-rambla-in-soho-giles-coren-grace-dent-marina-oloughlin
2,london_eater_rest,02_london_eater_rest,4050,https://london.eater.com/2017/11/2/16597556/jenson-button-fish-chips-van-santander-london-wtf
2,london_eater_rest,02_london_eater_rest,4051,https://london.eater.com/2017/10/31/16571704/new-london-wine-festival-november-launch
2,london_eater_rest,02_london_eater_rest,4052,https://london.eater.com/2017/10/25/16545990/famed-neapolitan-pizzeria-lievita-joins-deliveroo-editions-kitchen-only-operation-london
2,london_eater_rest,02_london_eater_rest,4053,https://london.eater.com/2017/10/20/16504036/nadine-levy-redzepi-cooks-notting-hill-for-one-night-only-clove-club-kitchen-table-pierre-koffmann
2,london_eater_rest,02_london_eater_rest,4054,https://london.eater.com/2017/10/20/16507814/cult-london-burger-pop-up-burgerac-returns-to-marylebone
2,london_eater_rest,02_london_eater_rest,4055,https://london.eater.com/2017/10/18/16495036/culinary-icon-simon-hopkinson-to-host-beaujolais-nouveau-celebration-noble-rot
2,london_eater_rest,02_london_eater_rest,4056,https://london.eater.com/2017/10/13/16468460/bloomberg-arcade-city-london-now-open-caravan-bleecker-burger-vinoteca-poke-koya
2,london_eater_rest,02_london_eater_rest,4057,https://london.eater.com/2017/10/13/16469234/closure-threatened-da-maria-notting-hill-safe-for-now
2,london_eater_rest,02_london_eater_rest,4058,https://london.eater.com/2017/10/12/16464014/sager-wilde-open-lunch-pasta-deal-paradise-row-hackney
2,london_eater_rest,02_london_eater_rest,4059,https://london.eater.com/2017/10/5/16430760/wagamama-to-trial-vegan-menu-more-news
2,london_eater_rest,02_london_eater_rest,4060,https://london.eater.com/2017/10/2/16396530/michelol
2,london_eater_rest,02_london_eater_rest,4061,https://london.eater.com/2017/9/29/16383202/boxpark-pop-up-mall-expansion-walthamstow-shoreditch-croydon
2,london_eater_rest,02_london_eater_rest,4062,https://london.eater.com/2017/9/29/16385668/london-mayor-no-smoke-pledge-draws-ire-from-wood-fired-pizzerias
2,london_eater_rest,02_london_eater_rest,4063,https://london.eater.com/2017/9/27/16372824/irish-boozer-thai-kitchen-will-open-in-southwark-london
2,london_eater_rest,02_london_eater_rest,4064,https://london.eater.com/2017/9/27/16373912/voguish-vegan-bychloe-states-begin-uk-expansion-more-news
2,london_eater_rest,02_london_eater_rest,4065,https://london.eater.com/2017/9/25/16360162/boxpark-pop-up-mall-open-in-wembley-park-shoreditch-croydon-london
2,london_eater_rest,02_london_eater_rest,4066,https://london.eater.com/2017/9/25/16360812/iconic-lebanese-beirut-express-edgware-road-closed
2,london_eater_rest,02_london_eater_rest,4067,https://london.eater.com/2017/9/21/16343344/da-maria-notting-hill-petition-fight-for-survival-rbkc
2,london_eater_rest,02_london_eater_rest,4068,https://london.eater.com/2017/9/21/16344638/hawksmoor-invite-nyc-angie-mar-beatrice-inn-annual-charity-dinner-london
2,london_eater_rest,02_london_eater_rest,4069,https://london.eater.com/2017/9/15/16306822/noble-rot-owners-announce-new-wine-import-company
2,london_eater_rest,02_london_eater_rest,4070,https://london.eater.com/2017/9/14/16306250/brexit-affect-the-british-cheese-market-london
2,london_eater_rest,02_london_eater_rest,4071,https://london.eater.com/2017/9/13/16300602/taiwanese-dumpling-specialists-din-tai-fung-open-in-centre-point-sushisamba-vapiano
2,london_eater_rest,02_london_eater_rest,4072,https://london.eater.com/2017/9/13/16300824/second-rochelle-canteen-will-open-at-the-institute-of-contemporary-arts-central-london
2,london_eater_rest,02_london_eater_rest,4073,https://london.eater.com/2017/9/12/16287898/sex-comedy-moulin-cinema-turns-soho-steakhouse-more-news
2,london_eater_rest,02_london_eater_rest,4074,https://london.eater.com/2017/9/11/16286512/st-john-partner-with-bridge-theatre-london-bridge
2,london_eater_rest,02_london_eater_rest,4075,https://london.eater.com/2017/9/11/16287586/legendary-restaurateur-jeremy-king-brexit-and-hospitality-wins-and-losses
2,london_eater_rest,02_london_eater_rest,4076,https://london.eater.com/2017/9/8/16273006/marcus-wareing-will-recreate-100-year-old-menu-at-gilbert-scott-fergus-henderson-shake-shack
2,london_eater_rest,02_london_eater_rest,4077,https://london.eater.com/2017/9/8/16273430/world-famous-neapolitan-pizzeria-da-michele-second-london-site
2,london_eater_rest,02_london_eater_rest,4078,https://london.eater.com/2017/9/7/16266120/street-xo-hakkasan-collaborate-golden-week
2,london_eater_rest,02_london_eater_rest,4079,https://london.eater.com/2017/9/7/16268062/four-london-restaurateurs-make-their-own-italian-wine
2,london_eater_rest,02_london_eater_rest,4080,https://london.eater.com/2017/9/6/16255418/breddos-tacos-salvation-in-noodles-patty-bun-open-in-feast-canteen
2,london_eater_rest,02_london_eater_rest,4081,https://london.eater.com/2017/9/6/16258900/nola-galatoires-three-day-pop-up-the-beaumont-hotel
2,london_eater_rest,02_london_eater_rest,4082,https://london.eater.com/2017/9/6/16258998/restriction-low-skilled-migrants-brexit-catastrophic-hospitality-industry
2,london_eater_rest,02_london_eater_rest,4083,https://london.eater.com/2017/9/5/16254284/mcdonalds-workers-stage-first-ever-uk-strike
2,london_eater_rest,02_london_eater_rest,4084,https://london.eater.com/2017/9/5/16255758/rowley-leigh-taking-over-parabola-design-museum-kensington
2,london_eater_rest,02_london_eater_rest,4085,https://london.eater.com/2017/9/4/16251888/sportsman-stephen-harris-one-off-dinner-noble-rot-september
2,london_eater_rest,02_london_eater_rest,4086,https://london.eater.com/2017/9/1/16240604/pascal-aussignac-club-gascon-pop-up-london-oldest-church
2,london_eater_rest,02_london_eater_rest,4087,https://london.eater.com/2017/9/1/16241140/magic-dinner-charity-event-line-up-announced-news
2,london_eater_rest,02_london_eater_rest,4088,https://london.eater.com/2017/8/29/16219638/james-lowe-lyles-game-event-shoreditch-2017-announced
2,london_eater_rest,02_london_eater_rest,4089,https://london.eater.com/2017/8/25/16197968/first-look-brand-new-mexican-santo-remedio-london-bridge
2,london_eater_rest,02_london_eater_rest,4090,https://london.eater.com/2017/8/24/16197324/julien-macdonald-luxury-burger-box-for-mcdonalds
2,london_eater_rest,02_london_eater_rest,4091,https://london.eater.com/2017/8/23/16190036/muslim-aid-world-largest-samosa-east-london
2,london_eater_rest,02_london_eater_rest,4092,https://london.eater.com/2017/8/15/16148252/mexican-taqueria-london-bridge-santo-remedio-return-tacos
2,london_eater_rest,02_london_eater_rest,4093,https://london.eater.com/2017/8/10/16117852/brindisa-london-dinner-spanish-iberico-pork-florence-knight-hawksmoor
2,london_eater_rest,02_london_eater_rest,4094,https://london.eater.com/2017/8/9/16117706/st-john-new-head-of-wine-news-london
2,london_eater_rest,02_london_eater_rest,4095,https://london.eater.com/2017/8/4/16093926/santa-maria-pizza-open-london-fitzrovia
2,london_eater_rest,02_london_eater_rest,4096,https://london.eater.com/2017/8/3/16088854/mission-sato-japanese-bento-box-open-shoreditch-old-street
2,london_eater_rest,02_london_eater_rest,4097,https://london.eater.com/2017/8/2/16082582/breddos-tacos-collaborate-pjoltergeist-oslo-london-lunchtime-news
2,london_eater_rest,02_london_eater_rest,4098,https://london.eater.com/2017/7/28/16055170/british-hospitality-association-welcome-government-report-into-role-of-eu-workers-brexit
2,london_eater_rest,02_london_eater_rest,4099,https://london.eater.com/2017/7/28/16055768/shake-shack-dominique-ansel-action-against-hunger
2,london_eater_rest,02_london_eater_rest,4100,https://london.eater.com/2017/7/21/16008016/angelo-sato-is-launching-two-bento-box-sushi-shops
2,london_eater_rest,02_london_eater_rest,4101,https://london.eater.com/2017/7/14/15950344/farang-highbury-residency-thai-seb-holmes-january
2,london_eater_rest,02_london_eater_rest,4102,https://london.eater.com/2017/7/14/15971960/francis-mallmann-to-teach-londoners-about-lunch
2,london_eater_rest,02_london_eater_rest,4103,https://london.eater.com/2017/7/13/15958728/are-barrafina-and-el-pastor-padella-moving-into-kings-cross
2,london_eater_rest,02_london_eater_rest,4104,https://london.eater.com/2017/7/11/15816894/karam-sethi-jks-restaurateur-london
2,london_eater_rest,02_london_eater_rest,4105,https://london.eater.com/2017/7/11/15946574/new-london-state-of-mind-nyc-vs-london-adam-coghlan
2,london_eater_rest,02_london_eater_rest,4106,https://london.eater.com/2017/7/11/15950320/shake-shack-open-cambridge-circus
2,london_eater_rest,02_london_eater_rest,4107,https://london.eater.com/2017/7/11/15951598/introducing-eater-london
2,london_eater_rest,02_london_eater_rest,4108,https://london.eater.com/2017/7/11/15952062/eater-mince-on-toast-quality-chop-house
2,london_eater_rest,02_london_eater_rest,4109,https://london.eater.com/2017/7/3/15913242/hoppers-oxford-street-new-location-second-site
2,london_eater_rest,02_london_eater_rest,4110,https://london.eater.com/2017/6/30/15799222/borough-market-reopens-terror-attacks
2,london_eater_rest,02_london_eater_rest,4111,https://london.eater.com/21439769/great-british-bake-off-2020-winner-gbbo-judges-episodes
2,london_eater_rest,02_london_eater_rest,4112,https://london.eater.com/21439830/great-british-bake-off-gbbo-2020-contestants-episodes-judges-channel-4
2,london_eater_rest,02_london_eater_rest,4113,https://london.eater.com/21441300/sack-of-wet-eggs-morrisons-supermarket-viral-twitter
2,london_eater_rest,02_london_eater_rest,4114,https://london.eater.com/21452133/brannigans-crisps-flavours-where-to-buy-beef-mustard
2,london_eater_rest,02_london_eater_rest,4115,https://london.eater.com/21452142/great-british-bake-off-2020-gbbo-catch-up-episode-1-cake-week
2,london_eater_rest,02_london_eater_rest,4116,https://london.eater.com/21495011/great-british-bake-off-biscuit-week-2020-gbbo-catch-up-episode-2
2,london_eater_rest,02_london_eater_rest,4117,https://london.eater.com/21503878/10pm-curfew-coronavirus-latest-vote-house-of-commons
2,london_eater_rest,02_london_eater_rest,4118,https://london.eater.com/21505520/great-british-bake-off-2020-gbbo-catch-up-bread-week-episode-3
2,london_eater_rest,02_london_eater_rest,4119,https://london.eater.com/21505568/10pm-coronavirus-curfew-boris-johnson-keir-starmer-prime-ministers-questions
2,london_eater_rest,02_london_eater_rest,4120,https://london.eater.com/21505769/mooncakes-mid-autumn-festival-china-instagram
2,london_eater_rest,02_london_eater_rest,4121,https://london.eater.com/21515590/great-british-bake-off-2020-gbbo-catch-up-chocolate-week-episode-4
2,london_eater_rest,02_london_eater_rest,4122,https://london.eater.com/21517314/london-coronavirus-tier-2-restrictions-no-household-mixing-indoors
2,london_eater_rest,02_london_eater_rest,4123,https://london.eater.com/21526435/great-british-bake-off-catch-up-pastry-week-episode-5-gbbo
2,london_eater_rest,02_london_eater_rest,4124,https://london.eater.com/21537846/when-does-coronavirus-furlough-scheme-end-job-support-scheme-november
2,london_eater_rest,02_london_eater_rest,4125,https://london.eater.com/21538077/great-british-bake-off-japan-week-gbbo-catchup
2,london_eater_rest,02_london_eater_rest,4126,https://london.eater.com/21547401/great-british-bake-off-80s-week-gbbo-catchup
2,london_eater_rest,02_london_eater_rest,4127,https://london.eater.com/21550744/coronavirus-furlough-scheme-extension-rishi-sunak-england-lockdown
2,london_eater_rest,02_london_eater_rest,4128,https://london.eater.com/21558105/coronavirus-unemployment-uk-figures-hospitality-industry-worst
2,london_eater_rest,02_london_eater_rest,4129,https://london.eater.com/21558115/great-british-bake-off-dessert-week-gbbo-2020-catch-up
2,london_eater_rest,02_london_eater_rest,4130,https://london.eater.com/21559943/guinness-0-0-alcohol-free-beer-can-product-recall
2,london_eater_rest,02_london_eater_rest,4131,https://london.eater.com/21569311/dominic-cummings-news-resigned-lee-cain-boris-johnson-carrie-symonds
2,london_eater_rest,02_london_eater_rest,4132,https://london.eater.com/21571325/coronavirus-christmas-turkey-production-meat-plants-covid-19
2,london_eater_rest,02_london_eater_rest,4133,https://london.eater.com/21572298/great-british-bake-off-patisserie-week-2020-gbbo-catch-up
2,london_eater_rest,02_london_eater_rest,4134,https://london.eater.com/21617206/new-coronavirus-tiers-england-2-december-2020
2,london_eater_rest,02_london_eater_rest,4135,https://london.eater.com/21718818/great-british-bake-off-winner-2020-gbbo-final-catch-up
2,london_eater_rest,02_london_eater_rest,4136,https://london.eater.com/22064138/eseaeats-hashtag-instagram-philli-masterchef-professionals-response
2,london_eater_rest,02_london_eater_rest,4137,https://london.eater.com/22149867/uk-supermarkets-deliver-coronavirus-repayments-tesco-sainsburys-morrisons-aldi
2,london_eater_rest,02_london_eater_rest,4138,https://london.eater.com/22192901/tier-four-coronavirus-london-how-long-matt-hancock
2,london_eater_rest,02_london_eater_rest,4139,https://london.eater.com/22210139/pengest-munch-youtube-chicken-connoisseur-elijah-quashie-cnsr-rebrand
2,london_eater_rest,02_london_eater_rest,4140,https://london.eater.com/22212857/charles-campion-masterchef-obituary
2,london_eater_rest,02_london_eater_rest,4141,https://london.eater.com/22214754/coronavirus-lockdown-uk-new-business-grants-2021
2,london_eater_rest,02_london_eater_rest,4142,https://london.eater.com/22214767/when-will-coronavirus-lockdown-end-england-2021
2,london_eater_rest,02_london_eater_rest,4143,https://london.eater.com/22224465/parliament-debate-schedule-minister-for-hospitality-seat-at-the-table
2,london_eater_rest,02_london_eater_rest,4144,https://london.eater.com/22224604/master-of-none-netflix-season-3-new-series-aziz-ansari-eric-wareheim-london
2,london_eater_rest,02_london_eater_rest,4145,https://london.eater.com/22224980/minister-for-hospitality-parliament-debate
2,london_eater_rest,02_london_eater_rest,4146,https://london.eater.com/22225148/borough-market-coronavirus-rules-mask-wearing
2,london_eater_rest,02_london_eater_rest,4147,https://london.eater.com/22226505/morrisons-supermarket-masks-coronavirus-rules
2,london_eater_rest,02_london_eater_rest,4148,https://london.eater.com/22230574/galette-des-rois-epiphany-cake-instagram
2,london_eater_rest,02_london_eater_rest,4149,https://london.eater.com/22236911/coronavirus-economic-impact-uk-gdp-november
2,london_eater_rest,02_london_eater_rest,4150,https://london.eater.com/22238292/budget-2021-rishi-sunak-coronavirus-furlough-scheme-grants
2,london_eater_rest,02_london_eater_rest,4151,https://london.eater.com/22242093/when-will-coronavirus-furlough-scheme-end-rishi-sunak-budget-extension
2,london_eater_rest,02_london_eater_rest,4152,https://london.eater.com/22252056/rhubarb-seasonal-recipes-instagram
2,london_eater_rest,02_london_eater_rest,4153,https://london.eater.com/22255874/great-celebrity-bake-off-new-series-james-mcavoy
2,london_eater_rest,02_london_eater_rest,4154,https://london.eater.com/22263878/eu-shellfish-ban-export-british-fish-brexit
2,london_eater_rest,02_london_eater_rest,4155,https://london.eater.com/22263891/uk-vaccine-coronavirus-transmission-oxford-astra-zeneca-cases-falling
2,london_eater_rest,02_london_eater_rest,4156,https://london.eater.com/22263943/when-does-coronavirus-furlough-scheme-end-rishi-sunak-budget-2021-unemployment
2,london_eater_rest,02_london_eater_rest,4157,https://london.eater.com/22265957/valentines-day-2021-at-home-ideas-coronavirus-meal-kits
2,london_eater_rest,02_london_eater_rest,4158,https://london.eater.com/22274177/baked-beans-weetabix-brand-twitter-stunts
2,london_eater_rest,02_london_eater_rest,4159,https://london.eater.com/22277836/gold-leaf-sandwiches-london-mr-z-instagram
2,london_eater_rest,02_london_eater_rest,4160,https://london.eater.com/22279724/coronavirus-uk-news-update-rishi-sunak-budget-2021
2,london_eater_rest,02_london_eater_rest,4161,https://london.eater.com/22283737/when-will-coronavirus-lockdown-eviction-ban-end-england
2,london_eater_rest,02_london_eater_rest,4162,https://london.eater.com/22309303/when-coronavirus-furlough-scheme-pay-will-end-rishi-sunak-budget
2,london_eater_rest,02_london_eater_rest,4163,https://london.eater.com/22323197/rent-moratorium-extended-june-2021-england-eviction-rules-coronavirus
2,london_eater_rest,02_london_eater_rest,4164,https://london.eater.com/22331805/masterchef-2021-uk-gregg-wallace-john-torode
2,london_eater_rest,02_london_eater_rest,4165,https://london.eater.com/22359823/deliveroo-share-price-london-float-investors-riders-working-conditions
2,london_eater_rest,02_london_eater_rest,4166,https://london.eater.com/22361693/new-england-kit-world-cup-2022-qatar
2,london_eater_rest,02_london_eater_rest,4167,https://london.eater.com/22381512/when-is-masterchef-final-on-bbc-one
2,london_eater_rest,02_london_eater_rest,4168,https://london.eater.com/22381623/maxs-sandwich-shop-t-shirt-junywa-wanatabe-comme-des-garcons-st-john
2,london_eater_rest,02_london_eater_rest,4169,https://london.eater.com/22385302/colin-the-caterpillar-cake-marks-and-spencer-lawsuit-aldi-cuthbert-the-caterpillar
2,london_eater_rest,02_london_eater_rest,4170,https://london.eater.com/22440384/delta-indian-variant-coronavirus-cases-social-distancing-rules-19-july
2,london_eater_rest,02_london_eater_rest,4171,https://london.eater.com/22441720/99-flake-shortage-ice-cream-vans-england-mr-whippy
2,london_eater_rest,02_london_eater_rest,4172,https://london.eater.com/22450901/mark-sargeant-sexual-assault-allegations-american-airlines-texas
2,london_eater_rest,02_london_eater_rest,4173,https://london.eater.com/22523924/21-june-lockdown-restrictions-covid-roadmap-delay
2,london_eater_rest,02_london_eater_rest,4174,https://london.eater.com/22527460/brewdog-beer-open-letter-workplace-harassment-culture-james-watt-martin-dickie
2,london_eater_rest,02_london_eater_rest,4175,https://london.eater.com/22533070/june-21-restrictions-delay-covid-delta-variant-boris-johnson
2,london_eater_rest,02_london_eater_rest,4176,https://london.eater.com/22536965/nancy-silverton-pizzeria-mozza-london-treehouse-hotel
2,london_eater_rest,02_london_eater_rest,4177,https://london.eater.com/22546727/maldon-salt-sea-salt-design-history-uses
2,london_eater_rest,02_london_eater_rest,4178,https://london.eater.com/22554095/when-will-covid-19-lockdown-end-date-19-july-delta-variant
2,london_eater_rest,02_london_eater_rest,4179,https://london.eater.com/22563938/covid-restrictions-lifting-england-19-july-masks
2,london_eater_rest,02_london_eater_rest,4180,https://london.eater.com/22621483/celebrity-masterchef-2021-recap
2,london_eater_rest,02_london_eater_rest,4181,https://london.eater.com/22651888/save-latin-village-london-latinx-community-seven-sisters-victory
2,london_eater_rest,02_london_eater_rest,4182,https://london.eater.com/22660474/great-british-bake-off-2021-gbbo
2,london_eater_rest,02_london_eater_rest,4183,https://london.eater.com/22664426/yotam-ottolenghi-test-kitchen-recipes-youtube-cooking-videos
2,london_eater_rest,02_london_eater_rest,4184,https://london.eater.com/22673522/covid-winter-plan-boris-johnson-restrictions-lockdown
2,london_eater_rest,02_london_eater_rest,4185,https://london.eater.com/22679116/imperial-weights-measures-boris-johnson-brexit
2,london_eater_rest,02_london_eater_rest,4186,https://london.eater.com/22683591/great-british-bake-off-2021-trailer
2,london_eater_rest,02_london_eater_rest,4187,https://london.eater.com/22685802/great-british-bake-off-episode-recaps-2021
2,london_eater_rest,02_london_eater_rest,4188,https://london.eater.com/22687455/great-british-bake-off-cake-week-recap-gbbo
2,london_eater_rest,02_london_eater_rest,4189,https://london.eater.com/22699965/great-british-bake-off-biscuit-week-recap-gbbo
2,london_eater_rest,02_london_eater_rest,4190,https://london.eater.com/22712200/great-british-bake-off-bread-week-recap-gbbo
2,london_eater_rest,02_london_eater_rest,4191,https://london.eater.com/22720370/makan-cookbook-plagiarism-elizabeth-haigh-sharon-wee-nonya-kitchen
2,london_eater_rest,02_london_eater_rest,4192,https://london.eater.com/22723963/great-british-bake-off-dessert-week-recap-gbbo
2,london_eater_rest,02_london_eater_rest,4193,https://london.eater.com/22734164/tesco-no-checkout-supermarket-getgo-app-amazon
2,london_eater_rest,02_london_eater_rest,4194,https://london.eater.com/22736091/great-british-bake-off-german-week-recap-gbbo
2,london_eater_rest,02_london_eater_rest,4195,https://london.eater.com/22748251/great-british-bake-off-pastry-week-recap
2,london_eater_rest,02_london_eater_rest,4196,https://london.eater.com/22758935/popeyes-uk-menu-fried-chicken-vegan-burger
2,london_eater_rest,02_london_eater_rest,4197,https://london.eater.com/22761007/great-british-bake-off-caramel-week-recap
2,london_eater_rest,02_london_eater_rest,4198,https://london.eater.com/22774006/great-british-bake-off-free-from-week-recap
2,london_eater_rest,02_london_eater_rest,4199,https://london.eater.com/22786955/great-british-bake-off-patisserie-week-recap
2,london_eater_rest,02_london_eater_rest,4200,https://london.eater.com/22823799/wine-and-cheese-party-downing-street-covid-lockdown
2,london_eater_rest,02_london_eater_rest,4201,https://london.eater.com/22832282/justin-bieber-spotted-london-hailey-bieber
2,london_eater_rest,02_london_eater_rest,4202,https://london.eater.com/22876338/queen-platinum-pudding-recipe-jubilee-menu-mary-berry
2,london_eater_rest,02_london_eater_rest,4203,https://london.eater.com/22881621/come-dine-with-me-professionals-new-series-channel-4
2,london_eater_rest,02_london_eater_rest,4204,https://london.eater.com/22890951/boris-johnson-pork-pie-plot
2,london_eater_rest,02_london_eater_rest,4205,https://london.eater.com/22891189/plan-b-covid-restrictions-end-england
2,london_eater_rest,02_london_eater_rest,4206,https://london.eater.com/22894631/great-cookbook-challenge-jamie-oliver-tv-series-channel-4
2,london_eater_rest,02_london_eater_rest,4207,https://london.eater.com/22900854/boris-johnson-birthday-party-colin-caterpillar-cake-marks-spencer
2,london_eater_rest,02_london_eater_rest,4208,https://london.eater.com/22912019/jamie-oliver-great-cookbook-challenge-channel-4-episode-recap
2,london_eater_rest,02_london_eater_rest,4209,https://london.eater.com/22913949/colin-caterpillar-cake-marks-spencer-cuthbert-aldi-legal-dispute
2,london_eater_rest,02_london_eater_rest,4210,https://london.eater.com/22923280/jamie-oliver-great-cookbook-challenge-channel-4-episode-recap-2
2,london_eater_rest,02_london_eater_rest,4211,https://london.eater.com/22925315/cedric-grolet-berkeley-patisserie-menu-prices
2,london_eater_rest,02_london_eater_rest,4212,https://london.eater.com/22925492/boris-johnson-lockdown-parties-downing-street
2,london_eater_rest,02_london_eater_rest,4213,https://london.eater.com/22932924/young-masterchef-bbc-three
2,london_eater_rest,02_london_eater_rest,4214,https://london.eater.com/22934581/jamie-oliver-great-cookbook-challenge-channel-4-episode-recap-3
2,london_eater_rest,02_london_eater_rest,4215,https://london.eater.com/22940797/storm-eunice-london-damage-o2-arena-roof
2,london_eater_rest,02_london_eater_rest,4216,https://london.eater.com/22957879/jamie-oliver-great-cookbook-challenge-channel-4-episode-recaps
2,london_eater_rest,02_london_eater_rest,4217,https://london.eater.com/22966916/the-great-cookbook-challenge-with-jamie-oliver-episode-recap
2,london_eater_rest,02_london_eater_rest,4218,https://london.eater.com/22990689/killing-eve-season-4-sandra-oh-jodie-comer-sessions-arts-club-havana
2,london_eater_rest,02_london_eater_rest,4219,https://london.eater.com/22994278/hellmanns-gravy-mayo-new-range
2,london_eater_rest,02_london_eater_rest,4220,https://london.eater.com/22994305/masterchef-2022-uk
2,london_eater_rest,02_london_eater_rest,4221,https://london.eater.com/23035520/tim-hortons-london-menu-drive-thru-park-royal
2,london_eater_rest,02_london_eater_rest,4222,https://london.eater.com/23044506/kelloggs-breakfast-cereal-milk-suing-government-coco-pops-frosties
2,london_eater_rest,02_london_eater_rest,4223,https://london.eater.com/23059848/keir-starmer-beer-curry-covid-19-lockdown-investigation
2,london_eater_rest,02_london_eater_rest,4224,https://london.eater.com/23069141/deliveroo-riders-pay-workers-rights-unionisation
2,london_eater_rest,02_london_eater_rest,4225,https://london.eater.com/23144104/goila-butter-chicken-saransh-goila-london
2,london_eater_rest,02_london_eater_rest,4226,https://london.eater.com/23181458/wimbledon-tennis-robinsons-sponsorship
2,london_eater_rest,02_london_eater_rest,4227,https://london.eater.com/23198034/boris-johnson-resigns-conservative-leader-prime-minister
2,london_eater_rest,02_london_eater_rest,4228,https://london.eater.com/23203436/shake-shack-uk-buns-martins-potato-rolls-far-right-donations
2,london_eater_rest,02_london_eater_rest,4229,https://london.eater.com/23330818/great-british-bake-off-2022-release-date-gbbo
2,london_eater_rest,02_london_eater_rest,4230,https://london.eater.com/23337547/great-british-bake-off-2022-gbbo
2,london_eater_rest,02_london_eater_rest,4231,https://london.eater.com/23352562/great-british-bake-off-cake-week-series-13-recaps-gbbo
2,london_eater_rest,02_london_eater_rest,4232,https://london.eater.com/23364605/energy-bill-relief-scheme-business-plan-explained
2,london_eater_rest,02_london_eater_rest,4233,https://london.eater.com/23364706/great-british-bake-off-biscuit-week-series-13-recaps-gbbo
2,london_eater_rest,02_london_eater_rest,4234,https://london.eater.com/23392366/ian-wright-arsenal-england-footballer-willys-pies-hackney
2,london_eater_rest,02_london_eater_rest,4235,https://london.eater.com/23396480/great-british-bake-off-mexican-week-series-13-episode-recaps-gbbo
2,london_eater_rest,02_london_eater_rest,4236,https://london.eater.com/23402369/great-british-bake-off-dessert-week-series-13-episode-recaps-gbbo
2,london_eater_rest,02_london_eater_rest,4237,https://london.eater.com/23404208/liz-truss-u-turn-kwasi-kwarteng-politics-westminster-lettuce
2,london_eater_rest,02_london_eater_rest,4238,https://london.eater.com/23412379/great-british-bake-off-halloween-week-series-13-episode-recaps-gbbo
2,london_eater_rest,02_london_eater_rest,4239,https://london.eater.com/23414244/liz-truss-resigns-prime-minister-conservative-party
2,london_eater_rest,02_london_eater_rest,4240,https://london.eater.com/23424232/great-british-bake-off-custard-week-series-13-episode-recaps-gbbo
2,london_eater_rest,02_london_eater_rest,4241,https://london.eater.com/23424545/greggs-london-primark-sausage-rolls-expansion
2,london_eater_rest,02_london_eater_rest,4242,https://london.eater.com/23436417/great-british-bake-off-pastry-week-season-13-episode-recaps-gbbo
2,london_eater_rest,02_london_eater_rest,4243,https://london.eater.com/23448966/great-british-bake-off-patisserie-week-season-13-episode-recaps-gbbo
2,london_eater_rest,02_london_eater_rest,4244,https://london.eater.com/23462032/great-british-bake-off-winner-final-2022-gbbo-episode-recaps
2,london_eater_rest,02_london_eater_rest,4245,https://london.eater.com/23485870/panettone-christmas-london-history-recipe
2,london_eater_rest,02_london_eater_rest,4246,https://london.eater.com/23550192/boris-johnson-partygate-lockdown-inquiry
2,london_eater_rest,02_london_eater_rest,4247,https://london.eater.com/supermarkets-shopping-grocery-delivery-food
2,london_eater_rest,02_london_eater_rest,4248,https://london.eater.com/london-restaurant-chains
2,london_eater_rest,02_london_eater_rest,4249,https://london.eater.com/obituaries-london-chefs-restaurants
2,london_eater_rest,02_london_eater_rest,4250,https://london.eater.com/brexit-food-news
2,london_eater_rest,02_london_eater_rest,4251,https://london.eater.com/london-celebrities-spotted-restaurants
2,london_eater_rest,02_london_eater_rest,4252,https://london.eater.com/london-restaurant-controversy
2,london_eater_rest,02_london_eater_rest,4253,https://london.eater.com/london-restaurant-rumors
2,london_eater_rest,02_london_eater_rest,4254,https://london.eater.com/london-restaurants-instagram
2,london_eater_rest,02_london_eater_rest,4255,https://london.eater.com/restaurant-photos
2,london_eater_rest,02_london_eater_rest,4256,https://london.eater.com/uk-food-policy
2,london_eater_rest,02_london_eater_rest,4257,https://london.eater.com/ask-eater-london
2,london_eater_rest,02_london_eater_rest,4258,https://london.eater.com/cookbooks-uk
2,london_eater_rest,02_london_eater_rest,4259,https://london.eater.com/eater-archives
2,london_eater_rest,02_london_eater_rest,4260,https://london.eater.com/london-nightlife-news
2,london_eater_rest,02_london_eater_rest,4261,https://london.eater.com/neighborhood/2116/shoreditch
2,london_eater_rest,02_london_eater_rest,4262,https://london.eater.com/neighborhood/2117/soho
2,london_eater_rest,02_london_eater_rest,4263,https://london.eater.com/neighborhood/2118/king-s-cross
2,london_eater_rest,02_london_eater_rest,4264,https://london.eater.com/neighborhood/2119/brixton
2,london_eater_rest,02_london_eater_rest,4265,https://london.eater.com/neighborhood/2120/clerkenwell
2,london_eater_rest,02_london_eater_rest,4266,https://london.eater.com/neighborhood/2121/bloomsbury
2,london_eater_rest,02_london_eater_rest,4267,https://london.eater.com/neighborhood/2122/fitzrovia
2,london_eater_rest,02_london_eater_rest,4268,https://london.eater.com/neighborhood/2123/camden
2,london_eater_rest,02_london_eater_rest,4269,https://london.eater.com/neighborhood/2124/notting-hill
2,london_eater_rest,02_london_eater_rest,4270,https://london.eater.com/neighborhood/2125/hackney
2,london_eater_rest,02_london_eater_rest,4271,https://london.eater.com/neighborhood/2126/victoria
2,london_eater_rest,02_london_eater_rest,4272,https://london.eater.com/neighborhood/2127/mayfair
2,london_eater_rest,02_london_eater_rest,4273,https://london.eater.com/neighborhood/2128/clapham
2,london_eater_rest,02_london_eater_rest,4274,https://london.eater.com/neighborhood/2129/vauxhall
2,london_eater_rest,02_london_eater_rest,4275,https://london.eater.com/neighborhood/2130/southbank
2,london_eater_rest,02_london_eater_rest,4276,https://london.eater.com/neighborhood/2131/borough
2,london_eater_rest,02_london_eater_rest,4277,https://london.eater.com/neighborhood/2132/deptford
2,london_eater_rest,02_london_eater_rest,4278,https://london.eater.com/neighborhood/2133/woodford
2,london_eater_rest,02_london_eater_rest,4279,https://london.eater.com/neighborhood/2134/walthamstow
2,london_eater_rest,02_london_eater_rest,4280,https://london.eater.com/neighborhood/2135/leyton
2,london_eater_rest,02_london_eater_rest,4281,https://london.eater.com/neighborhood/2136/the-city
2,london_eater_rest,02_london_eater_rest,4282,https://london.eater.com/neighborhood/2137/angel
2,london_eater_rest,02_london_eater_rest,4283,https://london.eater.com/neighborhood/2138/dalston
2,london_eater_rest,02_london_eater_rest,4284,https://london.eater.com/neighborhood/2139/islington
2,london_eater_rest,02_london_eater_rest,4285,https://london.eater.com/neighborhood/2140/highbury
2,london_eater_rest,02_london_eater_rest,4286,https://london.eater.com/neighborhood/2141/hammersmith
2,london_eater_rest,02_london_eater_rest,4287,https://london.eater.com/neighborhood/2142/westminster
2,london_eater_rest,02_london_eater_rest,4288,https://london.eater.com/neighborhood/2143/tooting
2,london_eater_rest,02_london_eater_rest,4289,https://london.eater.com/neighborhood/2144/southall
2,london_eater_rest,02_london_eater_rest,4290,https://london.eater.com/neighborhood/2145/peckham
2,london_eater_rest,02_london_eater_rest,4291,https://london.eater.com/neighborhood/2146/new-malden
2,london_eater_rest,02_london_eater_rest,4292,https://london.eater.com/neighborhood/2147/canary-wharf
2,london_eater_rest,02_london_eater_rest,4293,https://london.eater.com/neighborhood/2148/kensington
2,london_eater_rest,02_london_eater_rest,4294,https://london.eater.com/neighborhood/2149/stoke-newington
2,london_eater_rest,02_london_eater_rest,4295,https://london.eater.com/neighborhood/2150/holloway
2,london_eater_rest,02_london_eater_rest,4296,https://london.eater.com/neighborhood/2151/east-dulwich
2,london_eater_rest,02_london_eater_rest,4297,https://london.eater.com/neighborhood/2152/battersea
2,london_eater_rest,02_london_eater_rest,4298,https://london.eater.com/neighborhood/2153/southwark
2,london_eater_rest,02_london_eater_rest,4299,https://london.eater.com/neighborhood/2193/enfield
2,london_eater_rest,02_london_eater_rest,4300,https://london.eater.com/neighborhood/2194/green-lanes
2,london_eater_rest,02_london_eater_rest,4301,https://london.eater.com/neighborhood/2196/covent-garden
2,london_eater_rest,02_london_eater_rest,4302,https://london.eater.com/neighborhood/2200/camberwell
2,london_eater_rest,02_london_eater_rest,4303,https://london.eater.com/neighborhood/2201/tottenham-court-road
2,london_eater_rest,02_london_eater_rest,4304,https://london.eater.com/neighborhood/2202/st-pauls
2,london_eater_rest,02_london_eater_rest,4305,https://london.eater.com/neighborhood/2210/holborn
2,london_eater_rest,02_london_eater_rest,4306,https://london.eater.com/neighborhood/2211/chinatown
2,london_eater_rest,02_london_eater_rest,4307,https://london.eater.com/neighborhood/2216/ealing-west-london
2,london_eater_rest,02_london_eater_rest,4308,https://london.eater.com/film-reviews
2,london_eater_rest,02_london_eater_rest,4309,https://london.eater.com/food-tv-uk
2,london_eater_rest,02_london_eater_rest,4310,https://london.eater.com/london-food-media
2,london_eater_rest,02_london_eater_rest,4311,https://london.eater.com/novelty-food
2,london_eater_rest,02_london_eater_rest,4312,https://london.eater.com/pop-culture-food
2,london_eater_rest,02_london_eater_rest,4313,https://london.eater.com/eater-talks-ace-hotel
2,london_eater_rest,02_london_eater_rest,4314,https://london.eater.com/general-election-2019
2,london_eater_rest,02_london_eater_rest,4315,https://london.eater.com/great-british-bake-off-gbbo
2,london_eater_rest,02_london_eater_rest,4316,https://london.eater.com/jamie-oliver
2,london_eater_rest,02_london_eater_rest,4317,https://london.eater.com/london-vs-nyc
2,london_eater_rest,02_london_eater_rest,4318,https://london.eater.com/masterchef
2,london_eater_rest,02_london_eater_rest,4319,https://london.eater.com/strategist-uk
2,london_eater_rest,02_london_eater_rest,4320,https://london.eater.com/uk-labour
2,london_eater_rest,02_london_eater_rest,4321,https://london.eater.com/welcome
2,london_eater_rest,02_london_eater_rest,4322,https://london.eater.com/best-airport-food-london
2,london_eater_rest,02_london_eater_rest,4323,https://london.eater.com/best-stadium-food-news
3,www_eater_rest,03_www_eater_rest,4324,https://www.eater.com/london
3,www_eater_rest,03_www_eater_rest,4325,https://www.eater.com/2015/7/30/9074527/london-supper-food-delivery-michelin-starred
3,www_eater_rest,03_www_eater_rest,4326,https://www.eater.com/23658826/michelin-guide-great-britain-ireland-restaurant-stars-london-2023
3,www_eater_rest,03_www_eater_rest,4327,https://www.eater.com/2015/6/25/8845279/3d-printing-cafes-coffee-shops-london-tokyo
3,www_eater_rest,03_www_eater_rest,4328,https://www.eater.com/2014/9/25/6843677/michelin-awards-stars-london-uk
3,www_eater_rest,03_www_eater_rest,4329,https://www.eater.com/2013/6/10/6422891/yo-sushi-unleashes-food-delivery-helicopter-in-london
3,www_eater_rest,03_www_eater_rest,4330,https://www.eater.com/2013/5/21/6431739/londons-best-dishes-recognizing-regulars
3,www_eater_rest,03_www_eater_rest,4331,https://www.eater.com/2012/2/21/6612189/london-chef-quits-calling-michelin-star-a-curse
3,www_eater_rest,03_www_eater_rest,4332,https://www.eater.com/2011/8/9/6664083/two-star-michelin-restaurant-in-london-looted-mid-service
3,www_eater_rest,03_www_eater_rest,4333,https://www.eater.com/23601598/michelin-starred-dim-sum-restaurant-london-signature-shanghai-dumpling
3,www_eater_rest,03_www_eater_rest,4334,https://www.eater.com/23634205/london-two-michelin-star-ikoyi-signature-plantain-dish
3,www_eater_rest,03_www_eater_rest,4335,https://www.eater.com/2017/10/2/16395756/michelin-stars-uk-ireland-great-britain-london
3,www_eater_rest,03_www_eater_rest,4336,https://www.eater.com/2017/3/30/15095448/bibendum-london-michelin-stars-claude-bosi-photos
3,www_eater_rest,03_www_eater_rest,4337,https://www.eater.com/2017/2/9/14493112/best-classic-british-food-restaurants-london-fish-and-chips-sticky-toffee-pudding
3,www_eater_rest,03_www_eater_rest,4338,https://www.eater.com/2015/10/9/9488669/baller-london-apartments-burger-delivery-bedroom
3,www_eater_rest,03_www_eater_rest,4339,https://www.eater.com/2014/3/11/6266655/chef-james-lowe-on-london-dining-and-his-new-restaurant-lyles
3,www_eater_rest,03_www_eater_rest,4340,https://www.eater.com/2013/10/3/6360631/how-did-gordon-ramsay-at-the-london-in-nyc-lose-its-michelin-stars
3,www_eater_rest,03_www_eater_rest,4341,https://www.eater.com/2013/9/5/6376135/watch-a-behind-the-scenes-look-at-londons-two-michelin-starred-the
3,www_eater_rest,03_www_eater_rest,4342,https://www.eater.com/2013/3/22/6463133/best-london-restaurants-bill-gates-on-food-innovation
3,www_eater_rest,03_www_eater_rest,4343,https://www.eater.com/2010/8/27/6721369/whole-grain-chef-boyardee-pop-ups-in-london
3,www_eater_rest,03_www_eater_rest,4344,https://www.eater.com/2018/5/1/17301370/best-tacos-restaurants-north-america-montreal-london
3,www_eater_rest,03_www_eater_rest,4345,https://www.eater.com/2017/7/26/16033932/istanbul-restaurant-london-kebabs-dining-on-a-dime-video
3,www_eater_rest,03_www_eater_rest,4346,https://www.eater.com/2017/6/11/15773626/london-paris-restaurant-food-news
3,www_eater_rest,03_www_eater_rest,4347,https://www.eater.com/2017/4/14/15265552/london-coffee-bar-italia-little-gems
3,www_eater_rest,03_www_eater_rest,4348,https://www.eater.com/2016/4/18/11454530/dominique-ansel-bakery-london-opening-date
3,www_eater_rest,03_www_eater_rest,4349,https://www.eater.com/2015/7/17/8989273/twin-peaks-pop-up-restaurant-london-pie-coffee-david-lynch-doughnuts
3,www_eater_rest,03_www_eater_rest,4350,https://www.eater.com/2015/1/28/7928611/chef-yotam-ottolenghi-fourth-restaurant-london-cookbook
3,www_eater_rest,03_www_eater_rest,4351,https://www.eater.com/2014/10/13/6971891/london-considers-ban-on-fast-food-restaurants-near-schools
3,www_eater_rest,03_www_eater_rest,4352,https://www.eater.com/2014/9/17/6574861/london-pop-up-restaurant-only-serves-canned-food
3,www_eater_rest,03_www_eater_rest,4353,https://www.eater.com/2013/8/23/6382119/the-london-cronut-guide-the-worst-people-in-every-bar
3,www_eater_rest,03_www_eater_rest,4354,https://www.eater.com/2013/8/12/6388079/gordon-ramsay-opening-two-london-restaurants-amidst-tax-fraud
3,www_eater_rest,03_www_eater_rest,4355,https://www.eater.com/2013/7/18/6399837/londons-crime-scene-bar-brussels-restaurant-festival
3,www_eater_rest,03_www_eater_rest,4356,https://www.eater.com/2012/9/29/6540415/top-chef-masters-winner-g9-chefs-meet-in-tokyo-balthazar-london-and
3,www_eater_rest,03_www_eater_rest,4357,https://www.eater.com/2012/7/31/6560025/olympic-ghost-town-hits-london-restaurants-sky-chefs
3,www_eater_rest,03_www_eater_rest,4358,https://www.eater.com/2012/6/12/6578373/allergy-free-dining-london-restaurants-busy-summer
3,www_eater_rest,03_www_eater_rest,4359,https://www.eater.com/2011/12/13/6630005/saving-londons-pubs-google-buys-a-restaurant-app
3,www_eater_rest,03_www_eater_rest,4360,https://www.eater.com/2011/8/9/6663845/restaurants-closed-for-london-riots-deadly-fast-food
3,www_eater_rest,03_www_eater_rest,4361,https://www.eater.com/2010/12/14/6706283/the-new-hungry-chefs-favorite-london-restaurants
3,www_eater_rest,03_www_eater_rest,4362,https://www.eater.com/2010/9/1/6720845/londons-best-and-worst-restaurants
3,www_eater_rest,03_www_eater_rest,4363,https://www.eater.com/23553369/best-dressed-london-what-to-wear-to-hot-pot-chinese-food-house
3,www_eater_rest,03_www_eater_rest,4364,https://www.eater.com/2019/9/27/20887036/st-john-restaurant-los-angeles-move-london
3,www_eater_rest,03_www_eater_rest,4365,https://www.eater.com/2018/10/4/17924886/supper-clubs-london-indian-cooking-asma-khan-immigrant-chefs
3,www_eater_rest,03_www_eater_rest,4366,https://www.eater.com/2018/6/14/17462282/nancy-silverton-mozza-restaurant-expansion-new-york-city-london
3,www_eater_rest,03_www_eater_rest,4367,https://www.eater.com/2018/4/23/17270616/best-rooftops-patios-united-states-london
3,www_eater_rest,03_www_eater_rest,4368,https://www.eater.com/2017/6/9/15761886/london-borough-market-restaurants
3,www_eater_rest,03_www_eater_rest,4369,https://www.eater.com/2017/5/31/15718938/clare-smyth-london-restaurant-core
3,www_eater_rest,03_www_eater_rest,4370,https://www.eater.com/2017/1/27/14420074/anne-sophie-pic-london-restaurant-le-dame-de-pic-open-photos
3,www_eater_rest,03_www_eater_rest,4371,https://www.eater.com/2017/1/24/14361400/salt-bae-meme-restaurant-new-york-london
3,www_eater_rest,03_www_eater_rest,4372,https://www.eater.com/2017/1/12/14256476/wasted-pop-up-london-dan-barber-food-waste
3,www_eater_rest,03_www_eater_rest,4373,https://www.eater.com/2016/12/6/13853898/anne-sophie-pic-la-dame-de-pic-london-restaurant
3,www_eater_rest,03_www_eater_rest,4374,https://www.eater.com/2016/10/20/13345504/streetxo-london-opening-date
3,www_eater_rest,03_www_eater_rest,4375,https://www.eater.com/2016/10/17/13309206/naked-restaurant-bunyadi-london-returns
3,www_eater_rest,03_www_eater_rest,4376,https://www.eater.com/2016/9/28/13079738/dominique-ansel-london-bakery-photos
3,www_eater_rest,03_www_eater_rest,4377,https://www.eater.com/2016/8/26/12586842/london-night-tube-restaurants
3,www_eater_rest,03_www_eater_rest,4378,https://www.eater.com/2016/8/17/12508518/brexit-london-restaurants-immigration-united-kingdom
3,www_eater_rest,03_www_eater_rest,4379,https://www.eater.com/2016/8/2/12362918/london-restaurants-insects-protest-immigration
3,www_eater_rest,03_www_eater_rest,4380,https://www.eater.com/2016/6/28/12050360/dominique-ansel-london-bakery
3,www_eater_rest,03_www_eater_rest,4381,https://www.eater.com/2016/6/20/11966994/naked-restaurant-london
3,www_eater_rest,03_www_eater_rest,4382,https://www.eater.com/2016/6/20/11982540/nude-pop-up-london-reviews
3,www_eater_rest,03_www_eater_rest,4383,https://www.eater.com/2016/5/26/11784254/bunny-rabbit-cafe-london-cute
3,www_eater_rest,03_www_eater_rest,4384,https://www.eater.com/2016/5/5/11596074/dogs-beer-london-kronenbourg-bar
3,www_eater_rest,03_www_eater_rest,4385,https://www.eater.com/2016/4/19/11459740/naked-pop-up-restaurant-bunyadi-london
3,www_eater_rest,03_www_eater_rest,4386,https://www.eater.com/2016/4/16/11444370/dog-brunch-london-pop-up-restaurant
3,www_eater_rest,03_www_eater_rest,4387,https://www.eater.com/2016/3/28/11317658/restaurant-racial-slur-receipt-london
3,www_eater_rest,03_www_eater_rest,4388,https://www.eater.com/2016/2/29/11132972/starbucks-italy-london-dessert-only-restaurant
3,www_eater_rest,03_www_eater_rest,4389,https://www.eater.com/2016/2/15/11003890/pharmacy2-restaurant-london-damien-hirst
3,www_eater_rest,03_www_eater_rest,4390,https://www.eater.com/2016/1/19/10790088/dominique-ansel-london-bakery-expansion
3,www_eater_rest,03_www_eater_rest,4391,https://www.eater.com/2016/1/19/10791760/london-burger-restaurant-ad-vegetarians-offended
3,www_eater_rest,03_www_eater_rest,4392,https://www.eater.com/2016/1/17/10783158/cadbury-creme-egg-cafe-pop-up-london
3,www_eater_rest,03_www_eater_rest,4393,https://www.eater.com/2016/1/6/10723252/london-restaurants-prefer-pretty-diners
3,www_eater_rest,03_www_eater_rest,4394,https://www.eater.com/2015/12/30/10688352/strut-cluck-london-turkey-only-restaurant
3,www_eater_rest,03_www_eater_rest,4395,https://www.eater.com/2015/10/22/9595972/london-coffee-shop-fuckoffee-offensive-name-change
3,www_eater_rest,03_www_eater_rest,4396,https://www.eater.com/2015/10/19/9567035/ihop-boob-joke-twitter-ferran-adria-london-restaurant-heston-blumenthal
3,www_eater_rest,03_www_eater_rest,4397,https://www.eater.com/2015/10/12/9509439/london-bartenders-build-bar-in-24-hours
3,www_eater_rest,03_www_eater_rest,4398,https://www.eater.com/2015/9/28/9410299/bradley-cooper-chef-film-burnt-london-darth-vader-official-trailer
3,www_eater_rest,03_www_eater_rest,4399,https://www.eater.com/2015/9/27/9405113/cereal-killer-cafe-gentrification-protest-london
3,www_eater_rest,03_www_eater_rest,4400,https://www.eater.com/2015/8/25/9206289/london-gatwick-airport-mood-enhancing-meals
3,www_eater_rest,03_www_eater_rest,4401,https://www.eater.com/2015/8/13/9149551/taco-bell-hires-young-people-london-friends-coffee
3,www_eater_rest,03_www_eater_rest,4402,https://www.eater.com/2015/6/26/8852423/worlds-ugliest-animal-blobfish-cafe-london
3,www_eater_rest,03_www_eater_rest,4403,https://www.eater.com/2015/6/8/8745689/london-breaking-bad-pop-up-rv-bar-sold-out-in-three-days
3,www_eater_rest,03_www_eater_rest,4404,https://www.eater.com/2015/6/1/8699733/london-worlds-50-best-move-to-new-york-massimo-botturas
3,www_eater_rest,03_www_eater_rest,4405,https://www.eater.com/2015/5/20/8631645/breaking-bad-bar-london-rv-cocktails-meth-pop-up
3,www_eater_rest,03_www_eater_rest,4406,https://www.eater.com/2015/5/14/8606469/3d-printed-food-pop-up-london
3,www_eater_rest,03_www_eater_rest,4407,https://www.eater.com/2015/5/6/8561841/london-gay-bar-allegedly-boots-gay-couple-for-kissing
3,www_eater_rest,03_www_eater_rest,4408,https://www.eater.com/2015/4/27/8502721/london-savoy-grill-first-female-head-chef-kim-woodward-gordon-ramsay
3,www_eater_rest,03_www_eater_rest,4409,https://www.eater.com/2015/4/27/8504071/jay-rayner-jinjuu-review-judy-joo-gordon-ramsay-holdings-london
3,www_eater_rest,03_www_eater_rest,4410,https://www.eater.com/2015/4/20/8457099/london-restaurant-caught-illegal-shark-fin-soup-royal-china-club
3,www_eater_rest,03_www_eater_rest,4411,https://www.eater.com/2015/4/10/8381765/london-chef-yotam-ottolenghi-no-expansion-plans-america
3,www_eater_rest,03_www_eater_rest,4412,https://www.eater.com/2015/4/7/8367477/members-only-coffee-shop-launches-in-london-marcus-samuelsson-opens
3,www_eater_rest,03_www_eater_rest,4413,https://www.eater.com/2015/3/10/8187045/yelp-pignic-cafe-pop-up-london-piglet-adopt
3,www_eater_rest,03_www_eater_rest,4414,https://www.eater.com/2015/3/3/8143763/truffles-restaurant-harrods-tartufi-friends-london-england
3,www_eater_rest,03_www_eater_rest,4415,https://www.eater.com/2015/2/25/8110529/londons-journalists-need-to-drink-more-to-keep-this-iconic-restaurant
3,www_eater_rest,03_www_eater_rest,4416,https://www.eater.com/2015/2/24/8103587/12-weird-pop-up-restaurant-london-ranked
3,www_eater_rest,03_www_eater_rest,4417,https://www.eater.com/2015/2/23/8094171/pop-up-bar-featuring-live-owls-sets-up-shop-in-london
3,www_eater_rest,03_www_eater_rest,4418,https://www.eater.com/2015/2/4/7977549/game-of-thrones-restaurant-pop-up-london
3,www_eater_rest,03_www_eater_rest,4419,https://www.eater.com/2015/1/26/7917341/oldest-restaurant-london-shutter-savoy-hotel
3,www_eater_rest,03_www_eater_rest,4420,https://www.eater.com/2015/1/14/7548533/watch-hotshot-london-chef-ollie-dabbous-talk-success-and-simplicity
3,www_eater_rest,03_www_eater_rest,4421,https://www.eater.com/2014/12/9/7359895/first-paleo-restaurant-opens-london
3,www_eater_rest,03_www_eater_rest,4422,https://www.eater.com/2014/11/14/7220211/con-artists-swindle-over-17000-of-wine-from-london-restaurant
3,www_eater_rest,03_www_eater_rest,4423,https://www.eater.com/2014/9/18/6574267/san-franciscos-tartine-bakery-might-invade-london-next
3,www_eater_rest,03_www_eater_rest,4424,https://www.eater.com/2014/8/14/6170397/ramen-chain-ippudo-expanding-to-london
3,www_eater_rest,03_www_eater_rest,4425,https://www.eater.com/2014/7/14/6187735/week-in-reviews-london-edition
3,www_eater_rest,03_www_eater_rest,4426,https://www.eater.com/2014/6/2/6214583/mast-brothers-chocolate-opening-london-factory
3,www_eater_rest,03_www_eater_rest,4427,https://www.eater.com/2014/5/14/6224233/bourbons-price-spike-nobu-hotel-opening-in-london
3,www_eater_rest,03_www_eater_rest,4428,https://www.eater.com/2014/4/24/6236073/amsterdams-solo-diner-cafe-expanding-to-london-berlin-united-states
3,www_eater_rest,03_www_eater_rest,4429,https://www.eater.com/2014/4/23/6237611/inside-lyles-opening-next-week-in-east-london
3,www_eater_rest,03_www_eater_rest,4430,https://www.eater.com/2014/3/27/6254385/gordon-ramsay-buys-london-restaurant-where-he-got-his-start-for-2m
3,www_eater_rest,03_www_eater_rest,4431,https://www.eater.com/2014/3/19/6259571/while-sf-bans-e-cigarettes-a-vaping-coffee-shop-opens-in-london
3,www_eater_rest,03_www_eater_rest,4432,https://www.eater.com/2014/2/12/6280845/week-in-reviews-london
3,www_eater_rest,03_www_eater_rest,4433,https://www.eater.com/2014/2/3/6287241/heston-blumenthals-london-restaurant-dinner-shut-down-over-norovirus
3,www_eater_rest,03_www_eater_rest,4434,https://www.eater.com/2014/1/28/6289985/chef-sues-gordon-ramsay-at-the-london-over-severe-burger-injury
3,www_eater_rest,03_www_eater_rest,4435,https://www.eater.com/2014/1/10/6299149/london-cafe-charges-customers-by-the-minute
3,www_eater_rest,03_www_eater_rest,4436,https://www.eater.com/2013/12/27/6307035/taco-bells-online-store-brooklyn-bowls-london-opening
3,www_eater_rest,03_www_eater_rest,4437,https://www.eater.com/2013/11/4/6337511/week-in-reviews-london-edition
3,www_eater_rest,03_www_eater_rest,4438,https://www.eater.com/2013/10/28/6344477/week-in-reviews-london-edition
3,www_eater_rest,03_www_eater_rest,4439,https://www.eater.com/2013/10/22/6348139/week-in-reviews-london-edition
3,www_eater_rest,03_www_eater_rest,4440,https://www.eater.com/2013/10/7/6357717/week-in-reviews-london-edition
3,www_eater_rest,03_www_eater_rest,4441,https://www.eater.com/2013/9/23/6366701/week-in-reviews-london-edition
3,www_eater_rest,03_www_eater_rest,4442,https://www.eater.com/2013/9/16/6371185/watch-a-timelapse-of-ramsays-new-london-restaurant
3,www_eater_rest,03_www_eater_rest,4443,https://www.eater.com/2013/9/13/6371947/7-eleven-tries-healthy-a-cat-cafe-in-london
3,www_eater_rest,03_www_eater_rest,4444,https://www.eater.com/2013/9/11/6373257/beckham-out-of-ramsays-union-street-cafe-in-london
3,www_eater_rest,03_www_eater_rest,4445,https://www.eater.com/2013/8/26/6381879/week-in-reviews-london-edition
3,www_eater_rest,03_www_eater_rest,4446,https://www.eater.com/2013/8/19/6385147/week-in-reviews-london-edition
3,www_eater_rest,03_www_eater_rest,4447,https://www.eater.com/2013/8/8/6389287/michael-whites-chop-shop-in-london-opening-today
3,www_eater_rest,03_www_eater_rest,4448,https://www.eater.com/2013/8/5/6390845/american-food-in-london
3,www_eater_rest,03_www_eater_rest,4449,https://www.eater.com/2013/7/5/6409651/scenes-from-the-london-shake-shack-opening
3,www_eater_rest,03_www_eater_rest,4450,https://www.eater.com/2013/7/5/6409653/shake-shack-london-opening
3,www_eater_rest,03_www_eater_rest,4451,https://www.eater.com/2013/7/3/6409925/inside-shake-shack-london-opening-friday
3,www_eater_rest,03_www_eater_rest,4452,https://www.eater.com/2013/6/26/6414121/week-in-reviews-stk-london
3,www_eater_rest,03_www_eater_rest,4453,https://www.eater.com/2013/5/30/6427577/the-guardian-opens-an-actual-coffee-shop-in-london
3,www_eater_rest,03_www_eater_rest,4454,https://www.eater.com/2013/4/15/6450203/week-in-reviews-london-edition
3,www_eater_rest,03_www_eater_rest,4455,https://www.eater.com/2013/3/18/6465613/giles-coren-blasts-balthazar-london-calls-it-the-worst-food-in-europe
3,www_eater_rest,03_www_eater_rest,4456,https://www.eater.com/2013/2/22/6476617/london-a-culinary-capital-seattles-spiciest-dishes
3,www_eater_rest,03_www_eater_rest,4457,https://www.eater.com/2012/12/27/6502745/spanish-ramsay-scoring-big-top-london-restaurants
3,www_eater_rest,03_www_eater_rest,4458,https://www.eater.com/2012/12/10/6510091/london-bar-raided-over-illegal-whale-infused-cocktail
3,www_eater_rest,03_www_eater_rest,4459,https://www.eater.com/2012/12/4/6512927/arzak-to-open-a-restaurant-in-londons-halkin-hotel
3,www_eater_rest,03_www_eater_rest,4460,https://www.eater.com/2012/11/19/6520349/week-in-reviews-london-edition
3,www_eater_rest,03_www_eater_rest,4461,https://www.eater.com/2012/10/25/6531349/chef-david-mcintyre-on-cuts-first-year-in-london
3,www_eater_rest,03_www_eater_rest,4462,https://www.eater.com/2012/9/14/6545303/heres-a-photo-of-a-bus-crashed-into-a-london-restaurant
3,www_eater_rest,03_www_eater_rest,4463,https://www.eater.com/2012/8/10/6556503/young-turks-isaac-mchale-announces-his-upcoming-london-restaurant-the
3,www_eater_rest,03_www_eater_rest,4464,https://www.eater.com/2012/8/9/6556883/watch-a-chef-fight-off-london-rioters-with-a-rolling-pin
3,www_eater_rest,03_www_eater_rest,4465,https://www.eater.com/2012/6/29/6569493/jamie-oliver-opening-hybrid-jamies-italian-union-jacks-at-londons
3,www_eater_rest,03_www_eater_rest,4466,https://www.eater.com/2012/6/22/6571581/london-restaurant-installs-damien-hirsts-formaldehyde-preserved-cock
3,www_eater_rest,03_www_eater_rest,4467,https://www.eater.com/2012/6/22/6571583/london-restaurant-installs-damien-hirsts-formaldehyde-preserved-cock
3,www_eater_rest,03_www_eater_rest,4468,https://www.eater.com/2012/5/14/6586783/stop-impersonating-london-food-critic-jay-rayner-updated-with
3,www_eater_rest,03_www_eater_rest,4469,https://www.eater.com/2012/4/30/6591613/ferran-adria-plans-to-open-cocktail-bar-in-london
3,www_eater_rest,03_www_eater_rest,4470,https://www.eater.com/2012/2/14/6613753/inside-jamie-olivers-new-london-restaurant-union-jacks
3,www_eater_rest,03_www_eater_rest,4471,https://www.eater.com/2011/9/15/6650475/looting-didnt-hurt-london-restaurant-sales
3,www_eater_rest,03_www_eater_rest,4472,https://www.eater.com/2011/8/17/6659619/london-restaurant-prices-jump-11-a-plant-growing-paradise
3,www_eater_rest,03_www_eater_rest,4473,https://www.eater.com/2011/8/13/6660277/deep-fried-butter-london-restaurant-fights-rioters-more
3,www_eater_rest,03_www_eater_rest,4474,https://www.eater.com/2011/8/13/6663599/deep-fried-butter-london-restaurant-fights-rioters-more
3,www_eater_rest,03_www_eater_rest,4475,https://www.eater.com/2011/1/18/6701283/vongerichten-opening-spice-market-london
3,www_eater_rest,03_www_eater_rest,4476,https://www.eater.com/2011/1/14/6701817/keith-mcnally-opening-balthazar-london
3,www_eater_rest,03_www_eater_rest,4477,https://www.eater.com/2010/7/12/6726869/london-has-the-worst-food
3,www_eater_rest,03_www_eater_rest,4478,https://www.eater.com/2010/6/25/6728555/wine-vending-machines-the-london-restaurant-revolution
3,www_eater_rest,03_www_eater_rest,4479,https://www.eater.com/2010/6/8/6730683/london-eye-to-become-aerial-spinning-pop-up-restaurant
3,www_eater_rest,03_www_eater_rest,4480,https://www.eater.com/2010/1/21/6746259/wolfgang-puck-eyes-london-restaurant-endorses-virgin
3,www_eater_rest,03_www_eater_rest,4481,https://www.eater.com/2009/11/9/6753877/pierre-gagnaire-plans-a-cardboard-cafe-at-london-museum
3,www_eater_rest,03_www_eater_rest,4482,https://www.eater.com/2018/11/7/18068926/nobu-sushi-obsession-nyc-london-video
3,www_eater_rest,03_www_eater_rest,4483,https://www.eater.com/2018/8/14/17689712/double-drown-lobster-bacon-cheese-sandwich-london
3,www_eater_rest,03_www_eater_rest,4484,https://www.eater.com/2018/8/7/17661188/burger-king-toto-on-repeat-london
3,www_eater_rest,03_www_eater_rest,4485,https://www.eater.com/2017/8/2/16080140/core-by-clare-smyth-london-open-menu-photos
3,www_eater_rest,03_www_eater_rest,4486,https://www.eater.com/2017/7/24/16019444/hawksmoor-london-meat-show-video
3,www_eater_rest,03_www_eater_rest,4487,https://www.eater.com/2017/7/21/16008208/jean-georges-vongerichten-the-connaught-london-pizza
3,www_eater_rest,03_www_eater_rest,4488,https://www.eater.com/2017/7/11/15948512/introducing-eater-london
3,www_eater_rest,03_www_eater_rest,4489,https://www.eater.com/2017/7/6/15925550/eater-london-newsletter
3,www_eater_rest,03_www_eater_rest,4490,https://www.eater.com/2017/6/12/15782954/london-borough-market-reopening-june-14
3,www_eater_rest,03_www_eater_rest,4491,https://www.eater.com/2017/5/26/15697650/marcus-samuelsson-red-rooster-london-shoreditch-open
3,www_eater_rest,03_www_eater_rest,4492,https://www.eater.com/2016/12/16/13981436/organic-kitchen-london-bans-kids-controversy
3,www_eater_rest,03_www_eater_rest,4493,https://www.eater.com/2016/10/25/13402046/jean-georges-vongerichten-london-connaught-hotel
3,www_eater_rest,03_www_eater_rest,4494,https://www.eater.com/2016/10/23/13371544/anthony-bourdain-parts-unknown-london-recap
3,www_eater_rest,03_www_eater_rest,4495,https://www.eater.com/2016/9/30/13122054/dominique-ansel-london-open-cronuts
3,www_eater_rest,03_www_eater_rest,4496,https://www.eater.com/2016/9/26/13058518/london-nude-nightclub
3,www_eater_rest,03_www_eater_rest,4497,https://www.eater.com/2016/9/22/13020438/street-xo-london-david-munoz
3,www_eater_rest,03_www_eater_rest,4498,https://www.eater.com/2016/9/21/13001896/in-n-out-london-pop-up
3,www_eater_rest,03_www_eater_rest,4499,https://www.eater.com/2016/9/16/12940284/in-n-out-london-camden-pop-up
3,www_eater_rest,03_www_eater_rest,4500,https://www.eater.com/2016/7/15/12203734/all-emoji-menu-london
3,www_eater_rest,03_www_eater_rest,4501,https://www.eater.com/2016/6/21/11988312/kelis-lebun-burger-pop-up-london
3,www_eater_rest,03_www_eater_rest,4502,https://www.eater.com/2016/6/16/11952814/ubereats-london-craft-beer-benefit-orlando
3,www_eater_rest,03_www_eater_rest,4503,https://www.eater.com/2016/5/10/11648766/london-telephone-booth-spiers-salad
3,www_eater_rest,03_www_eater_rest,4504,https://www.eater.com/2016/4/25/11501502/star-wars-pop-up-london
3,www_eater_rest,03_www_eater_rest,4505,https://www.eater.com/2016/2/10/10961664/london-man-ate-46-mcdonalds-one-day-video
3,www_eater_rest,03_www_eater_rest,4506,https://www.eater.com/2016/1/22/10815524/mark-walberg-burger-london
3,www_eater_rest,03_www_eater_rest,4507,https://www.eater.com/2015/10/6/9465759/help-wanted-eater-london-mexico-city
3,www_eater_rest,03_www_eater_rest,4508,https://www.eater.com/2015/9/30/9422821/harry-potter-hogwarts-christmas-feast-london-warner-bros-muggles
3,www_eater_rest,03_www_eater_rest,4509,https://www.eater.com/2015/9/24/9392633/found-grocery-lists-cookbook-a-la-cart-london
3,www_eater_rest,03_www_eater_rest,4510,https://www.eater.com/2015/9/23/9383855/gordon-ramsay-hong-kong-london-house-asia-expansion
3,www_eater_rest,03_www_eater_rest,4511,https://www.eater.com/2015/8/12/9137755/pyt-burgers-london
3,www_eater_rest,03_www_eater_rest,4512,https://www.eater.com/2015/8/9/9123451/alcoholic-architecture-bompas-parr-london-cocktail-pop-up
3,www_eater_rest,03_www_eater_rest,4513,https://www.eater.com/2015/7/31/9079323/les-110-des-taillevent-london-brasserie
3,www_eater_rest,03_www_eater_rest,4514,https://www.eater.com/2015/7/6/8902439/elementary-school-pop-up-london
3,www_eater_rest,03_www_eater_rest,4515,https://www.eater.com/2015/6/24/8840009/smith-wollensky-london-steakhouse-expansion-steakhouse
3,www_eater_rest,03_www_eater_rest,4516,https://www.eater.com/2015/5/28/8681751/londons-weed-themed-pop-up-cannabistro-serves-no-real-weed
3,www_eater_rest,03_www_eater_rest,4517,https://www.eater.com/2015/5/11/8587635/90s-brit-band-blur-making-its-own-ice-cream-lickators-london
3,www_eater_rest,03_www_eater_rest,4518,https://www.eater.com/2015/5/7/8564963/shake-shack-second-uk-london-location-stratford-city
3,www_eater_rest,03_www_eater_rest,4519,https://www.eater.com/2015/4/24/8491303/breast-milk-ice-cream-london-the-lickators-royal-baby
3,www_eater_rest,03_www_eater_rest,4520,https://www.eater.com/2015/4/9/8376625/gordon-ramsay-third-maze-grill-chelsea-london-steak-sushi-expansions
3,www_eater_rest,03_www_eater_rest,4521,https://www.eater.com/2015/4/2/8337953/pie-and-mash-london-documentary
3,www_eater_rest,03_www_eater_rest,4522,https://www.eater.com/2015/2/16/8045863/mast-brothers-chocolate-london-shoreditch-now-open
3,www_eater_rest,03_www_eater_rest,4523,https://www.eater.com/2015/2/12/8027105/new-pop-up-pizza-on-double-decker-bus-london
3,www_eater_rest,03_www_eater_rest,4524,https://www.eater.com/2015/1/16/7558277/gamble-free-meal-poker-pop-up-london-uk
3,www_eater_rest,03_www_eater_rest,4525,https://www.eater.com/2014/12/15/7384607/first-look-london-ollie-dabbous-cookbook
3,www_eater_rest,03_www_eater_rest,4526,https://www.eater.com/2014/11/25/7280389/paris-lauded-le-chateaubriand-expands-to-london-with-le-chabanais
3,www_eater_rest,03_www_eater_rest,4527,https://www.eater.com/2014/11/10/7189895/paris-icon-taillevent-expanding-its-brasserie-concept-to-london
3,www_eater_rest,03_www_eater_rest,4528,https://www.eater.com/2014/10/30/7133835/jamie-oliver-shutters-two-of-his-london-cooking-schools
3,www_eater_rest,03_www_eater_rest,4529,https://www.eater.com/2014/10/15/6926263/fergus-henderson-roast-bone-marrow-st-john-london
3,www_eater_rest,03_www_eater_rest,4530,https://www.eater.com/2014/9/26/6849661/gordon-ramsay-expansion-asia-china-london
3,www_eater_rest,03_www_eater_rest,4531,https://www.eater.com/2014/7/11/6196141/meat-fruit-at-dinner-by-heston-blumenthal-in-london
3,www_eater_rest,03_www_eater_rest,4532,https://www.eater.com/2014/4/23/6237613/lyles-london
3,www_eater_rest,03_www_eater_rest,4533,https://www.eater.com/2014/2/24/6274207/london-wire
3,www_eater_rest,03_www_eater_rest,4534,https://www.eater.com/2014/1/31/6297059/balthazar-london-vs-nyc-a-first-hand-comparison
3,www_eater_rest,03_www_eater_rest,4535,https://www.eater.com/2013/12/23/6308681/niklas-ekstedt-on-stone-age-technology-and-his-new-london-project
3,www_eater_rest,03_www_eater_rest,4536,https://www.eater.com/2013/11/15/6328541/london-wire
3,www_eater_rest,03_www_eater_rest,4537,https://www.eater.com/2013/11/15/6328603/london-wire
3,www_eater_rest,03_www_eater_rest,4538,https://www.eater.com/2013/10/10/6357703/tony-fleming-on-one-year-one-star-at-angler-in-london
3,www_eater_rest,03_www_eater_rest,4539,https://www.eater.com/2013/8/8/6389289/chop-shop-london
3,www_eater_rest,03_www_eater_rest,4540,https://www.eater.com/2013/7/31/6393797/ferran-adrias-elbulli-exhibit-in-london-now-on-groupon
3,www_eater_rest,03_www_eater_rest,4541,https://www.eater.com/2013/7/19/6399511/the-early-word-on-shake-shacks-first-london-location
3,www_eater_rest,03_www_eater_rest,4542,https://www.eater.com/2013/7/11/6404987/london-burger-wars
3,www_eater_rest,03_www_eater_rest,4543,https://www.eater.com/2013/7/11/6405787/a-booze-free-meat-free-gastrobar-is-coming-to-london
3,www_eater_rest,03_www_eater_rest,4544,https://www.eater.com/2013/7/9/6408455/look-inside-ferran-adrias-new-elbulli-exhibit-in-london
3,www_eater_rest,03_www_eater_rest,4545,https://www.eater.com/2013/7/3/6409927/shake-shack-london
3,www_eater_rest,03_www_eater_rest,4546,https://www.eater.com/2013/6/24/6416001/london-burger-wars-is-wine-tasting-junk-science
3,www_eater_rest,03_www_eater_rest,4547,https://www.eater.com/2013/5/8/6437403/arrested-development-to-bring-a-real-bluths-banana-stand-to-london-la
3,www_eater_rest,03_www_eater_rest,4548,https://www.eater.com/2013/4/30/6441683/fuchsia-dunlop-on-londons-chinatown-drinking-in-la
3,www_eater_rest,03_www_eater_rest,4549,https://www.eater.com/2013/4/29/6442423/recap-cook-it-raw-launch-in-london-with-redzepi-atala-patterson-and
3,www_eater_rest,03_www_eater_rest,4550,https://www.eater.com/2013/4/12/6450755/the-early-word-on-keith-mcnallys-balthazar-london
3,www_eater_rest,03_www_eater_rest,4551,https://www.eater.com/2013/4/2/6457575/london-expansionwire
3,www_eater_rest,03_www_eater_rest,4552,https://www.eater.com/2013/3/25/6462049/giles-coren-on-balthazar-london-and-nyc-imports
3,www_eater_rest,03_www_eater_rest,4553,https://www.eater.com/2013/3/20/6464345/jamie-oliver-has-plans-for-a-hot-dog-diner-in-london
3,www_eater_rest,03_www_eater_rest,4554,https://www.eater.com/2013/3/15/6466013/a-look-inside-ametsa-with-arzak-instruction-in-london
3,www_eater_rest,03_www_eater_rest,4555,https://www.eater.com/2013/3/6/6471851/keith-mcnally-on-balthazar-london
3,www_eater_rest,03_www_eater_rest,4556,https://www.eater.com/2013/3/4/6473185/inside-attendant-a-london-deli-in-a-victorian-urinal
3,www_eater_rest,03_www_eater_rest,4557,https://www.eater.com/2013/3/4/6473187/attendant-london
3,www_eater_rest,03_www_eater_rest,4558,https://www.eater.com/2013/2/28/6474559/gordon-ramsay-out-at-claridges-in-london
3,www_eater_rest,03_www_eater_rest,4559,https://www.eater.com/2013/2/22/6476813/a-look-at-keith-mcnallys-balthazar-london-media-blitz
3,www_eater_rest,03_www_eater_rest,4560,https://www.eater.com/2013/2/19/6478979/a-first-look-inside-keith-mcnallys-balthazar-london-now-open-in
3,www_eater_rest,03_www_eater_rest,4561,https://www.eater.com/2013/2/19/6478981/balthazar-london
3,www_eater_rest,03_www_eater_rest,4562,https://www.eater.com/2013/2/13/6480667/isaac-mchales-clove-club-in-london-will-open-march-4
3,www_eater_rest,03_www_eater_rest,4563,https://www.eater.com/2013/1/8/6499337/new-details-on-isaac-mchales-the-clove-club-in-london
3,www_eater_rest,03_www_eater_rest,4564,https://www.eater.com/2013/1/4/6500003/londons-st-john-hotel-to-relaunch-as-a-new-concept-henderson-and
3,www_eater_rest,03_www_eater_rest,4565,https://www.eater.com/2013/1/3/6500549/singapore-businessman-buys-fergus-hendersons-st-john-hotel-in-london
3,www_eater_rest,03_www_eater_rest,4566,https://www.eater.com/2012/12/10/6509771/rare-burger-endangered-in-london-american-coldscapes
3,www_eater_rest,03_www_eater_rest,4567,https://www.eater.com/2012/11/29/6514813/first-look-the-new-cookbook-from-londons-polpo
3,www_eater_rest,03_www_eater_rest,4568,https://www.eater.com/2012/11/20/6519489/shake-shack-to-unleash-its-first-london-location-in-2013
3,www_eater_rest,03_www_eater_rest,4569,https://www.eater.com/2012/10/16/6534631/in-n-outs-london-pop-up
3,www_eater_rest,03_www_eater_rest,4570,https://www.eater.com/2012/9/26/6541593/keith-mcnally-confirms-balthazar-to-open-in-london
3,www_eater_rest,03_www_eater_rest,4571,https://www.eater.com/2012/9/18/6544535/london-markets-selling-illicit-meats
3,www_eater_rest,03_www_eater_rest,4572,https://www.eater.com/2012/9/10/6547007/critic-jay-rayner-live-tweeted-a-shitshow-london-dinner
3,www_eater_rest,03_www_eater_rest,4573,https://www.eater.com/2012/8/10/6556495/london-restaurateur-bills-mayor-90k-for-olympic-slump
3,www_eater_rest,03_www_eater_rest,4574,https://www.eater.com/2012/8/7/6557745/london-club-offering-3000-cocktail-for-olympic-games
3,www_eater_rest,03_www_eater_rest,4575,https://www.eater.com/2012/8/2/6559199/15-olympics-officials-spent-69000-on-lunch-in-london
3,www_eater_rest,03_www_eater_rest,4576,https://www.eater.com/2012/8/1/6559583/london-olympics-wire
3,www_eater_rest,03_www_eater_rest,4577,https://www.eater.com/2012/7/24/6561805/heres-jamie-olivers-london-telephone-booth-smoker
3,www_eater_rest,03_www_eater_rest,4578,https://www.eater.com/2012/7/11/6566167/london-burger-king-installs-a-damien-hirst-painting
3,www_eater_rest,03_www_eater_rest,4579,https://www.eater.com/2012/7/2/6569097/london-critics-vicious
3,www_eater_rest,03_www_eater_rest,4580,https://www.eater.com/2012/5/8/6588971/redzepis-london-noma-pop-up-sells-out-in-2-5-hours
3,www_eater_rest,03_www_eater_rest,4581,https://www.eater.com/2012/4/30/6591269/aa-gill-on-london
3,www_eater_rest,03_www_eater_rest,4582,https://www.eater.com/2012/4/27/6592037/heres-the-gigantic-mcdonalds-for-the-london-olympics
3,www_eater_rest,03_www_eater_rest,4583,https://www.eater.com/2012/4/27/6592039/london-mcdonalds
3,www_eater_rest,03_www_eater_rest,4584,https://www.eater.com/2012/4/23/6593611/rene-redzepi-to-open-a-noma-pop-up-in-london
3,www_eater_rest,03_www_eater_rest,4585,https://www.eater.com/2012/3/14/6605387/two-stars-for-nycs-acme-quo-vadis-in-london
3,www_eater_rest,03_www_eater_rest,4586,https://www.eater.com/2012/2/16/6612951/adria-confirms-elbulli-exhibit-for-new-york-london
3,www_eater_rest,03_www_eater_rest,4587,https://www.eater.com/2012/1/17/6622127/the-layovers-london-episode-just-the-one-liners
3,www_eater_rest,03_www_eater_rest,4588,https://www.eater.com/2012/1/10/6624057/theophilus-london-on-bougie-eats-and-vodka-infusions
3,www_eater_rest,03_www_eater_rest,4589,https://www.eater.com/2012/1/4/6625471/the-pete-wells-era-begins-34-in-london
3,www_eater_rest,03_www_eater_rest,4590,https://www.eater.com/2011/12/21/6627997/lupa-in-new-york-aurelia-in-london
3,www_eater_rest,03_www_eater_rest,4591,https://www.eater.com/2011/12/14/6629859/how-nine-london-bankers-spent-71000-at-a-nightclub
3,www_eater_rest,03_www_eater_rest,4592,https://www.eater.com/2011/10/26/6641481/londons-le-caprice-the-pump-room-in-chicago
3,www_eater_rest,03_www_eater_rest,4593,https://www.eater.com/2011/10/12/6644621/four-stars-for-per-se-wolfgang-pucks-cut-in-london
3,www_eater_rest,03_www_eater_rest,4594,https://www.eater.com/2011/10/6/6645899/watch-a-video-of-the-london-french-laundry-pop-up
3,www_eater_rest,03_www_eater_rest,4595,https://www.eater.com/2011/9/1/6656357/the-french-laundry-in-london
3,www_eater_rest,03_www_eater_rest,4596,https://www.eater.com/2011/8/10/6663695/boulud-sud-in-new-york-londons-playboy-club
3,www_eater_rest,03_www_eater_rest,4597,https://www.eater.com/2011/8/1/6665939/thomas-keller-launching-a-london-pop-up-in-october
3,www_eater_rest,03_www_eater_rest,4598,https://www.eater.com/2011/7/20/6668093/2012-london-olympics-to-host-worlds-largest-mcdonalds
3,www_eater_rest,03_www_eater_rest,4599,https://www.eater.com/2011/6/1/6677473/worlds-first-amphibious-ice-cream-truck-sets-sail-in-london
3,www_eater_rest,03_www_eater_rest,4600,https://www.eater.com/2011/6/1/6677475/worlds-first-amphibious-ice-cream-truck-sets-sail-in-london
3,www_eater_rest,03_www_eater_rest,4601,https://www.eater.com/2011/5/26/6678225/keller-on-a-london-pop-up
3,www_eater_rest,03_www_eater_rest,4602,https://www.eater.com/2011/5/24/6678747/german-e-coli-outbreak-sam-sifton-goes-to-london
3,www_eater_rest,03_www_eater_rest,4603,https://www.eater.com/2011/5/19/6679831/london-pop-up-in-the-sky
3,www_eater_rest,03_www_eater_rest,4604,https://www.eater.com/2011/5/13/6680737/mike-sula-on-achatzs-next-virbila-goes-to-london
3,www_eater_rest,03_www_eater_rest,4605,https://www.eater.com/2011/4/18/6686125/eric-ripert-and-daniel-bouluds-madcap-london-taxi-caper
3,www_eater_rest,03_www_eater_rest,4606,https://www.eater.com/2011/4/12/6687305/jay-rayner-calls-the-wsjs-london-nyc-trend-piece-rubbish
3,www_eater_rest,03_www_eater_rest,4607,https://www.eater.com/2011/4/11/6687501/london-by-way-of-nyc
3,www_eater_rest,03_www_eater_rest,4608,https://www.eater.com/2011/3/24/6690777/gordon-ramsay-moving-to-los-angeles-ditches-london
3,www_eater_rest,03_www_eater_rest,4609,https://www.eater.com/2011/2/24/6695561/nyc-vs-london
3,www_eater_rest,03_www_eater_rest,4610,https://www.eater.com/2011/1/25/6700351/thomas-keller-headed-to-london-for-a-ten-day-pop-up
3,www_eater_rest,03_www_eater_rest,4611,https://www.eater.com/2010/11/23/6708805/hells-kitchen-winner-not-going-to-london
3,www_eater_rest,03_www_eater_rest,4612,https://www.eater.com/2010/11/11/6710553/wolfgang-puck-to-london
3,www_eater_rest,03_www_eater_rest,4613,https://www.eater.com/2010/11/9/6710911/gordon-ramsays-open-letter-in-the-london-evening-standard
3,www_eater_rest,03_www_eater_rest,4614,https://www.eater.com/2010/10/28/6712595/barbecoa-jamie-olivers-london-shrine-to-barbecue
3,www_eater_rest,03_www_eater_rest,4615,https://www.eater.com/2010/4/5/6738215/panic-on-the-streets-of-london
3,www_eater_rest,03_www_eater_rest,4616,https://www.eater.com/2010/2/12/6743497/meanwhile-in-london
3,www_eater_rest,03_www_eater_rest,4617,https://www.eater.com/2009/11/5/6754275/daniel-boulud-confirms-new-london-project
3,www_eater_rest,03_www_eater_rest,4618,https://www.eater.com/2009/10/13/6756939/meanwhile-in-london
3,www_eater_rest,03_www_eater_rest,4619,https://www.eater.com/23589880/claridges-london-afternoon-tea-service-scones
3,www_eater_rest,03_www_eater_rest,4620,https://www.eater.com/23619346/iconic-london-concert-venue-royal-albert-hall-britain
3,www_eater_rest,03_www_eater_rest,4621,https://www.eater.com/23844360/anya-hindmarch-ice-cream-project-pop-up-london
3,www_eater_rest,03_www_eater_rest,4622,https://www.eater.com/venue/931557/london-restaurant
3,www_eater_rest,03_www_eater_rest,4623,https://www.eater.com/venue/112988/london-bagel-museum-reondeonbeigeulmyujieom
3,www_eater_rest,03_www_eater_rest,4624,https://www.eater.com/venue/892189/zuma-london
3,www_eater_rest,03_www_eater_rest,4625,https://www.eater.com/venue/944158/london-martin-co
3,www_eater_rest,03_www_eater_rest,4626,https://www.eater.com/video/2017/5/31/15716398/london-food-dining-on-a-dime-video-trailer
3,www_eater_rest,03_www_eater_rest,4627,https://www.eater.com/video/2017/6/14/15796602/brazilian-food-london-dining-on-a-dime-video
3,www_eater_rest,03_www_eater_rest,4628,https://www.eater.com/video/2017/6/21/15844388/london-house-fish-and-chips-dining-on-a-dime-video
3,www_eater_rest,03_www_eater_rest,4629,https://www.eater.com/video/2017/6/29/15893432/roti-king-london-dining-on-a-dime-video
3,www_eater_rest,03_www_eater_rest,4630,https://www.eater.com/video/2017/6/7/15750120/beigel-bake-london-dining-on-a-dime-video
3,www_eater_rest,03_www_eater_rest,4631,https://www.eater.com/video/2017/7/12/15956290/zoes-ghana-kitchen-london-dining-on-a-dime-video
3,www_eater_rest,03_www_eater_rest,4632,https://www.eater.com/video/2017/7/5/15914894/kappacasein-cheese-london-dining-on-a-dime-video
3,www_eater_rest,03_www_eater_rest,4633,https://www.eater.com/video/2017/5/1/15477534/black-axe-london-meat-show-video
3,www_eater_rest,03_www_eater_rest,4634,https://www.eater.com/video/2017/5/22/15667656/dishoom-london-breakfast-meat-show-video
3,www_eater_rest,03_www_eater_rest,4635,https://www.eater.com/video/2017/5/30/15701008/pitt-cue-co-london-meat-show-video
3,www_eater_rest,03_www_eater_rest,4636,https://www.eater.com/video/2017/5/8/15562234/bleecker-black-burger-london-meat-show-video
3,www_eater_rest,03_www_eater_rest,4637,https://www.eater.com/video/2017/7/10/15944116/mince-on-toast-london-quality-chop-house
3,www_eater_rest,03_www_eater_rest,4638,https://www.eater.com/video/2017/7/17/15982662/temper-london-meat-show-video
