url,batch_order,batch_key,batch_folder,status,http_status,content_type,content_length,body_sha256,body_path,meta_path,title,canonical_url,final_url,fetched_at,attempts,error,input_row_number,input_data_json
https://www.eater.com/maps/best-london-restaurants-eater-38,1,maps,01_maps,downloaded,200,text/html; charset=utf-8,2060042,1f9f01a4eff0969c0ee05b69bb58b7dd1324b47b43c30f913f1dc97cbb2b960e,eater_downloads_batched\01_maps\raw\www.eater.com\55\55475b1bca8bd35b817cedc10fab879a85c3844b247c430a226239b7e7363246_maps-best-london-restaurants-eater-38.html.gz,eater_downloads_batched\01_maps\raw\www.eater.com\55\55475b1bca8bd35b817cedc10fab879a85c3844b247c430a226239b7e7363246_maps-best-london-restaurants-eater-38.html.gz.meta.json,,,https://www.eater.com/maps/best-london-restaurants-eater-38,2026-06-26T18:28:43+00:00,1,,2,"{""url"": ""https://www.eater.com/maps/best-london-restaurants-eater-38""}"
https://london.eater.com/maps/best-restaurants-cornwall-where-to-eat-padstow-fowey-bude,1,maps,01_maps,downloaded,200,text/html; charset=utf-8,522895,619d9a22512b3ab794438901f88b9481f2f5883df387bad21860935b90460ccc,eater_downloads_batched\01_maps\raw\london.eater.com\0f\0f270b51bb9a9af47f4d93e3bbed9a75d9ac8cddfb7b24c1db7b1de04559e358_maps-best-restaurants-cornwall-where-to-eat-padstow-fowey-bude.html.gz,eater_downloads_batched\01_maps\raw\london.eater.com\0f\0f270b51bb9a9af47f4d93e3bbed9a75d9ac8cddfb7b24c1db7b1de04559e358_maps-best-restaurants-cornwall-where-to-eat-padstow-fowey-bude.html.gz.meta.json,,,https://london.eater.com/maps/best-restaurants-cornwall-where-to-eat-padstow-fowey-bude,2026-06-26T18:28:43+00:00,1,,3,"{""url"": ""https://london.eater.com/maps/best-restaurants-cornwall-where-to-eat-padstow-fowey-bude""}"
https://london.eater.com/maps/best-restaurants-edinburgh-fringe-festival-2022-where-to-eat,1,maps,01_maps,downloaded,200,text/html; charset=utf-8,694763,8ebf82c9ede7431e6e778a0492dc13f3beba818f19f11fb5836e090d65bb9332,eater_downloads_batched\01_maps\raw\london.eater.com\8d\8d606a5e10503519833c9109a150c8907cfdbde744372e5899f596e1cb45d002_maps-best-restaurants-edinburgh-fringe-festival-2022-where-to-eat.html.gz,eater_downloads_batched\01_maps\raw\london.eater.com\8d\8d606a5e10503519833c9109a150c8907cfdbde744372e5899f596e1cb45d002_maps-best-restaurants-edinburgh-fringe-festival-2022-where-to-eat.html.gz.meta.json,,,https://london.eater.com/maps/best-restaurants-edinburgh-fringe-festival-2022-where-to-eat,2026-06-26T18:28:47+00:00,1,,4,"{""url"": ""https://london.eater.com/maps/best-restaurants-edinburgh-fringe-festival-2022-where-to-eat""}"
https://london.eater.com/maps/best-restaurants-southbank-waterloo-where-to-eat,1,maps,01_maps,downloaded,200,text/html; charset=utf-8,669541,99d80a1263644233ab06aab2776a969714f3ec0014c842bf294c167081b82700,eater_downloads_batched\01_maps\raw\london.eater.com\4b\4b9b9a077214e30ede64cec7dab949d6f0b05ab417fed8cfe1e3cf5e3bd5e10b_maps-best-restaurants-southbank-waterloo-where-to-eat.html.gz,eater_downloads_batched\01_maps\raw\london.eater.com\4b\4b9b9a077214e30ede64cec7dab949d6f0b05ab417fed8cfe1e3cf5e3bd5e10b_maps-best-restaurants-southbank-waterloo-where-to-eat.html.gz.meta.json,,,https://london.eater.com/maps/best-restaurants-southbank-waterloo-where-to-eat,2026-06-26T18:28:51+00:00,1,,5,"{""url"": ""https://london.eater.com/maps/best-restaurants-southbank-waterloo-where-to-eat""}"
https://london.eater.com/maps/where-to-eat-best-restaurants-campaigning-enfield-southgate,1,maps,01_maps,downloaded,200,text/html; charset=utf-8,667883,32cf58244c25e9ee832243673f21b065e97df0919371b5ac684d271dabe8ad22,eater_downloads_batched\01_maps\raw\london.eater.com\01\0170ced9110f42f9e9fd7797d2d48d1ce03f553977a5d756766eb9d22666aa7a_maps-where-to-eat-best-restaurants-campaigning-enfield-southgate.html.gz,eater_downloads_batched\01_maps\raw\london.eater.com\01\0170ced9110f42f9e9fd7797d2d48d1ce03f553977a5d756766eb9d22666aa7a_maps-where-to-eat-best-restaurants-campaigning-enfield-southgate.html.gz.meta.json,,,https://london.eater.com/maps/where-to-eat-best-restaurants-campaigning-enfield-southgate,2026-06-26T18:28:55+00:00,1,,6,"{""url"": ""https://london.eater.com/maps/where-to-eat-best-restaurants-campaigning-enfield-southgate""}"
https://london.eater.com/maps/where-to-eat-best-restaurants-in-putney,1,maps,01_maps,downloaded,200,text/html; charset=utf-8,648752,285167365c0198b58fe219a78671bcfc82623548efb6d808898b6a1a5d999905,eater_downloads_batched\01_maps\raw\london.eater.com\73\7385458d0636103840fcbc919190a48c08ffaba2ecf9c4601d12ed0cfe1251ea_maps-where-to-eat-best-restaurants-in-putney.html.gz,eater_downloads_batched\01_maps\raw\london.eater.com\73\7385458d0636103840fcbc919190a48c08ffaba2ecf9c4601d12ed0cfe1251ea_maps-where-to-eat-best-restaurants-in-putney.html.gz.meta.json,,,https://london.eater.com/maps/where-to-eat-best-restaurants-in-putney,2026-06-26T18:28:58+00:00,1,,7,"{""url"": ""https://london.eater.com/maps/where-to-eat-best-restaurants-in-putney""}"
https://london.eater.com/maps/best-delivery-food-london-restaurants,1,maps,01_maps,downloaded,200,text/html; charset=utf-8,2090548,21ed2f76d28d85da8ab112bdace51fa6a73c59a1ac0e217f353fb5a774fa8835,eater_downloads_batched\01_maps\raw\london.eater.com\e5\e54b611112e1fde0064f380bb8a085113bb7114ab342cc8421cc5a4e47e4a8a0_maps-best-delivery-food-london-restaurants.html.gz,eater_downloads_batched\01_maps\raw\london.eater.com\e5\e54b611112e1fde0064f380bb8a085113bb7114ab342cc8421cc5a4e47e4a8a0_maps-best-delivery-food-london-restaurants.html.gz.meta.json,,,https://london.eater.com/maps/best-delivery-food-london-restaurants,2026-06-26T18:29:02+00:00,1,,8,"{""url"": ""https://london.eater.com/maps/best-delivery-food-london-restaurants""}"
https://london.eater.com/maps/best-filipino-restaurants-london-where-to-eat-filipino-food,1,maps,01_maps,downloaded,200,text/html; charset=utf-8,681866,91ce48f845ea7146c4a192cc0eee1c36e06881cf205f54a1f399c3cba3e00b49,eater_downloads_batched\01_maps\raw\london.eater.com\bb\bbab96122872f21c0c273a598bd19dc5d81850e28e64728daf9526d1dbe95806_maps-best-filipino-restaurants-london-where-to-eat-filipino-food.html.gz,eater_downloads_batched\01_maps\raw\london.eater.com\bb\bbab96122872f21c0c273a598bd19dc5d81850e28e64728daf9526d1dbe95806_maps-best-filipino-restaurants-london-where-to-eat-filipino-food.html.gz.meta.json,,,https://london.eater.com/maps/best-filipino-restaurants-london-where-to-eat-filipino-food,2026-06-26T18:29:06+00:00,1,,9,"{""url"": ""https://london.eater.com/maps/best-filipino-restaurants-london-where-to-eat-filipino-food""}"
https://london.eater.com/maps/best-halal-restaurants-london-takeaway-delivery,1,maps,01_maps,downloaded,200,text/html; charset=utf-8,903350,f19ddc94dc7b1af8cb9ab5231af32c0455aa6a0a59b95dfc37abead2b4263fb6,eater_downloads_batched\01_maps\raw\london.eater.com\3c\3cbb53e4b562101aded35746abbb425cdaa1d8399c96c0d990d803e39bd4af93_maps-best-halal-restaurants-london-takeaway-delivery.html.gz,eater_downloads_batched\01_maps\raw\london.eater.com\3c\3cbb53e4b562101aded35746abbb425cdaa1d8399c96c0d990d803e39bd4af93_maps-best-halal-restaurants-london-takeaway-delivery.html.gz.meta.json,,,https://london.eater.com/maps/best-halal-restaurants-london-takeaway-delivery,2026-06-26T18:29:10+00:00,1,,10,"{""url"": ""https://london.eater.com/maps/best-halal-restaurants-london-takeaway-delivery""}"
https://london.eater.com/maps/best-restaurant-delivery-takeaway-central-london,1,maps,01_maps,downloaded,200,text/html; charset=utf-8,1230795,1574a1250b05500f3317f1dcc68863d86a0c3c8dee27afd3b68b286ae2d18209,eater_downloads_batched\01_maps\raw\london.eater.com\64\642a91e263fe111f8d29b86a394a405f9a64b3e11669df24ddf49891686fae8f_maps-best-restaurant-delivery-takeaway-central-london.html.gz,eater_downloads_batched\01_maps\raw\london.eater.com\64\642a91e263fe111f8d29b86a394a405f9a64b3e11669df24ddf49891686fae8f_maps-best-restaurant-delivery-takeaway-central-london.html.gz.meta.json,,,https://london.eater.com/maps/best-restaurant-delivery-takeaway-central-london,2026-06-26T18:29:15+00:00,1,,11,"{""url"": ""https://london.eater.com/maps/best-restaurant-delivery-takeaway-central-london""}"
https://london.eater.com/maps/best-restaurant-delivery-takeaway-south-east-london,1,maps,01_maps,downloaded,200,text/html; charset=utf-8,1109493,13e1e1a32fd4c0ef2fb968478e83c7bbb1c0c5fb6516818751efd906584b932c,eater_downloads_batched\01_maps\raw\london.eater.com\5f\5faecbcb2609e34ed4cc9e2fc3b56eee0a2c90979e5b843e320321a88d0675ff_maps-best-restaurant-delivery-takeaway-south-east-london.html.gz,eater_downloads_batched\01_maps\raw\london.eater.com\5f\5faecbcb2609e34ed4cc9e2fc3b56eee0a2c90979e5b843e320321a88d0675ff_maps-best-restaurant-delivery-takeaway-south-east-london.html.gz.meta.json,,,https://london.eater.com/maps/best-restaurant-delivery-takeaway-south-east-london,2026-06-26T18:29:19+00:00,1,,12,"{""url"": ""https://london.eater.com/maps/best-restaurant-delivery-takeaway-south-east-london""}"
https://london.eater.com/maps/best-restaurant-takeaway-delivery-south-west-london,1,maps,01_maps,downloaded,200,text/html; charset=utf-8,701549,268c0ecf7ebf6447de5e8e5ba70c3159559d9882dbdb58490696d0d004a3f42d,eater_downloads_batched\01_maps\raw\london.eater.com\c6\c677160aeb792ec44873df0e7f0b1e37778e4f75dea30e5b14b4357e3e662e0a_maps-best-restaurant-takeaway-delivery-south-west-london.html.gz,eater_downloads_batched\01_maps\raw\london.eater.com\c6\c677160aeb792ec44873df0e7f0b1e37778e4f75dea30e5b14b4357e3e662e0a_maps-best-restaurant-takeaway-delivery-south-west-london.html.gz.meta.json,,,https://london.eater.com/maps/best-restaurant-takeaway-delivery-south-west-london,2026-06-26T18:29:22+00:00,1,,13,"{""url"": ""https://london.eater.com/maps/best-restaurant-takeaway-delivery-south-west-london""}"
https://london.eater.com/maps/best-takeaway-restaurant-delivery-london-west,1,maps,01_maps,downloaded,200,text/html; charset=utf-8,1078728,8664930c0d1c016ec2a67c2c65b792a20cc3a5a020fac23c5106c059c9a3bd87,eater_downloads_batched\01_maps\raw\london.eater.com\cc\cce881eefc353f4b4dcdd4919d4b401fb73b2046fd3978d59aa03d76c710cead_maps-best-takeaway-restaurant-delivery-london-west.html.gz,eater_downloads_batched\01_maps\raw\london.eater.com\cc\cce881eefc353f4b4dcdd4919d4b401fb73b2046fd3978d59aa03d76c710cead_maps-best-takeaway-restaurant-delivery-london-west.html.gz.meta.json,,,https://london.eater.com/maps/best-takeaway-restaurant-delivery-london-west,2026-06-26T18:29:25+00:00,1,,14,"{""url"": ""https://london.eater.com/maps/best-takeaway-restaurant-delivery-london-west""}"
https://london.eater.com/maps/best-value-restaurants-central-london-cheap-eats-not-cheap,1,maps,01_maps,downloaded,200,text/html; charset=utf-8,1273658,a4b4ff54838782782ee5d09de8ad372c99afa09107439476a67fa352300ec7d7,eater_downloads_batched\01_maps\raw\london.eater.com\0f\0f9889d8c75608f82f116e3d0afc08e11d752de8877ddf2095ec3159fc9ec620_maps-best-value-restaurants-central-london-cheap-eats-not-cheap.html.gz,eater_downloads_batched\01_maps\raw\london.eater.com\0f\0f9889d8c75608f82f116e3d0afc08e11d752de8877ddf2095ec3159fc9ec620_maps-best-value-restaurants-central-london-cheap-eats-not-cheap.html.gz.meta.json,,,https://london.eater.com/maps/best-value-restaurants-central-london-cheap-eats-not-cheap,2026-06-26T18:29:29+00:00,1,,15,"{""url"": ""https://london.eater.com/maps/best-value-restaurants-central-london-cheap-eats-not-cheap""}"
https://london.eater.com/maps/best-value-restaurants-east-london-cheap-not-cheap-eats,1,maps,01_maps,downloaded,200,text/html; charset=utf-8,1130349,30e2b13e32b0a1e862e2c744f9bb750cdc3d2ad325b361b1b44e76500ecd7bdc,eater_downloads_batched\01_maps\raw\london.eater.com\3b\3bdcd4358d4c354f8c1466c8735e5d8a0c7816565974b3887ae5c0c95615eb32_maps-best-value-restaurants-east-london-cheap-not-cheap-eats.html.gz,eater_downloads_batched\01_maps\raw\london.eater.com\3b\3bdcd4358d4c354f8c1466c8735e5d8a0c7816565974b3887ae5c0c95615eb32_maps-best-value-restaurants-east-london-cheap-not-cheap-eats.html.gz.meta.json,,,https://london.eater.com/maps/best-value-restaurants-east-london-cheap-not-cheap-eats,2026-06-26T18:29:33+00:00,1,,16,"{""url"": ""https://london.eater.com/maps/best-value-restaurants-east-london-cheap-not-cheap-eats""}"
https://london.eater.com/maps/best-value-restaurants-london-cheap-not-cheap-eats,1,maps,01_maps,downloaded,200,text/html; charset=utf-8,2529774,b13c5da8bf44985b2042df7c770b0004743d19682896988bfaabbd1f84cb8e2e,eater_downloads_batched\01_maps\raw\london.eater.com\4b\4b26506bb3958cae72ca0298c18cb8ffd0d2b88252bd9f82e0e6f4381d9525dc_maps-best-value-restaurants-london-cheap-not-cheap-eats.html.gz,eater_downloads_batched\01_maps\raw\london.eater.com\4b\4b26506bb3958cae72ca0298c18cb8ffd0d2b88252bd9f82e0e6f4381d9525dc_maps-best-value-restaurants-london-cheap-not-cheap-eats.html.gz.meta.json,,,https://london.eater.com/maps/best-value-restaurants-london-cheap-not-cheap-eats,2026-06-26T18:29:37+00:00,1,,17,"{""url"": ""https://london.eater.com/maps/best-value-restaurants-london-cheap-not-cheap-eats""}"
https://london.eater.com/maps/best-value-restaurants-north-london-cheap-not-cheap-eats,1,maps,01_maps,downloaded,200,text/html; charset=utf-8,1109121,c08178e1586cb2463dd50bac9e90fb9a25fb4effac1621a5e7503180ea577313,eater_downloads_batched\01_maps\raw\london.eater.com\b6\b6498cece3491ccd1f10aa75451d012beaf11a30cce8e322f391b78853f859df_maps-best-value-restaurants-north-london-cheap-not-cheap-eats.html.gz,eater_downloads_batched\01_maps\raw\london.eater.com\b6\b6498cece3491ccd1f10aa75451d012beaf11a30cce8e322f391b78853f859df_maps-best-value-restaurants-north-london-cheap-not-cheap-eats.html.gz.meta.json,,,https://london.eater.com/maps/best-value-restaurants-north-london-cheap-not-cheap-eats,2026-06-26T18:29:40+00:00,1,,18,"{""url"": ""https://london.eater.com/maps/best-value-restaurants-north-london-cheap-not-cheap-eats""}"
https://london.eater.com/maps/best-value-restaurants-south-east-london-cheap-not-cheap-eats,1,maps,01_maps,downloaded,200,text/html; charset=utf-8,1229572,56739b97102814d478dc077b0d80b282b82b62087cbce632b026540d27959b89,eater_downloads_batched\01_maps\raw\london.eater.com\7e\7ec3fe36b7fbaf75b8688156dbced5578c21c67fd247f0de06de1b6bfda144b6_maps-best-value-restaurants-south-east-london-cheap-not-cheap-eats.html.gz,eater_downloads_batched\01_maps\raw\london.eater.com\7e\7ec3fe36b7fbaf75b8688156dbced5578c21c67fd247f0de06de1b6bfda144b6_maps-best-value-restaurants-south-east-london-cheap-not-cheap-eats.html.gz.meta.json,,,https://london.eater.com/maps/best-value-restaurants-south-east-london-cheap-not-cheap-eats,2026-06-26T18:29:45+00:00,1,,19,"{""url"": ""https://london.eater.com/maps/best-value-restaurants-south-east-london-cheap-not-cheap-eats""}"
https://london.eater.com/maps/best-value-restaurants-south-west-london-cheap-not-cheap-eats,1,maps,01_maps,downloaded,200,text/html; charset=utf-8,1116469,48d36a4a05302f1e01348992feca0edd9d9e92ff31ee18a59246ffaedcfea5f5,eater_downloads_batched\01_maps\raw\london.eater.com\fb\fbf90cc71554ae97f15af78cc909b5addc972e976ac9360e58841ee6edeb32d9_maps-best-value-restaurants-south-west-london-cheap-not-cheap-eats.html.gz,eater_downloads_batched\01_maps\raw\london.eater.com\fb\fbf90cc71554ae97f15af78cc909b5addc972e976ac9360e58841ee6edeb32d9_maps-best-value-restaurants-south-west-london-cheap-not-cheap-eats.html.gz.meta.json,,,https://london.eater.com/maps/best-value-restaurants-south-west-london-cheap-not-cheap-eats,2026-06-26T18:29:49+00:00,1,,20,"{""url"": ""https://london.eater.com/maps/best-value-restaurants-south-west-london-cheap-not-cheap-eats""}"
https://london.eater.com/maps/best-value-restaurants-west-london-cheap-not-cheap-eats,1,maps,01_maps,downloaded,200,text/html; charset=utf-8,1294590,e11a060a0d2556c52cf1d9e6f9144121b9f77da5880a3e5cc2037f3603ad0531,eater_downloads_batched\01_maps\raw\london.eater.com\e6\e6c469b3997c6df3e2c3b6c0f30bd52537882ae5af6bdb1634601a64513acbd4_maps-best-value-restaurants-west-london-cheap-not-cheap-eats.html.gz,eater_downloads_batched\01_maps\raw\london.eater.com\e6\e6c469b3997c6df3e2c3b6c0f30bd52537882ae5af6bdb1634601a64513acbd4_maps-best-value-restaurants-west-london-cheap-not-cheap-eats.html.gz.meta.json,,,https://london.eater.com/maps/best-value-restaurants-west-london-cheap-not-cheap-eats,2026-06-26T18:29:53+00:00,1,,21,"{""url"": ""https://london.eater.com/maps/best-value-restaurants-west-london-cheap-not-cheap-eats""}"
https://london.eater.com/maps/best-london-restaurant-hidden-gems-michelin-star,1,maps,01_maps,downloaded,200,text/html; charset=utf-8,1158983,d665b7156b7a4f8bce21cf68760a093991656b5c80c7c9f91008c3f4e2c58759,eater_downloads_batched\01_maps\raw\london.eater.com\78\78799732963b4af58908f50640c56f8e390f908442b309d67e609bdee10007d1_maps-best-london-restaurant-hidden-gems-michelin-star.html.gz,eater_downloads_batched\01_maps\raw\london.eater.com\78\78799732963b4af58908f50640c56f8e390f908442b309d67e609bdee10007d1_maps-best-london-restaurant-hidden-gems-michelin-star.html.gz.meta.json,,,https://london.eater.com/maps/best-london-restaurant-hidden-gems-michelin-star,2026-06-26T18:29:57+00:00,1,,22,"{""url"": ""https://london.eater.com/maps/best-london-restaurant-hidden-gems-michelin-star""}"
https://london.eater.com/maps/best-london-restaurant-meal-kits-delivery,1,maps,01_maps,downloaded,200,text/html; charset=utf-8,1278531,e6bdafe801dd32d613a31dc02c58f92aff8c1564710f31cdebf404d3c1964581,eater_downloads_batched\01_maps\raw\london.eater.com\05\056c1910a899e9962c0429853a66347a061219563e8a907cf8eb99ebc51b6775_maps-best-london-restaurant-meal-kits-delivery.html.gz,eater_downloads_batched\01_maps\raw\london.eater.com\05\056c1910a899e9962c0429853a66347a061219563e8a907cf8eb99ebc51b6775_maps-best-london-restaurant-meal-kits-delivery.html.gz.meta.json,,,https://london.eater.com/maps/best-london-restaurant-meal-kits-delivery,2026-06-26T18:30:01+00:00,1,,23,"{""url"": ""https://london.eater.com/maps/best-london-restaurant-meal-kits-delivery""}"
https://london.eater.com/maps/best-london-restaurant-own-delivery,1,maps,01_maps,downloaded,200,text/html; charset=utf-8,1008409,2b86ae76b3d4fdce57b074da94439bc7288215dba0f1b8a8572c2165b3b94904,eater_downloads_batched\01_maps\raw\london.eater.com\76\7609a34dc2398570f814e641320b606a7aa242f15489f698040ab95405134da1_maps-best-london-restaurant-own-delivery.html.gz,eater_downloads_batched\01_maps\raw\london.eater.com\76\7609a34dc2398570f814e641320b606a7aa242f15489f698040ab95405134da1_maps-best-london-restaurant-own-delivery.html.gz.meta.json,,,https://london.eater.com/maps/best-london-restaurant-own-delivery,2026-06-26T18:30:05+00:00,1,,24,"{""url"": ""https://london.eater.com/maps/best-london-restaurant-own-delivery""}"
https://london.eater.com/maps/best-london-restaurant-pop-ups-food-events,1,maps,01_maps,downloaded,200,text/html; charset=utf-8,437445,f8b95cd3b5b8a42c20f690f3bf8f0b05cb3f1c4f94c9cb00d49304bce00fd20b,eater_downloads_batched\01_maps\raw\london.eater.com\2e\2e488a4428422a18e32a8f5240d12934c21f000fb26dcbd364098c7d5f5867d0_maps-best-london-restaurant-pop-ups-food-events.html.gz,eater_downloads_batched\01_maps\raw\london.eater.com\2e\2e488a4428422a18e32a8f5240d12934c21f000fb26dcbd364098c7d5f5867d0_maps-best-london-restaurant-pop-ups-food-events.html.gz.meta.json,,,https://london.eater.com/maps/best-london-restaurant-pop-ups-food-events,2026-06-26T18:30:08+00:00,1,,25,"{""url"": ""https://london.eater.com/maps/best-london-restaurant-pop-ups-food-events""}"
https://london.eater.com/maps/best-modern-indian-restaurants-michelin-stars-london,1,maps,01_maps,downloaded,200,text/html; charset=utf-8,961954,85a5c0e6d15cc7fedc904b5ca35200b90a13b14a95871f8ac282b249433ca96d,eater_downloads_batched\01_maps\raw\london.eater.com\59\5953b0baa4e09c2aeaa11c237d98d5d0e41fa262e2da32ac56663fee2ef400c7_maps-best-modern-indian-restaurants-michelin-stars-london.html.gz,eater_downloads_batched\01_maps\raw\london.eater.com\59\5953b0baa4e09c2aeaa11c237d98d5d0e41fa262e2da32ac56663fee2ef400c7_maps-best-modern-indian-restaurants-michelin-stars-london.html.gz.meta.json,,,https://london.eater.com/maps/best-modern-indian-restaurants-michelin-stars-london,2026-06-26T18:30:13+00:00,1,,26,"{""url"": ""https://london.eater.com/maps/best-modern-indian-restaurants-michelin-stars-london""}"
https://london.eater.com/maps/best-new-cafes-coffee-shops-london,1,maps,01_maps,downloaded,200,text/html; charset=utf-8,362679,84f9b90893f64bfa138cf606666f5c0c74b83033210ee99f86e7a22932e1b7c9,eater_downloads_batched\01_maps\raw\london.eater.com\ae\ae7b732578462095b59463e239d219f0ac6c56f2d51d5c0f90892fafb097c3b7_maps-best-new-cafes-coffee-shops-london.html.gz,eater_downloads_batched\01_maps\raw\london.eater.com\ae\ae7b732578462095b59463e239d219f0ac6c56f2d51d5c0f90892fafb097c3b7_maps-best-new-cafes-coffee-shops-london.html.gz.meta.json,,,https://london.eater.com/maps/best-new-cafes-coffee-shops-london,2026-06-26T18:30:16+00:00,1,,27,"{""url"": ""https://london.eater.com/maps/best-new-cafes-coffee-shops-london""}"
https://london.eater.com/maps/best-new-london-restaurant-openings-2019,1,maps,01_maps,downloaded,200,text/html; charset=utf-8,1164144,5522f9b13ecb754183aff2afe9281e98e8b7e27a9f300e9d327b40121cbd8d94,eater_downloads_batched\01_maps\raw\london.eater.com\98\98c8ab3e671be4764da25878a686ae242235e1bad9d839baf9d0c94eb67b9d37_maps-best-new-london-restaurant-openings-2019.html.gz,eater_downloads_batched\01_maps\raw\london.eater.com\98\98c8ab3e671be4764da25878a686ae242235e1bad9d839baf9d0c94eb67b9d37_maps-best-new-london-restaurant-openings-2019.html.gz.meta.json,,,https://london.eater.com/maps/best-new-london-restaurant-openings-2019,2026-06-26T18:30:20+00:00,1,,28,"{""url"": ""https://london.eater.com/maps/best-new-london-restaurant-openings-2019""}"
https://london.eater.com/maps/best-restaurant-delivery-lockdown-east-london,1,maps,01_maps,downloaded,200,text/html; charset=utf-8,1803348,aa746e4259a6c461b1fc6e763958d1ebdac7b3ef8d9253fff6bdcae93fea2b51,eater_downloads_batched\01_maps\raw\london.eater.com\fe\fe4b6d1549af071f82d1ec84807fcb5045909fac001b55b07dcbd30b2b2f1c2b_maps-best-restaurant-delivery-lockdown-east-london.html.gz,eater_downloads_batched\01_maps\raw\london.eater.com\fe\fe4b6d1549af071f82d1ec84807fcb5045909fac001b55b07dcbd30b2b2f1c2b_maps-best-restaurant-delivery-lockdown-east-london.html.gz.meta.json,,,https://london.eater.com/maps/best-restaurant-delivery-lockdown-east-london,2026-06-26T18:30:25+00:00,1,,29,"{""url"": ""https://london.eater.com/maps/best-restaurant-delivery-lockdown-east-london""}"
https://london.eater.com/maps/best-restaurant-delivery-lockdown-north-london,1,maps,01_maps,downloaded,200,text/html; charset=utf-8,952432,e371d07b5249811dde197a257bf71905b530c8846f1d4685a9c64c0b30813c5a,eater_downloads_batched\01_maps\raw\london.eater.com\ee\eea2e7d5a67e66d24b06d3a8a797fd50f3d1f46d313a0729627c3a9d7f514d99_maps-best-restaurant-delivery-lockdown-north-london.html.gz,eater_downloads_batched\01_maps\raw\london.eater.com\ee\eea2e7d5a67e66d24b06d3a8a797fd50f3d1f46d313a0729627c3a9d7f514d99_maps-best-restaurant-delivery-lockdown-north-london.html.gz.meta.json,,,https://london.eater.com/maps/best-restaurant-delivery-lockdown-north-london,2026-06-26T18:30:28+00:00,1,,30,"{""url"": ""https://london.eater.com/maps/best-restaurant-delivery-lockdown-north-london""}"
https://london.eater.com/maps/best-restaurants-hastings-st-leonards-east-sussex-travel-guide,1,maps,01_maps,downloaded,200,text/html; charset=utf-8,517308,2bc4300796a66d5b8f3ae32b3c2220673bae0e8cb8e8e75e1df178bb07a99a51,eater_downloads_batched\01_maps\raw\london.eater.com\95\95e27171d4b7dd7cdb51c2a7932499ece5383ae8b603dd36181c5713e28270f9_maps-best-restaurants-hastings-st-leonards-east-sussex-travel-guide.html.gz,eater_downloads_batched\01_maps\raw\london.eater.com\95\95e27171d4b7dd7cdb51c2a7932499ece5383ae8b603dd36181c5713e28270f9_maps-best-restaurants-hastings-st-leonards-east-sussex-travel-guide.html.gz.meta.json,,,https://london.eater.com/maps/best-restaurants-hastings-st-leonards-east-sussex-travel-guide,2026-06-26T18:30:33+00:00,1,,31,"{""url"": ""https://london.eater.com/maps/best-restaurants-hastings-st-leonards-east-sussex-travel-guide""}"
https://london.eater.com/maps/best-restaurants-oxford-university-travel-guide,1,maps,01_maps,downloaded,200,text/html; charset=utf-8,602996,efe9210959bfed026adabbb47de3176176ce33cea1f5e21426aa73c8963e6b70,eater_downloads_batched\01_maps\raw\london.eater.com\a0\a092d3952e56b2d5ac06b0e1331013966332e5af9d759a2a4dec15e6fc75426d_maps-best-restaurants-oxford-university-travel-guide.html.gz,eater_downloads_batched\01_maps\raw\london.eater.com\a0\a092d3952e56b2d5ac06b0e1331013966332e5af9d759a2a4dec15e6fc75426d_maps-best-restaurants-oxford-university-travel-guide.html.gz.meta.json,,,https://london.eater.com/maps/best-restaurants-oxford-university-travel-guide,2026-06-26T18:30:35+00:00,1,,32,"{""url"": ""https://london.eater.com/maps/best-restaurants-oxford-university-travel-guide""}"
https://london.eater.com/maps/best-restaurants-pubs-new-forest,1,maps,01_maps,downloaded,200,text/html; charset=utf-8,630108,18bfeb7476c5d4006986d8b88ea1ff00c33d545e52324a73c2e98d7c88b1e15b,eater_downloads_batched\01_maps\raw\london.eater.com\f9\f9c93cd8da1e32cfea8a5dd8b34c7531a7be96a79f6cc7ea0fc301561a9b9e24_maps-best-restaurants-pubs-new-forest.html.gz,eater_downloads_batched\01_maps\raw\london.eater.com\f9\f9c93cd8da1e32cfea8a5dd8b34c7531a7be96a79f6cc7ea0fc301561a9b9e24_maps-best-restaurants-pubs-new-forest.html.gz.meta.json,,,https://london.eater.com/maps/best-restaurants-pubs-new-forest,2026-06-26T18:30:39+00:00,1,,33,"{""url"": ""https://london.eater.com/maps/best-restaurants-pubs-new-forest""}"
https://london.eater.com/maps/best-restaurants-pubs-tottenham-london,1,maps,01_maps,downloaded,200,text/html; charset=utf-8,565536,2a1d252893f7ea994a345ff12785997b3144cfb2bb5aaab3d29a163c579aa738,eater_downloads_batched\01_maps\raw\london.eater.com\49\49fe123c34e8bb322f811dc85d6683a793d2af3b72a64998803cd400df2e8910_maps-best-restaurants-pubs-tottenham-london.html.gz,eater_downloads_batched\01_maps\raw\london.eater.com\49\49fe123c34e8bb322f811dc85d6683a793d2af3b72a64998803cd400df2e8910_maps-best-restaurants-pubs-tottenham-london.html.gz.meta.json,,,https://london.eater.com/maps/best-restaurants-pubs-tottenham-london,2026-06-26T18:30:43+00:00,1,,34,"{""url"": ""https://london.eater.com/maps/best-restaurants-pubs-tottenham-london""}"
https://london.eater.com/maps/best-tasting-menus-london-restaurants-michelin-stars,1,maps,01_maps,downloaded,200,text/html; charset=utf-8,886725,a2053502d40c73c73bf29fbe792fb6d95abdb2768218a4b43eaa7406c5478125,eater_downloads_batched\01_maps\raw\london.eater.com\97\978191aa95c579ef265035f6c55d6c98c8b69882b141c09fc231eff8ba55dd2a_maps-best-tasting-menus-london-restaurants-michelin-stars.html.gz,eater_downloads_batched\01_maps\raw\london.eater.com\97\978191aa95c579ef265035f6c55d6c98c8b69882b141c09fc231eff8ba55dd2a_maps-best-tasting-menus-london-restaurants-michelin-stars.html.gz.meta.json,,,https://london.eater.com/maps/best-tasting-menus-london-restaurants-michelin-stars,2026-06-26T18:30:47+00:00,1,,35,"{""url"": ""https://london.eater.com/maps/best-tasting-menus-london-restaurants-michelin-stars""}"
https://london.eater.com/maps/borough-market-best-restaurants-opening-times,1,maps,01_maps,downloaded,200,text/html; charset=utf-8,805162,3897978d763c70d8301245fbbd1164f2d83cbdd60b7dfd5901e72167393db448,eater_downloads_batched\01_maps\raw\london.eater.com\97\97c1515380bba082cfd9c30278d0896613a6cc79052b2049c9ea875d30090f5d_maps-borough-market-best-restaurants-opening-times.html.gz,eater_downloads_batched\01_maps\raw\london.eater.com\97\97c1515380bba082cfd9c30278d0896613a6cc79052b2049c9ea875d30090f5d_maps-borough-market-best-restaurants-opening-times.html.gz.meta.json,,,https://london.eater.com/maps/borough-market-best-restaurants-opening-times,2026-06-26T18:30:50+00:00,1,,36,"{""url"": ""https://london.eater.com/maps/borough-market-best-restaurants-opening-times""}"
https://london.eater.com/maps/michelin-star-london-restaurants-eat-out-help-out-list,1,maps,01_maps,downloaded,200,text/html; charset=utf-8,1504086,2311348d8cdf3959898e402cc7203f56eb6994ddd8dcd290ae02bdbd2e311c39,eater_downloads_batched\01_maps\raw\london.eater.com\88\880634c100c7c9b34a3bdce3e51ae8c8c7641921d4afa3a77978b157ad1dd9bc_maps-michelin-star-london-restaurants-eat-out-help-out-list.html.gz,eater_downloads_batched\01_maps\raw\london.eater.com\88\880634c100c7c9b34a3bdce3e51ae8c8c7641921d4afa3a77978b157ad1dd9bc_maps-michelin-star-london-restaurants-eat-out-help-out-list.html.gz.meta.json,,,https://london.eater.com/maps/michelin-star-london-restaurants-eat-out-help-out-list,2026-06-26T18:30:55+00:00,1,,37,"{""url"": ""https://london.eater.com/maps/michelin-star-london-restaurants-eat-out-help-out-list""}"
https://london.eater.com/maps/where-to-eat-pastry-london-pie-room-holborn-dining-room-hedone-bakery,1,maps,01_maps,downloaded,200,text/html; charset=utf-8,1126975,d65c960035fe2e0d2e422a059a8c4d2adbed372739663816bcadd67ef94904bd,eater_downloads_batched\01_maps\raw\london.eater.com\25\2582390f3fe4b4ef726caa722400be06e58c917d017c5bf254e795ad34192cff_maps-where-to-eat-pastry-london-pie-room-holborn-dining-room-hedone-bakery.html.gz,eater_downloads_batched\01_maps\raw\london.eater.com\25\2582390f3fe4b4ef726caa722400be06e58c917d017c5bf254e795ad34192cff_maps-where-to-eat-pastry-london-pie-room-holborn-dining-room-hedone-bakery.html.gz.meta.json,,,https://london.eater.com/maps/where-to-eat-pastry-london-pie-room-holborn-dining-room-hedone-bakery,2026-06-26T18:30:59+00:00,1,,38,"{""url"": ""https://london.eater.com/maps/where-to-eat-pastry-london-pie-room-holborn-dining-room-hedone-bakery""}"
https://london.eater.com/maps/best-barbecue-london-restaurants-outdoor-dining-takeaway,1,maps,01_maps,downloaded,200,text/html; charset=utf-8,864629,7be11aeeea2a3952f6cef18a702c5c82ec3632652c4fb9fd7c6806dd52fa0676,eater_downloads_batched\01_maps\raw\london.eater.com\50\5049e0505a22f552fcf932dc9ca0ed9794a3ba6b2b01c4b6c54e1da01952d551_maps-best-barbecue-london-restaurants-outdoor-dining-takeaway.html.gz,eater_downloads_batched\01_maps\raw\london.eater.com\50\5049e0505a22f552fcf932dc9ca0ed9794a3ba6b2b01c4b6c54e1da01952d551_maps-best-barbecue-london-restaurants-outdoor-dining-takeaway.html.gz.meta.json,,,https://london.eater.com/maps/best-barbecue-london-restaurants-outdoor-dining-takeaway,2026-06-26T18:31:03+00:00,1,,39,"{""url"": ""https://london.eater.com/maps/best-barbecue-london-restaurants-outdoor-dining-takeaway""}"
https://london.eater.com/maps/best-cocktail-delivery-london,1,maps,01_maps,downloaded,200,text/html; charset=utf-8,590730,d3b96cfcb4c7072687ccd884e055c984e08a3ef941ed4c4637477357ec5bd3fe,eater_downloads_batched\01_maps\raw\london.eater.com\eb\ebff4d104689b8713e1e2dc740b14fec8b7bfd41f8874d399c623ef0c224533d_maps-best-cocktail-delivery-london.html.gz,eater_downloads_batched\01_maps\raw\london.eater.com\eb\ebff4d104689b8713e1e2dc740b14fec8b7bfd41f8874d399c623ef0c224533d_maps-best-cocktail-delivery-london.html.gz.meta.json,,,https://london.eater.com/maps/best-cocktail-delivery-london,2026-06-26T18:31:07+00:00,1,,40,"{""url"": ""https://london.eater.com/maps/best-cocktail-delivery-london""}"
https://london.eater.com/maps/best-coffee-shops-london,1,maps,01_maps,downloaded,200,text/html; charset=utf-8,797326,128fa1c64e7faf2cc20e47d7ffd8989d410d594d935b3aca2ebeb0cbce458bc4,eater_downloads_batched\01_maps\raw\london.eater.com\70\7088ce3ee44fc35a14cfebe143f2e4d08ad58c4b39435845dc6723f91c9eb2da_maps-best-coffee-shops-london.html.gz,eater_downloads_batched\01_maps\raw\london.eater.com\70\7088ce3ee44fc35a14cfebe143f2e4d08ad58c4b39435845dc6723f91c9eb2da_maps-best-coffee-shops-london.html.gz.meta.json,,,https://london.eater.com/maps/best-coffee-shops-london,2026-06-26T18:31:11+00:00,1,,41,"{""url"": ""https://london.eater.com/maps/best-coffee-shops-london""}"
https://london.eater.com/maps/best-counter-dining-bars-restaurants-london,1,maps,01_maps,downloaded,200,text/html; charset=utf-8,1066808,c23b8e3da5b52b3120abb4d915b084328a750a0b35375e786e5d66f6095a798c,eater_downloads_batched\01_maps\raw\london.eater.com\55\55e4881a282411cb6438926337ded6965ba594dd0ba13020b2a93868b5ee823b_maps-best-counter-dining-bars-restaurants-london.html.gz,eater_downloads_batched\01_maps\raw\london.eater.com\55\55e4881a282411cb6438926337ded6965ba594dd0ba13020b2a93868b5ee823b_maps-best-counter-dining-bars-restaurants-london.html.gz.meta.json,,,https://london.eater.com/maps/best-counter-dining-bars-restaurants-london,2026-06-26T18:31:15+00:00,1,,42,"{""url"": ""https://london.eater.com/maps/best-counter-dining-bars-restaurants-london""}"
https://london.eater.com/maps/best-food-premier-league-football-london,1,maps,01_maps,downloaded,200,text/html; charset=utf-8,876590,6d03673414c32321b34fb2e6dc25aed5c6368a115736a3fedad70b7d46401934,eater_downloads_batched\01_maps\raw\london.eater.com\39\39369e485b3f972427f50937d03f8b9dd23119221043627c28c1796537c765fb_maps-best-food-premier-league-football-london.html.gz,eater_downloads_batched\01_maps\raw\london.eater.com\39\39369e485b3f972427f50937d03f8b9dd23119221043627c28c1796537c765fb_maps-best-food-premier-league-football-london.html.gz.meta.json,,,https://london.eater.com/maps/best-food-premier-league-football-london,2026-06-26T18:31:18+00:00,1,,43,"{""url"": ""https://london.eater.com/maps/best-food-premier-league-football-london""}"
https://london.eater.com/maps/best-restaurants-acton,1,maps,01_maps,downloaded,200,text/html; charset=utf-8,606188,d8b121dc09c8de8fb27b9acb3b0017eac5f64e657347163cc48bc14e5c02349f,eater_downloads_batched\01_maps\raw\london.eater.com\de\de8c88952718a7eb98e92143d9a2e55b8c280492f3857f80001f91eb65910cb8_maps-best-restaurants-acton.html.gz,eater_downloads_batched\01_maps\raw\london.eater.com\de\de8c88952718a7eb98e92143d9a2e55b8c280492f3857f80001f91eb65910cb8_maps-best-restaurants-acton.html.gz.meta.json,,,https://london.eater.com/maps/best-restaurants-acton,2026-06-26T18:31:22+00:00,1,,44,"{""url"": ""https://london.eater.com/maps/best-restaurants-acton""}"
https://london.eater.com/maps/best-restaurants-balham-london,1,maps,01_maps,downloaded,200,text/html; charset=utf-8,645450,8a5aada7d24d1d475bb5f018bd0f179fd91be61a58ee854cc201bbe5bbc329f5,eater_downloads_batched\01_maps\raw\london.eater.com\af\af2309e6bf0010333a1ee91872eb756f31bce39a57f7c8408b081975f2f068ad_maps-best-restaurants-balham-london.html.gz,eater_downloads_batched\01_maps\raw\london.eater.com\af\af2309e6bf0010333a1ee91872eb756f31bce39a57f7c8408b081975f2f068ad_maps-best-restaurants-balham-london.html.gz.meta.json,,,https://london.eater.com/maps/best-restaurants-balham-london,2026-06-26T18:31:25+00:00,1,,45,"{""url"": ""https://london.eater.com/maps/best-restaurants-balham-london""}"
https://london.eater.com/maps/best-restaurants-battersea,1,maps,01_maps,downloaded,200,text/html; charset=utf-8,570963,233ba87a4e8ec2b7bec413479fd79788ac70bcafb3d7ebf645986378ba0cee9e,eater_downloads_batched\01_maps\raw\london.eater.com\49\491381a458d5ceb6d20f9a1177adeeda6cb335f07062b8b3effde731babdd248_maps-best-restaurants-battersea.html.gz,eater_downloads_batched\01_maps\raw\london.eater.com\49\491381a458d5ceb6d20f9a1177adeeda6cb335f07062b8b3effde731babdd248_maps-best-restaurants-battersea.html.gz.meta.json,,,https://london.eater.com/maps/best-restaurants-battersea,2026-06-26T18:31:29+00:00,1,,46,"{""url"": ""https://london.eater.com/maps/best-restaurants-battersea""}"
https://london.eater.com/maps/best-restaurants-bermondsey-maltby-street-market-spa-terminus,1,maps,01_maps,downloaded,200,text/html; charset=utf-8,826160,782bfbc1e2afdd71acac86cc4fd29af41b375bd4e6fb18b84589e5fcbff056ad,eater_downloads_batched\01_maps\raw\london.eater.com\9f\9f275debb4dae12998ff32a45c4d2a52ba9dfcb8658979e35be56a7289ab1598_maps-best-restaurants-bermondsey-maltby-street-market-spa-terminus.html.gz,eater_downloads_batched\01_maps\raw\london.eater.com\9f\9f275debb4dae12998ff32a45c4d2a52ba9dfcb8658979e35be56a7289ab1598_maps-best-restaurants-bermondsey-maltby-street-market-spa-terminus.html.gz.meta.json,,,https://london.eater.com/maps/best-restaurants-bermondsey-maltby-street-market-spa-terminus,2026-06-26T18:31:32+00:00,1,,47,"{""url"": ""https://london.eater.com/maps/best-restaurants-bermondsey-maltby-street-market-spa-terminus""}"
https://london.eater.com/maps/best-restaurants-brixton,1,maps,01_maps,downloaded,200,text/html; charset=utf-8,588182,4aa9644f72afc5103c94019b99b82d52cc669c530afd9d20b2386378a9a8b4bf,eater_downloads_batched\01_maps\raw\london.eater.com\64\6433b53106d3bd5ef43553c5f85cf53262ece74671ae102e05fd8a971ead1578_maps-best-restaurants-brixton.html.gz,eater_downloads_batched\01_maps\raw\london.eater.com\64\6433b53106d3bd5ef43553c5f85cf53262ece74671ae102e05fd8a971ead1578_maps-best-restaurants-brixton.html.gz.meta.json,,,https://london.eater.com/maps/best-restaurants-brixton,2026-06-26T18:31:37+00:00,1,,48,"{""url"": ""https://london.eater.com/maps/best-restaurants-brixton""}"
https://london.eater.com/maps/best-restaurants-brockley-south-east-london,1,maps,01_maps,downloaded,200,text/html; charset=utf-8,658306,a90878bf40a18d376a836bb451eab273a4d8106484e158f8b9b0c1393b7cffe0,eater_downloads_batched\01_maps\raw\london.eater.com\aa\aa51492e708f873293f7a10dd2d496482bdcc874cc372efafc92edbbed5ca5e8_maps-best-restaurants-brockley-south-east-london.html.gz,eater_downloads_batched\01_maps\raw\london.eater.com\aa\aa51492e708f873293f7a10dd2d496482bdcc874cc372efafc92edbbed5ca5e8_maps-best-restaurants-brockley-south-east-london.html.gz.meta.json,,,https://london.eater.com/maps/best-restaurants-brockley-south-east-london,2026-06-26T18:31:40+00:00,1,,49,"{""url"": ""https://london.eater.com/maps/best-restaurants-brockley-south-east-london""}"
https://london.eater.com/maps/best-restaurants-camberwell,1,maps,01_maps,downloaded,200,text/html; charset=utf-8,928698,420bbe166d3ed7f007e46409194673ea3f98e714c8f98bc47a765ae653e6961e,eater_downloads_batched\01_maps\raw\london.eater.com\c9\c980ab3296081d249f98ae823257f1a84b45f7a10deec0ccf336fb0f8a238280_maps-best-restaurants-camberwell.html.gz,eater_downloads_batched\01_maps\raw\london.eater.com\c9\c980ab3296081d249f98ae823257f1a84b45f7a10deec0ccf336fb0f8a238280_maps-best-restaurants-camberwell.html.gz.meta.json,,,https://london.eater.com/maps/best-restaurants-camberwell,2026-06-26T18:31:43+00:00,1,,50,"{""url"": ""https://london.eater.com/maps/best-restaurants-camberwell""}"
https://london.eater.com/maps/best-restaurants-cambridge-england,1,maps,01_maps,downloaded,200,text/html; charset=utf-8,680159,4b9ed0392788b4acb3d4eb8afd818e82adf1a0eecc3b332aa39d549410790adf,eater_downloads_batched\01_maps\raw\london.eater.com\80\80c8c95b66181103608fd430da985742eb7f1ca96aa33ed715b3bd52364f8898_maps-best-restaurants-cambridge-england.html.gz,eater_downloads_batched\01_maps\raw\london.eater.com\80\80c8c95b66181103608fd430da985742eb7f1ca96aa33ed715b3bd52364f8898_maps-best-restaurants-cambridge-england.html.gz.meta.json,,,https://london.eater.com/maps/best-restaurants-cambridge-england,2026-06-26T18:31:46+00:00,1,,51,"{""url"": ""https://london.eater.com/maps/best-restaurants-cambridge-england""}"
https://london.eater.com/maps/best-restaurants-camden-camden-town,1,maps,01_maps,downloaded,200,text/html; charset=utf-8,604325,3ee73f4eb3b540e16b4b6eeb04aaadb8be100043ccecb62f76dc246226d26091,eater_downloads_batched\01_maps\raw\london.eater.com\be\bef395f1c8eea06d08e12aacc45f5337dc892d49ee63decf681365a77f7c7ecd_maps-best-restaurants-camden-camden-town.html.gz,eater_downloads_batched\01_maps\raw\london.eater.com\be\bef395f1c8eea06d08e12aacc45f5337dc892d49ee63decf681365a77f7c7ecd_maps-best-restaurants-camden-camden-town.html.gz.meta.json,,,https://london.eater.com/maps/best-restaurants-camden-camden-town,2026-06-26T18:31:51+00:00,1,,52,"{""url"": ""https://london.eater.com/maps/best-restaurants-camden-camden-town""}"
https://london.eater.com/maps/best-restaurants-canary-wharf,1,maps,01_maps,downloaded,200,text/html; charset=utf-8,562495,354cd36b3cef440f75f1159adca345516fac015ba5c07c09a30261ac930a7f70,eater_downloads_batched\01_maps\raw\london.eater.com\55\551d389bf38b4d4a2c32374673577cdb895a515f6e4ea154972b3431aadb0e27_maps-best-restaurants-canary-wharf.html.gz,eater_downloads_batched\01_maps\raw\london.eater.com\55\551d389bf38b4d4a2c32374673577cdb895a515f6e4ea154972b3431aadb0e27_maps-best-restaurants-canary-wharf.html.gz.meta.json,,,https://london.eater.com/maps/best-restaurants-canary-wharf,2026-06-26T18:31:55+00:00,1,,53,"{""url"": ""https://london.eater.com/maps/best-restaurants-canary-wharf""}"
https://london.eater.com/maps/best-restaurants-catford-hither-green-south-east-london,1,maps,01_maps,downloaded,200,text/html; charset=utf-8,622673,2a7a1c999c09d7ee5b4157651dd8785d62d2be481c521da43ecc073445cd86d8,eater_downloads_batched\01_maps\raw\london.eater.com\2f\2ff2fcf4df2a84d921541b9672acc829fad1ff1a38991539a70cb71e3050f48a_maps-best-restaurants-catford-hither-green-south-east-london.html.gz,eater_downloads_batched\01_maps\raw\london.eater.com\2f\2ff2fcf4df2a84d921541b9672acc829fad1ff1a38991539a70cb71e3050f48a_maps-best-restaurants-catford-hither-green-south-east-london.html.gz.meta.json,,,https://london.eater.com/maps/best-restaurants-catford-hither-green-south-east-london,2026-06-26T18:31:59+00:00,1,,54,"{""url"": ""https://london.eater.com/maps/best-restaurants-catford-hither-green-south-east-london""}"
https://london.eater.com/maps/best-restaurants-chinatown-london,1,maps,01_maps,downloaded,200,text/html; charset=utf-8,709145,d41679661541a5fd5eed2ab531f443dbaeaeee00403b8e7b8d2e0b229d4f02dc,eater_downloads_batched\01_maps\raw\london.eater.com\01\018610586eb404b9b4f1cc5faaf5155230fd75d53c1aa5a2ecdb3a98b8d8cb4a_maps-best-restaurants-chinatown-london.html.gz,eater_downloads_batched\01_maps\raw\london.eater.com\01\018610586eb404b9b4f1cc5faaf5155230fd75d53c1aa5a2ecdb3a98b8d8cb4a_maps-best-restaurants-chinatown-london.html.gz.meta.json,,,https://london.eater.com/maps/best-restaurants-chinatown-london,2026-06-26T18:32:03+00:00,1,,55,"{""url"": ""https://london.eater.com/maps/best-restaurants-chinatown-london""}"
https://london.eater.com/maps/best-restaurants-clapham,1,maps,01_maps,downloaded,200,text/html; charset=utf-8,758571,58808129c04353c860bb71fcc8edf80e99619e093735b7b185f106b489ccf95a,eater_downloads_batched\01_maps\raw\london.eater.com\16\16a2a073d1c8b124c2cbdb46de01f83936dba49f039d9a41cfdbce6b4cda275f_maps-best-restaurants-clapham.html.gz,eater_downloads_batched\01_maps\raw\london.eater.com\16\16a2a073d1c8b124c2cbdb46de01f83936dba49f039d9a41cfdbce6b4cda275f_maps-best-restaurants-clapham.html.gz.meta.json,,,https://london.eater.com/maps/best-restaurants-clapham,2026-06-26T18:32:07+00:00,1,,56,"{""url"": ""https://london.eater.com/maps/best-restaurants-clapham""}"
https://london.eater.com/maps/best-restaurants-clerkenwell-london,1,maps,01_maps,downloaded,200,text/html; charset=utf-8,1186745,8b2ba1078cbe5e8a75cfc601c6c389ba6a4ddd0022ebe58d0b2aad7f1499d795,eater_downloads_batched\01_maps\raw\london.eater.com\5a\5a913f0cf9ae9098877037c9404b8fc1c25dd3b9bc4d12a51aecdea3346f2346_maps-best-restaurants-clerkenwell-london.html.gz,eater_downloads_batched\01_maps\raw\london.eater.com\5a\5a913f0cf9ae9098877037c9404b8fc1c25dd3b9bc4d12a51aecdea3346f2346_maps-best-restaurants-clerkenwell-london.html.gz.meta.json,,,https://london.eater.com/maps/best-restaurants-clerkenwell-london,2026-06-26T18:32:11+00:00,1,,57,"{""url"": ""https://london.eater.com/maps/best-restaurants-clerkenwell-london""}"
https://london.eater.com/maps/best-restaurants-covent-garden,1,maps,01_maps,downloaded,200,text/html; charset=utf-8,948547,1359aceae68cb708a01bf8a8e018f7567119ca464a9d22d5608ca35af3330583,eater_downloads_batched\01_maps\raw\london.eater.com\c0\c020e0ceb0e6d254bd6c62af7e94f44c49c142a45fdd8d4979ebbfd3faa8a4fe_maps-best-restaurants-covent-garden.html.gz,eater_downloads_batched\01_maps\raw\london.eater.com\c0\c020e0ceb0e6d254bd6c62af7e94f44c49c142a45fdd8d4979ebbfd3faa8a4fe_maps-best-restaurants-covent-garden.html.gz.meta.json,,,https://london.eater.com/maps/best-restaurants-covent-garden,2026-06-26T18:32:13+00:00,1,,58,"{""url"": ""https://london.eater.com/maps/best-restaurants-covent-garden""}"
https://london.eater.com/maps/best-restaurants-deptford-south-east-london,1,maps,01_maps,downloaded,200,text/html; charset=utf-8,764557,359657944ffd45dd6e13d15df9dc51d3e7964ab72a2e10800071dbc5cd4cf7a1,eater_downloads_batched\01_maps\raw\london.eater.com\1f\1f2affbb098d15194a91565e8b997f67f84bdcf2578e3093ab2bcdd7f720d8bb_maps-best-restaurants-deptford-south-east-london.html.gz,eater_downloads_batched\01_maps\raw\london.eater.com\1f\1f2affbb098d15194a91565e8b997f67f84bdcf2578e3093ab2bcdd7f720d8bb_maps-best-restaurants-deptford-south-east-london.html.gz.meta.json,,,https://london.eater.com/maps/best-restaurants-deptford-south-east-london,2026-06-26T18:32:17+00:00,1,,59,"{""url"": ""https://london.eater.com/maps/best-restaurants-deptford-south-east-london""}"
https://london.eater.com/maps/best-restaurants-ealing-broadway-common-west-london,1,maps,01_maps,downloaded,200,text/html; charset=utf-8,844445,01249190f875759addb5d7bd14efbe64cff82b9f475f3e806ff3381ccf102d3f,eater_downloads_batched\01_maps\raw\london.eater.com\70\707ccf6c9f92278c5f679f08e7780b75f017366a42117336d7eeb90f2a6287c8_maps-best-restaurants-ealing-broadway-common-west-london.html.gz,eater_downloads_batched\01_maps\raw\london.eater.com\70\707ccf6c9f92278c5f679f08e7780b75f017366a42117336d7eeb90f2a6287c8_maps-best-restaurants-ealing-broadway-common-west-london.html.gz.meta.json,,,https://london.eater.com/maps/best-restaurants-ealing-broadway-common-west-london,2026-06-26T18:32:20+00:00,1,,60,"{""url"": ""https://london.eater.com/maps/best-restaurants-ealing-broadway-common-west-london""}"
https://london.eater.com/maps/best-restaurants-east-ham-london,1,maps,01_maps,downloaded,200,text/html; charset=utf-8,749929,08aab4dd481cb3079022288a1d57c49127ffdfc810a63a80d1d17200ba7ae37a,eater_downloads_batched\01_maps\raw\london.eater.com\ce\ce853745dc216ecbb31a34441f09c21713eb80a4dc1029c9f6847067592951c9_maps-best-restaurants-east-ham-london.html.gz,eater_downloads_batched\01_maps\raw\london.eater.com\ce\ce853745dc216ecbb31a34441f09c21713eb80a4dc1029c9f6847067592951c9_maps-best-restaurants-east-ham-london.html.gz.meta.json,,,https://london.eater.com/maps/best-restaurants-east-ham-london,2026-06-26T18:32:25+00:00,1,,61,"{""url"": ""https://london.eater.com/maps/best-restaurants-east-ham-london""}"
https://london.eater.com/maps/best-restaurants-elephant-and-castle-south-london,1,maps,01_maps,downloaded,200,text/html; charset=utf-8,537110,413641370c0aa45167a354073ccb41ad28066b42a63bddbdb977e9fbc754a753,eater_downloads_batched\01_maps\raw\london.eater.com\b2\b2138acd02bddf66f025b5415fff0b7f4e3459963c6cd4bc5719ddd7ef3fb70b_maps-best-restaurants-elephant-and-castle-south-london.html.gz,eater_downloads_batched\01_maps\raw\london.eater.com\b2\b2138acd02bddf66f025b5415fff0b7f4e3459963c6cd4bc5719ddd7ef3fb70b_maps-best-restaurants-elephant-and-castle-south-london.html.gz.meta.json,,,https://london.eater.com/maps/best-restaurants-elephant-and-castle-south-london,2026-06-26T18:32:27+00:00,1,,62,"{""url"": ""https://london.eater.com/maps/best-restaurants-elephant-and-castle-south-london""}"
https://london.eater.com/maps/best-restaurants-finsbury-park-stroud-green-road,1,maps,01_maps,downloaded,200,text/html; charset=utf-8,719847,c24ca7ab494e8c88da61646759aec75fd7cf751d7920da7e705e50a631a6fcc6,eater_downloads_batched\01_maps\raw\london.eater.com\80\808b46322d4697c0775241dcb9dc5186f87c83c469b0a466189e8aa4a53582f7_maps-best-restaurants-finsbury-park-stroud-green-road.html.gz,eater_downloads_batched\01_maps\raw\london.eater.com\80\808b46322d4697c0775241dcb9dc5186f87c83c469b0a466189e8aa4a53582f7_maps-best-restaurants-finsbury-park-stroud-green-road.html.gz.meta.json,,,https://london.eater.com/maps/best-restaurants-finsbury-park-stroud-green-road,2026-06-26T18:32:31+00:00,1,,63,"{""url"": ""https://london.eater.com/maps/best-restaurants-finsbury-park-stroud-green-road""}"
https://london.eater.com/maps/best-restaurants-forest-gate-east-london-e7,1,maps,01_maps,downloaded,200,text/html; charset=utf-8,608200,1e102b21f351f67ae551a788bee8a92c5be2e409edef4088e1420d3fde1942d9,eater_downloads_batched\01_maps\raw\london.eater.com\49\49ce3ad0b118549d55ee734ea6d43ea0e6777238c3d559f39987f8ada783fa68_maps-best-restaurants-forest-gate-east-london-e7.html.gz,eater_downloads_batched\01_maps\raw\london.eater.com\49\49ce3ad0b118549d55ee734ea6d43ea0e6777238c3d559f39987f8ada783fa68_maps-best-restaurants-forest-gate-east-london-e7.html.gz.meta.json,,,https://london.eater.com/maps/best-restaurants-forest-gate-east-london-e7,2026-06-26T18:32:36+00:00,1,,64,"{""url"": ""https://london.eater.com/maps/best-restaurants-forest-gate-east-london-e7""}"
https://london.eater.com/maps/best-restaurants-fulham-putney,1,maps,01_maps,downloaded,200,text/html; charset=utf-8,587351,afd4f71e1f38f7ae9295d823d74ecc482602a7c225f09d87ea0a9f5376e1c21e,eater_downloads_batched\01_maps\raw\london.eater.com\49\495df4deac071f702863bc0e83021f6cc938fc842596bd728c6261bf57e45014_maps-best-restaurants-fulham-putney.html.gz,eater_downloads_batched\01_maps\raw\london.eater.com\49\495df4deac071f702863bc0e83021f6cc938fc842596bd728c6261bf57e45014_maps-best-restaurants-fulham-putney.html.gz.meta.json,,,https://london.eater.com/maps/best-restaurants-fulham-putney,2026-06-26T18:32:39+00:00,1,,65,"{""url"": ""https://london.eater.com/maps/best-restaurants-fulham-putney""}"
https://london.eater.com/maps/best-restaurants-golders-green,1,maps,01_maps,downloaded,200,text/html; charset=utf-8,540633,c99b0e60af6d314442d212bded1469c70193af74c728c3c3ceb5220e39bdef87,eater_downloads_batched\01_maps\raw\london.eater.com\c9\c9967de70be081d653771c9a19cc1033454d55ca7ce6031d0c897adaf56d63a8_maps-best-restaurants-golders-green.html.gz,eater_downloads_batched\01_maps\raw\london.eater.com\c9\c9967de70be081d653771c9a19cc1033454d55ca7ce6031d0c897adaf56d63a8_maps-best-restaurants-golders-green.html.gz.meta.json,,,https://london.eater.com/maps/best-restaurants-golders-green,2026-06-26T18:32:43+00:00,1,,66,"{""url"": ""https://london.eater.com/maps/best-restaurants-golders-green""}"
https://london.eater.com/maps/best-restaurants-green-lanes,1,maps,01_maps,downloaded,200,text/html; charset=utf-8,651271,30a251a34fa4cd52348737f1aacd5750309442c9869ae46e2ab83e3d862342b7,eater_downloads_batched\01_maps\raw\london.eater.com\e7\e741aebf540b4a50dec25bbc3142e5363a1cb126fe7856b7b0d4ff0c8990162a_maps-best-restaurants-green-lanes.html.gz,eater_downloads_batched\01_maps\raw\london.eater.com\e7\e741aebf540b4a50dec25bbc3142e5363a1cb126fe7856b7b0d4ff0c8990162a_maps-best-restaurants-green-lanes.html.gz.meta.json,,,https://london.eater.com/maps/best-restaurants-green-lanes,2026-06-26T18:32:46+00:00,1,,67,"{""url"": ""https://london.eater.com/maps/best-restaurants-green-lanes""}"
https://london.eater.com/maps/best-restaurants-greenwich,1,maps,01_maps,downloaded,200,text/html; charset=utf-8,599157,2e9f92ad200f656da97300faab050743778e845b690b981188ff83bea832e72a,eater_downloads_batched\01_maps\raw\london.eater.com\f1\f1f1498be948569758c1da1686b5214cf96281b2dbbbe41cf66a71b75d0976fa_maps-best-restaurants-greenwich.html.gz,eater_downloads_batched\01_maps\raw\london.eater.com\f1\f1f1498be948569758c1da1686b5214cf96281b2dbbbe41cf66a71b75d0976fa_maps-best-restaurants-greenwich.html.gz.meta.json,,,https://london.eater.com/maps/best-restaurants-greenwich,2026-06-26T18:32:49+00:00,1,,68,"{""url"": ""https://london.eater.com/maps/best-restaurants-greenwich""}"
https://london.eater.com/maps/best-restaurants-groups-london,1,maps,01_maps,downloaded,200,text/html; charset=utf-8,1247877,30e408a497474983f899e975971f5de0a0a0e0b6b535e42134c9888b48a99fe5,eater_downloads_batched\01_maps\raw\london.eater.com\6e\6e90b14b632522b674d6bb56e3c02e89a673b06c5aeb08017e6f4ce8a50a6ac9_maps-best-restaurants-groups-london.html.gz,eater_downloads_batched\01_maps\raw\london.eater.com\6e\6e90b14b632522b674d6bb56e3c02e89a673b06c5aeb08017e6f4ce8a50a6ac9_maps-best-restaurants-groups-london.html.gz.meta.json,,,https://london.eater.com/maps/best-restaurants-groups-london,2026-06-26T18:32:53+00:00,1,,69,"{""url"": ""https://london.eater.com/maps/best-restaurants-groups-london""}"
https://london.eater.com/maps/best-restaurants-hampstead-highgate,1,maps,01_maps,downloaded,200,text/html; charset=utf-8,633272,28f07a67743f23f155b28692fb083e344583d6647624dab70f4bf55cc2720d2b,eater_downloads_batched\01_maps\raw\london.eater.com\bf\bfabf0de6b35a53b0a5b6fb0f077a09330922a75ea00ef0330b461e7d97812ee_maps-best-restaurants-hampstead-highgate.html.gz,eater_downloads_batched\01_maps\raw\london.eater.com\bf\bfabf0de6b35a53b0a5b6fb0f077a09330922a75ea00ef0330b461e7d97812ee_maps-best-restaurants-hampstead-highgate.html.gz.meta.json,,,https://london.eater.com/maps/best-restaurants-hampstead-highgate,2026-06-26T18:32:57+00:00,1,,70,"{""url"": ""https://london.eater.com/maps/best-restaurants-hampstead-highgate""}"
https://london.eater.com/maps/best-restaurants-harrow-east-london-marginal-general-election-2019,1,maps,01_maps,downloaded,200,text/html; charset=utf-8,460192,4f80b12a879d2d7d2c3b56ed6147d7883c686c08e5ca76a0d29662e4379396cf,eater_downloads_batched\01_maps\raw\london.eater.com\22\2279dd7b2357579e254e77b5c849adeb725cb1b5646fc9f1aa2d459a5ff2a973_maps-best-restaurants-harrow-east-london-marginal-general-election-2019.html.gz,eater_downloads_batched\01_maps\raw\london.eater.com\22\2279dd7b2357579e254e77b5c849adeb725cb1b5646fc9f1aa2d459a5ff2a973_maps-best-restaurants-harrow-east-london-marginal-general-election-2019.html.gz.meta.json,,,https://london.eater.com/maps/best-restaurants-harrow-east-london-marginal-general-election-2019,2026-06-26T18:33:01+00:00,1,,71,"{""url"": ""https://london.eater.com/maps/best-restaurants-harrow-east-london-marginal-general-election-2019""}"
https://london.eater.com/maps/best-restaurants-in-west-croydon,1,maps,01_maps,downloaded,200,text/html; charset=utf-8,480879,60f983141f37e7db363a7ef3d562aa3d4c8912c59c3352ec13a0996dcda5bb19,eater_downloads_batched\01_maps\raw\london.eater.com\55\556de98618d6faaaf35e42679b704db34257df3398c1db882cea9b4010cb859a_maps-best-restaurants-in-west-croydon.html.gz,eater_downloads_batched\01_maps\raw\london.eater.com\55\556de98618d6faaaf35e42679b704db34257df3398c1db882cea9b4010cb859a_maps-best-restaurants-in-west-croydon.html.gz.meta.json,,,https://london.eater.com/maps/best-restaurants-in-west-croydon,2026-06-26T18:33:04+00:00,1,,72,"{""url"": ""https://london.eater.com/maps/best-restaurants-in-west-croydon""}"
https://london.eater.com/maps/best-restaurants-kensington-chelsea-london,1,maps,01_maps,downloaded,200,text/html; charset=utf-8,851609,7eb6f72e84a4d2e9c2483ba40742ec64e7e07b55b2911c1e52bcf8dbe650d729,eater_downloads_batched\01_maps\raw\london.eater.com\7e\7e7b7fea1cb27567bf2004a27c26fea12550e3d1546592377f0840fb076d0c47_maps-best-restaurants-kensington-chelsea-london.html.gz,eater_downloads_batched\01_maps\raw\london.eater.com\7e\7e7b7fea1cb27567bf2004a27c26fea12550e3d1546592377f0840fb076d0c47_maps-best-restaurants-kensington-chelsea-london.html.gz.meta.json,,,https://london.eater.com/maps/best-restaurants-kensington-chelsea-london,2026-06-26T18:33:08+00:00,1,,73,"{""url"": ""https://london.eater.com/maps/best-restaurants-kensington-chelsea-london""}"
https://london.eater.com/maps/best-restaurants-kings-cross-station,1,maps,01_maps,downloaded,200,text/html; charset=utf-8,986985,fd653c77b2d465fad1c3c23798195de34bd520bc87a8147758c52c3eebde99e1,eater_downloads_batched\01_maps\raw\london.eater.com\bd\bd4985df97dd935525145a5ea92ab747faa98286ed02dd3dfaa30098c6ec6635_maps-best-restaurants-kings-cross-station.html.gz,eater_downloads_batched\01_maps\raw\london.eater.com\bd\bd4985df97dd935525145a5ea92ab747faa98286ed02dd3dfaa30098c6ec6635_maps-best-restaurants-kings-cross-station.html.gz.meta.json,,,https://london.eater.com/maps/best-restaurants-kings-cross-station,2026-06-26T18:33:13+00:00,1,,74,"{""url"": ""https://london.eater.com/maps/best-restaurants-kings-cross-station""}"
https://london.eater.com/maps/best-restaurants-kings-road-chelsea-london,1,maps,01_maps,downloaded,200,text/html; charset=utf-8,659477,ca9adeca0756045ab5cc49d88ea0f5196aebb369ceb084808199afc16baf37df,eater_downloads_batched\01_maps\raw\london.eater.com\ef\ef21c4b5a0433c792e1f9a4af479de75a7e0c60dac749ff277725f19a0702980_maps-best-restaurants-kings-road-chelsea-london.html.gz,eater_downloads_batched\01_maps\raw\london.eater.com\ef\ef21c4b5a0433c792e1f9a4af479de75a7e0c60dac749ff277725f19a0702980_maps-best-restaurants-kings-road-chelsea-london.html.gz.meta.json,,,https://london.eater.com/maps/best-restaurants-kings-road-chelsea-london,2026-06-26T18:33:17+00:00,1,,75,"{""url"": ""https://london.eater.com/maps/best-restaurants-kings-road-chelsea-london""}"
https://london.eater.com/maps/best-restaurants-lake-district-cumbria,1,maps,01_maps,downloaded,200,text/html; charset=utf-8,588745,6cab811038b59e5c7e36cf24a7c63b2024d3d5b2d5ecffa3b670c8c08b2896a3,eater_downloads_batched\01_maps\raw\london.eater.com\c6\c67cfc430298a1f11c7a2c49647145d193df437039e1bd88f6cc2d40b0a186b8_maps-best-restaurants-lake-district-cumbria.html.gz,eater_downloads_batched\01_maps\raw\london.eater.com\c6\c67cfc430298a1f11c7a2c49647145d193df437039e1bd88f6cc2d40b0a186b8_maps-best-restaurants-lake-district-cumbria.html.gz.meta.json,,,https://london.eater.com/maps/best-restaurants-lake-district-cumbria,2026-06-26T18:33:21+00:00,1,,76,"{""url"": ""https://london.eater.com/maps/best-restaurants-lake-district-cumbria""}"
https://london.eater.com/maps/best-restaurants-lewisham-south-east-london-greenwich-sparrow,1,maps,01_maps,downloaded,200,text/html; charset=utf-8,545517,b7671965a076c6ffb77ae15670955971e515584ac1607b7596d31b0c3c5a86e6,eater_downloads_batched\01_maps\raw\london.eater.com\a4\a4a2c2adeb071cddc7dadd5292829ee8c56d3222f007de9f5148b00546c56a8b_maps-best-restaurants-lewisham-south-east-london-greenwich-sparrow.html.gz,eater_downloads_batched\01_maps\raw\london.eater.com\a4\a4a2c2adeb071cddc7dadd5292829ee8c56d3222f007de9f5148b00546c56a8b_maps-best-restaurants-lewisham-south-east-london-greenwich-sparrow.html.gz.meta.json,,,https://london.eater.com/maps/best-restaurants-lewisham-south-east-london-greenwich-sparrow,2026-06-26T18:33:24+00:00,1,,77,"{""url"": ""https://london.eater.com/maps/best-restaurants-lewisham-south-east-london-greenwich-sparrow""}"
https://london.eater.com/maps/best-restaurants-listed-buildings-london-quirky-historic,1,maps,01_maps,downloaded,200,text/html; charset=utf-8,659683,e51b8f510540c58c6cb94f965d3ccd6bd5898f2847abf3c25811f85e4fa85748,eater_downloads_batched\01_maps\raw\london.eater.com\bf\bf5464c312dfb644570cb5d0131f47f4b3436008fa2cbb384e153c1d76218fb8_maps-best-restaurants-listed-buildings-london-quirky-historic.html.gz,eater_downloads_batched\01_maps\raw\london.eater.com\bf\bf5464c312dfb644570cb5d0131f47f4b3436008fa2cbb384e153c1d76218fb8_maps-best-restaurants-listed-buildings-london-quirky-historic.html.gz.meta.json,,,https://london.eater.com/maps/best-restaurants-listed-buildings-london-quirky-historic,2026-06-26T18:33:28+00:00,1,,78,"{""url"": ""https://london.eater.com/maps/best-restaurants-listed-buildings-london-quirky-historic""}"
https://london.eater.com/maps/best-restaurants-london-art-galleries,1,maps,01_maps,downloaded,200,text/html; charset=utf-8,616952,0a9aa7bcd69a5b82f08e8f086cb2b43a65c21656e1d96dfc7278ea3b7a9282b5,eater_downloads_batched\01_maps\raw\london.eater.com\65\658b8c5c1cf89fdb3387731c0cc15650204ef9d18d64179f9f9e8df36d00a738_maps-best-restaurants-london-art-galleries.html.gz,eater_downloads_batched\01_maps\raw\london.eater.com\65\658b8c5c1cf89fdb3387731c0cc15650204ef9d18d64179f9f9e8df36d00a738_maps-best-restaurants-london-art-galleries.html.gz.meta.json,,,https://london.eater.com/maps/best-restaurants-london-art-galleries,2026-06-26T18:33:32+00:00,1,,79,"{""url"": ""https://london.eater.com/maps/best-restaurants-london-art-galleries""}"
https://london.eater.com/maps/best-restaurants-london-fields-broadway-market-hackney,1,maps,01_maps,downloaded,200,text/html; charset=utf-8,852437,99f48eddb326d1e50328cc620c83a7c8ad1cd7aef61b4ce94a2a15dd90e48a5d,eater_downloads_batched\01_maps\raw\london.eater.com\de\ded8075545760649318194d4419f6a0387b5b120c2e54e1f2d82ec38e2860713_maps-best-restaurants-london-fields-broadway-market-hackney.html.gz,eater_downloads_batched\01_maps\raw\london.eater.com\de\ded8075545760649318194d4419f6a0387b5b120c2e54e1f2d82ec38e2860713_maps-best-restaurants-london-fields-broadway-market-hackney.html.gz.meta.json,,,https://london.eater.com/maps/best-restaurants-london-fields-broadway-market-hackney,2026-06-26T18:33:36+00:00,1,,80,"{""url"": ""https://london.eater.com/maps/best-restaurants-london-fields-broadway-market-hackney""}"
https://london.eater.com/maps/best-restaurants-london-parks-hyde-park-regents-park-clapham-common,1,maps,01_maps,downloaded,200,text/html; charset=utf-8,807414,0c9e9041bfec48b2ac8eb1627451de16bf5e6169a7ef2d1333a6ccbc8c6c4477,eater_downloads_batched\01_maps\raw\london.eater.com\3f\3f03fe166788d70a18d4ece9f14affab95b15bd45b9b989b48d63cea093909f4_maps-best-restaurants-london-parks-hyde-park-regents-park-clapham-common.html.gz,eater_downloads_batched\01_maps\raw\london.eater.com\3f\3f03fe166788d70a18d4ece9f14affab95b15bd45b9b989b48d63cea093909f4_maps-best-restaurants-london-parks-hyde-park-regents-park-clapham-common.html.gz.meta.json,,,https://london.eater.com/maps/best-restaurants-london-parks-hyde-park-regents-park-clapham-common,2026-06-26T18:33:40+00:00,1,,81,"{""url"": ""https://london.eater.com/maps/best-restaurants-london-parks-hyde-park-regents-park-clapham-common""}"
https://london.eater.com/maps/best-restaurants-london-thames-view-waterside,1,maps,01_maps,downloaded,200,text/html; charset=utf-8,780409,3712f519ef106d764676f85171f5048652b1c493e04310003754a29b6496b0a2,eater_downloads_batched\01_maps\raw\london.eater.com\28\28cdf3ab50ea48ba7b55c39704f7584548ec4bfa88152e4f208cf6f89ba7b914_maps-best-restaurants-london-thames-view-waterside.html.gz,eater_downloads_batched\01_maps\raw\london.eater.com\28\28cdf3ab50ea48ba7b55c39704f7584548ec4bfa88152e4f208cf6f89ba7b914_maps-best-restaurants-london-thames-view-waterside.html.gz.meta.json,,,https://london.eater.com/maps/best-restaurants-london-thames-view-waterside,2026-06-26T18:33:44+00:00,1,,82,"{""url"": ""https://london.eater.com/maps/best-restaurants-london-thames-view-waterside""}"
https://london.eater.com/maps/best-restaurants-margate-kent,1,maps,01_maps,downloaded,200,text/html; charset=utf-8,465489,7f3ff95fe6fe909dae5f85ebaeb56e00753fac918a53185506f6cdc8fbf35f92,eater_downloads_batched\01_maps\raw\london.eater.com\21\2148b9b8c885e3602d90a5168c42f4e590ff051e9ddfdb5cd18af7074b49e219_maps-best-restaurants-margate-kent.html.gz,eater_downloads_batched\01_maps\raw\london.eater.com\21\2148b9b8c885e3602d90a5168c42f4e590ff051e9ddfdb5cd18af7074b49e219_maps-best-restaurants-margate-kent.html.gz.meta.json,,,https://london.eater.com/maps/best-restaurants-margate-kent,2026-06-26T18:33:48+00:00,1,,83,"{""url"": ""https://london.eater.com/maps/best-restaurants-margate-kent""}"
https://london.eater.com/maps/best-restaurants-new-cross,1,maps,01_maps,downloaded,200,text/html; charset=utf-8,560975,15f41bf2dc80ae6de22acf453f2a3bf06e75488e6e1f4bb3145328152857dc25,eater_downloads_batched\01_maps\raw\london.eater.com\f2\f22ad6f0474009c813f20b83a3686c1747092b2045486aef20b859252877c9e7_maps-best-restaurants-new-cross.html.gz,eater_downloads_batched\01_maps\raw\london.eater.com\f2\f22ad6f0474009c813f20b83a3686c1747092b2045486aef20b859252877c9e7_maps-best-restaurants-new-cross.html.gz.meta.json,,,https://london.eater.com/maps/best-restaurants-new-cross,2026-06-26T18:33:52+00:00,1,,84,"{""url"": ""https://london.eater.com/maps/best-restaurants-new-cross""}"
https://london.eater.com/maps/best-restaurants-newington-green-london,1,maps,01_maps,downloaded,200,text/html; charset=utf-8,688719,c24e450fbebb399a34d06e01886aad837e111007edae70f4d69fd0576048f6da,eater_downloads_batched\01_maps\raw\london.eater.com\7d\7d3b314ec283f99765f26af95f7837948b6a69ebfc8a486491ea8ce566963822_maps-best-restaurants-newington-green-london.html.gz,eater_downloads_batched\01_maps\raw\london.eater.com\7d\7d3b314ec283f99765f26af95f7837948b6a69ebfc8a486491ea8ce566963822_maps-best-restaurants-newington-green-london.html.gz.meta.json,,,https://london.eater.com/maps/best-restaurants-newington-green-london,2026-06-26T18:33:56+00:00,1,,85,"{""url"": ""https://london.eater.com/maps/best-restaurants-newington-green-london""}"
https://london.eater.com/maps/best-restaurants-oxford-street-oxford-circus,1,maps,01_maps,downloaded,200,text/html; charset=utf-8,979933,63420b0addf0d6ed3c6274363b010550abe0a941040b4bc0e584d65d7f39628d,eater_downloads_batched\01_maps\raw\london.eater.com\4e\4e39fce1c152d12795bcd7f5ead1c6f61e794209d629806dbb68bf980afcd836_maps-best-restaurants-oxford-street-oxford-circus.html.gz,eater_downloads_batched\01_maps\raw\london.eater.com\4e\4e39fce1c152d12795bcd7f5ead1c6f61e794209d629806dbb68bf980afcd836_maps-best-restaurants-oxford-street-oxford-circus.html.gz.meta.json,,,https://london.eater.com/maps/best-restaurants-oxford-street-oxford-circus,2026-06-26T18:34:01+00:00,1,,86,"{""url"": ""https://london.eater.com/maps/best-restaurants-oxford-street-oxford-circus""}"
https://london.eater.com/maps/best-restaurants-peckham,1,maps,01_maps,downloaded,200,text/html; charset=utf-8,872909,b9abc7788648e64c88296acbfa2807a44d342844138c8019dc3bc7a3c2f0b95c,eater_downloads_batched\01_maps\raw\london.eater.com\b3\b3354c42782eba9be1151ca013141e1e664a592782c74b37fbc45f9f2fdabc46_maps-best-restaurants-peckham.html.gz,eater_downloads_batched\01_maps\raw\london.eater.com\b3\b3354c42782eba9be1151ca013141e1e664a592782c74b37fbc45f9f2fdabc46_maps-best-restaurants-peckham.html.gz.meta.json,,,https://london.eater.com/maps/best-restaurants-peckham,2026-06-26T18:34:04+00:00,1,,87,"{""url"": ""https://london.eater.com/maps/best-restaurants-peckham""}"
https://london.eater.com/maps/best-restaurants-shoreditch-london,1,maps,01_maps,downloaded,200,text/html; charset=utf-8,1493318,04c47c4b95b5f5418972adaf324f1090d327005cb6f1eb133a470570f2169670,eater_downloads_batched\01_maps\raw\london.eater.com\e5\e582c9b86c8fa3364aa97c8047e3135ae80c1e2e50df460dd76b082768404466_maps-best-restaurants-shoreditch-london.html.gz,eater_downloads_batched\01_maps\raw\london.eater.com\e5\e582c9b86c8fa3364aa97c8047e3135ae80c1e2e50df460dd76b082768404466_maps-best-restaurants-shoreditch-london.html.gz.meta.json,,,https://london.eater.com/maps/best-restaurants-shoreditch-london,2026-06-26T18:34:09+00:00,1,,88,"{""url"": ""https://london.eater.com/maps/best-restaurants-shoreditch-london""}"
https://london.eater.com/maps/best-restaurants-soho,1,maps,01_maps,downloaded,200,text/html; charset=utf-8,1973050,063959f455578830edd746ef68fd4f1fb6e481f4b5ae47ad1daecacd92a14378,eater_downloads_batched\01_maps\raw\london.eater.com\4a\4ae98a339f80f28d2d4458f0a9f291a8e5695156d973f8ee393e0c8fa1e5a401_maps-best-restaurants-soho.html.gz,eater_downloads_batched\01_maps\raw\london.eater.com\4a\4ae98a339f80f28d2d4458f0a9f291a8e5695156d973f8ee393e0c8fa1e5a401_maps-best-restaurants-soho.html.gz.meta.json,,,https://london.eater.com/maps/best-restaurants-soho,2026-06-26T18:34:13+00:00,1,,89,"{""url"": ""https://london.eater.com/maps/best-restaurants-soho""}"
https://london.eater.com/maps/best-restaurants-stoke-newington,1,maps,01_maps,downloaded,200,text/html; charset=utf-8,724202,0b2f4c449dff88e76872620e6fcd520acd8f34f3ac9b065904202bafaeff638c,eater_downloads_batched\01_maps\raw\london.eater.com\5d\5d83bf49fb686d277fc61df97cafe0ad80f2a331e29003ec7a491bdcb97d525b_maps-best-restaurants-stoke-newington.html.gz,eater_downloads_batched\01_maps\raw\london.eater.com\5d\5d83bf49fb686d277fc61df97cafe0ad80f2a331e29003ec7a491bdcb97d525b_maps-best-restaurants-stoke-newington.html.gz.meta.json,,,https://london.eater.com/maps/best-restaurants-stoke-newington,2026-06-26T18:34:16+00:00,1,,90,"{""url"": ""https://london.eater.com/maps/best-restaurants-stoke-newington""}"
https://london.eater.com/maps/best-restaurants-stratford-westfield-east-london,1,maps,01_maps,downloaded,200,text/html; charset=utf-8,632121,29cabcff7f22a2c877bbbd9858544522e3bc88fe3dc8742a68fb5e9d324c81a0,eater_downloads_batched\01_maps\raw\london.eater.com\a0\a06dbd161f2b09af8f0ecd094d82fefc6be5f1c8b64f978c9f2ea5decaab802a_maps-best-restaurants-stratford-westfield-east-london.html.gz,eater_downloads_batched\01_maps\raw\london.eater.com\a0\a06dbd161f2b09af8f0ecd094d82fefc6be5f1c8b64f978c9f2ea5decaab802a_maps-best-restaurants-stratford-westfield-east-london.html.gz.meta.json,,,https://london.eater.com/maps/best-restaurants-stratford-westfield-east-london,2026-06-26T18:34:21+00:00,1,,91,"{""url"": ""https://london.eater.com/maps/best-restaurants-stratford-westfield-east-london""}"
https://london.eater.com/maps/best-restaurants-tooting,1,maps,01_maps,downloaded,200,text/html; charset=utf-8,669968,2bfd7a1604a9b6f3efde725d27ebcb728015e2182fe777e364395d25719d4e6f,eater_downloads_batched\01_maps\raw\london.eater.com\2e\2e48480f09e314021830c08c554ec5d80924a9aa9c4a3ae9402d4726341d2f7a_maps-best-restaurants-tooting.html.gz,eater_downloads_batched\01_maps\raw\london.eater.com\2e\2e48480f09e314021830c08c554ec5d80924a9aa9c4a3ae9402d4726341d2f7a_maps-best-restaurants-tooting.html.gz.meta.json,,,https://london.eater.com/maps/best-restaurants-tooting,2026-06-26T18:34:25+00:00,1,,92,"{""url"": ""https://london.eater.com/maps/best-restaurants-tooting""}"
https://london.eater.com/maps/best-restaurants-vauxhall-south-london,1,maps,01_maps,downloaded,200,text/html; charset=utf-8,617525,53b185baaa6929b350744e5c41d9e7578a4dd3d59cf139382eaee81fee88cc0c,eater_downloads_batched\01_maps\raw\london.eater.com\1b\1b2d7814fda09101e714b83a515e29bfa6d4adbf5eefd76427b34c6f4f9ec191_maps-best-restaurants-vauxhall-south-london.html.gz,eater_downloads_batched\01_maps\raw\london.eater.com\1b\1b2d7814fda09101e714b83a515e29bfa6d4adbf5eefd76427b34c6f4f9ec191_maps-best-restaurants-vauxhall-south-london.html.gz.meta.json,,,https://london.eater.com/maps/best-restaurants-vauxhall-south-london,2026-06-26T18:34:28+00:00,1,,93,"{""url"": ""https://london.eater.com/maps/best-restaurants-vauxhall-south-london""}"
https://london.eater.com/maps/best-restaurants-victoria-pimlico-london,1,maps,01_maps,downloaded,200,text/html; charset=utf-8,737589,fba2112b9ee4c9ebcf6f3d945b6acffe7dc78824d05b2e9b18a18f02855797c3,eater_downloads_batched\01_maps\raw\london.eater.com\e4\e4d9d21a1d2bead8f1223e9c8c9fcbad0b22a7e993807c6f6e26b419632629c3_maps-best-restaurants-victoria-pimlico-london.html.gz,eater_downloads_batched\01_maps\raw\london.eater.com\e4\e4d9d21a1d2bead8f1223e9c8c9fcbad0b22a7e993807c6f6e26b419632629c3_maps-best-restaurants-victoria-pimlico-london.html.gz.meta.json,,,https://london.eater.com/maps/best-restaurants-victoria-pimlico-london,2026-06-26T18:34:31+00:00,1,,94,"{""url"": ""https://london.eater.com/maps/best-restaurants-victoria-pimlico-london""}"
https://london.eater.com/maps/best-restaurants-westminster-parliament-london,1,maps,01_maps,downloaded,200,text/html; charset=utf-8,670976,39cefe0fa391df92a062177aecebf0b6b910be8da2756ab11d8846baaa97f1b3,eater_downloads_batched\01_maps\raw\london.eater.com\4e\4e8b54e9f09e403dd2a4b773866a8ff3ab2b99b494a117ce86c47ef50c97c437_maps-best-restaurants-westminster-parliament-london.html.gz,eater_downloads_batched\01_maps\raw\london.eater.com\4e\4e8b54e9f09e403dd2a4b773866a8ff3ab2b99b494a117ce86c47ef50c97c437_maps-best-restaurants-westminster-parliament-london.html.gz.meta.json,,,https://london.eater.com/maps/best-restaurants-westminster-parliament-london,2026-06-26T18:34:35+00:00,1,,95,"{""url"": ""https://london.eater.com/maps/best-restaurants-westminster-parliament-london""}"
https://london.eater.com/maps/best-restaurants-wimbledon,1,maps,01_maps,downloaded,200,text/html; charset=utf-8,541403,013207e5019a2cb2a932bd300a18539ead125d63d6d30461b198e5702a0f2cff,eater_downloads_batched\01_maps\raw\london.eater.com\eb\eb9d4f490f17bb2e074e6a5fc3a26e615f09a36db321a496099238f974cac5d6_maps-best-restaurants-wimbledon.html.gz,eater_downloads_batched\01_maps\raw\london.eater.com\eb\eb9d4f490f17bb2e074e6a5fc3a26e615f09a36db321a496099238f974cac5d6_maps-best-restaurants-wimbledon.html.gz.meta.json,,,https://london.eater.com/maps/best-restaurants-wimbledon,2026-06-26T18:34:39+00:00,1,,96,"{""url"": ""https://london.eater.com/maps/best-restaurants-wimbledon""}"
https://london.eater.com/maps/best-restaurants-woolwich-plumstead-south-east-london,1,maps,01_maps,downloaded,200,text/html; charset=utf-8,544867,e22766a2bd12b5b626cd49f7beae413551b2b2ef472bdac14625b051f231fbd4,eater_downloads_batched\01_maps\raw\london.eater.com\40\40a10ef1b7adaf420c9c240aeefc310d19f36817edca0452a7c32269cd2e0595_maps-best-restaurants-woolwich-plumstead-south-east-london.html.gz,eater_downloads_batched\01_maps\raw\london.eater.com\40\40a10ef1b7adaf420c9c240aeefc310d19f36817edca0452a7c32269cd2e0595_maps-best-restaurants-woolwich-plumstead-south-east-london.html.gz.meta.json,,,https://london.eater.com/maps/best-restaurants-woolwich-plumstead-south-east-london,2026-06-26T18:34:43+00:00,1,,97,"{""url"": ""https://london.eater.com/maps/best-restaurants-woolwich-plumstead-south-east-london""}"
https://london.eater.com/maps/best-trinidadian-roti-caribbean-food-london-restaurant-guide,1,maps,01_maps,downloaded,200,text/html; charset=utf-8,688536,71fbdbad2de110fbc7bc401f893bd8ce77e0998220b792d93c3c3017d2e989a1,eater_downloads_batched\01_maps\raw\london.eater.com\62\6269f13b4914915fae6a03a65e675106ab936cf18199bad74a7f16809e7b4900_maps-best-trinidadian-roti-caribbean-food-london-restaurant-guide.html.gz,eater_downloads_batched\01_maps\raw\london.eater.com\62\6269f13b4914915fae6a03a65e675106ab936cf18199bad74a7f16809e7b4900_maps-best-trinidadian-roti-caribbean-food-london-restaurant-guide.html.gz.meta.json,,,https://london.eater.com/maps/best-trinidadian-roti-caribbean-food-london-restaurant-guide,2026-06-26T18:34:47+00:00,1,,98,"{""url"": ""https://london.eater.com/maps/best-trinidadian-roti-caribbean-food-london-restaurant-guide""}"
https://london.eater.com/maps/general-election-2019-canvassing-best-restaurants-chipping-barnet,1,maps,01_maps,downloaded,200,text/html; charset=utf-8,551212,1e51a01d5822eaede7b1e21f79289806b7f1efaf13785cd5d6b0723e7d27b66a,eater_downloads_batched\01_maps\raw\london.eater.com\44\444e04f26eee718dc0a0af15a8da5500d865895d4e020f3ff02f4773ec3881fb_maps-general-election-2019-canvassing-best-restaurants-chipping-barnet.html.gz,eater_downloads_batched\01_maps\raw\london.eater.com\44\444e04f26eee718dc0a0af15a8da5500d865895d4e020f3ff02f4773ec3881fb_maps-general-election-2019-canvassing-best-restaurants-chipping-barnet.html.gz.meta.json,,,https://london.eater.com/maps/general-election-2019-canvassing-best-restaurants-chipping-barnet,2026-06-26T18:34:50+00:00,1,,99,"{""url"": ""https://london.eater.com/maps/general-election-2019-canvassing-best-restaurants-chipping-barnet""}"
https://london.eater.com/maps/general-election-2019-marginal-dagenham-rainham-best-restaurants-canvassing,1,maps,01_maps,downloaded,200,text/html; charset=utf-8,424938,feb761f33039b9a0d8380e0f6ce05842fafd0262b27aff89be5a506d6b11d2d9,eater_downloads_batched\01_maps\raw\london.eater.com\5c\5cb6b2590c2edace19aa8c913d946a64115e76acb56c74604340c323588d8e87_maps-general-election-2019-marginal-dagenham-rainham-best-restaurants-canvassing.html.gz,eater_downloads_batched\01_maps\raw\london.eater.com\5c\5cb6b2590c2edace19aa8c913d946a64115e76acb56c74604340c323588d8e87_maps-general-election-2019-marginal-dagenham-rainham-best-restaurants-canvassing.html.gz.meta.json,,,https://london.eater.com/maps/general-election-2019-marginal-dagenham-rainham-best-restaurants-canvassing,2026-06-26T18:34:54+00:00,1,,100,"{""url"": ""https://london.eater.com/maps/general-election-2019-marginal-dagenham-rainham-best-restaurants-canvassing""}"
https://london.eater.com/maps/general-election-2019-marginals-finchley-golders-green-best-restaurants,1,maps,01_maps,downloaded,200,text/html; charset=utf-8,544472,fc752468e2b173f78b5f80f679139588f44b3e195f18a1261d4a804cc68a6aca,eater_downloads_batched\01_maps\raw\london.eater.com\f4\f4bfa99ce68e0df179e4f4dd0cfad96429ea1b4ea2d35199c1030cc7ba22910a_maps-general-election-2019-marginals-finchley-golders-green-best-restaurants.html.gz,eater_downloads_batched\01_maps\raw\london.eater.com\f4\f4bfa99ce68e0df179e4f4dd0cfad96429ea1b4ea2d35199c1030cc7ba22910a_maps-general-election-2019-marginals-finchley-golders-green-best-restaurants.html.gz.meta.json,,,https://london.eater.com/maps/general-election-2019-marginals-finchley-golders-green-best-restaurants,2026-06-26T18:34:57+00:00,1,,101,"{""url"": ""https://london.eater.com/maps/general-election-2019-marginals-finchley-golders-green-best-restaurants""}"
https://london.eater.com/maps/general-election-2019-wimbledon-constituency-best-restaurants,1,maps,01_maps,downloaded,200,text/html; charset=utf-8,693171,a0bda452470407f6e4d955f988c9c72e619c693ca6573e752cc8e294d37dca62,eater_downloads_batched\01_maps\raw\london.eater.com\85\85073cc71e25652729d5720e3b856fa25c77cdbdee3b3b5e851e6548cb826d8c_maps-general-election-2019-wimbledon-constituency-best-restaurants.html.gz,eater_downloads_batched\01_maps\raw\london.eater.com\85\85073cc71e25652729d5720e3b856fa25c77cdbdee3b3b5e851e6548cb826d8c_maps-general-election-2019-wimbledon-constituency-best-restaurants.html.gz.meta.json,,,https://london.eater.com/maps/general-election-2019-wimbledon-constituency-best-restaurants,2026-06-26T18:35:01+00:00,1,,102,"{""url"": ""https://london.eater.com/maps/general-election-2019-wimbledon-constituency-best-restaurants""}"
https://london.eater.com/maps/general-election-marginals-best-restaurants-chingford-woodford-green,1,maps,01_maps,downloaded,200,text/html; charset=utf-8,474591,aecbe1088d5db22f6f1b0cdb4eb4f1c93f0005ba4c845be771658ec3b43c73bd,eater_downloads_batched\01_maps\raw\london.eater.com\0a\0ad7b4e696cab472d46841abfdd41cc50e05c373fd6bcdd530875acf4a1de170_maps-general-election-marginals-best-restaurants-chingford-woodford-green.html.gz,eater_downloads_batched\01_maps\raw\london.eater.com\0a\0ad7b4e696cab472d46841abfdd41cc50e05c373fd6bcdd530875acf4a1de170_maps-general-election-marginals-best-restaurants-chingford-woodford-green.html.gz.meta.json,,,https://london.eater.com/maps/general-election-marginals-best-restaurants-chingford-woodford-green,2026-06-26T18:35:06+00:00,1,,103,"{""url"": ""https://london.eater.com/maps/general-election-marginals-best-restaurants-chingford-woodford-green""}"
https://london.eater.com/maps/michelin-bib-gourmand-restaurants-london,1,maps,01_maps,downloaded,200,text/html; charset=utf-8,2365352,470f261f94007bf8cfc1e8a3128fd4b8e532f166d11ef16d5da3a2adaf30cef0,eater_downloads_batched\01_maps\raw\london.eater.com\8d\8de908c31f784f053346b62f7bdf6e0edf3a84000412fd81e966955e584d98d0_maps-michelin-bib-gourmand-restaurants-london.html.gz,eater_downloads_batched\01_maps\raw\london.eater.com\8d\8de908c31f784f053346b62f7bdf6e0edf3a84000412fd81e966955e584d98d0_maps-michelin-bib-gourmand-restaurants-london.html.gz.meta.json,,,https://london.eater.com/maps/michelin-bib-gourmand-restaurants-london,2026-06-26T18:35:09+00:00,1,,104,"{""url"": ""https://london.eater.com/maps/michelin-bib-gourmand-restaurants-london""}"
https://london.eater.com/maps/michelin-star-restaurant-set-menus-lunch-deals-london,1,maps,01_maps,downloaded,200,text/html; charset=utf-8,1653294,32d96135ac14e453058b32f1264e8ec3cf4d399b8baf79fe78ab1a18d2f7b2b7,eater_downloads_batched\01_maps\raw\london.eater.com\ff\ff3174925ec14e38b5a2b9a836ddcbfb66e4e6476334db7dabe6edcb302d4348_maps-michelin-star-restaurant-set-menus-lunch-deals-london.html.gz,eater_downloads_batched\01_maps\raw\london.eater.com\ff\ff3174925ec14e38b5a2b9a836ddcbfb66e4e6476334db7dabe6edcb302d4348_maps-michelin-star-restaurant-set-menus-lunch-deals-london.html.gz.meta.json,,,https://london.eater.com/maps/michelin-star-restaurant-set-menus-lunch-deals-london,2026-06-26T18:35:13+00:00,1,,105,"{""url"": ""https://london.eater.com/maps/michelin-star-restaurant-set-menus-lunch-deals-london""}"
https://london.eater.com/maps/mothers-day-gifts-2021-meal-kits-restaurant-delivery,1,maps,01_maps,downloaded,200,text/html; charset=utf-8,1160780,2bd8e449d191cc63021d5546c94d1c8f68a659ccaa0bef411e3594edd4fc105a,eater_downloads_batched\01_maps\raw\london.eater.com\f8\f8611c72c24d4f56048c17e91b8b5c47ad198db4ed50a46b540ab53f2bfab0a2_maps-mothers-day-gifts-2021-meal-kits-restaurant-delivery.html.gz,eater_downloads_batched\01_maps\raw\london.eater.com\f8\f8611c72c24d4f56048c17e91b8b5c47ad198db4ed50a46b540ab53f2bfab0a2_maps-mothers-day-gifts-2021-meal-kits-restaurant-delivery.html.gz.meta.json,,,https://london.eater.com/maps/mothers-day-gifts-2021-meal-kits-restaurant-delivery,2026-06-26T18:35:17+00:00,1,,106,"{""url"": ""https://london.eater.com/maps/mothers-day-gifts-2021-meal-kits-restaurant-delivery""}"
https://london.eater.com/maps/best-anchovy-dishes-london-restaurants,1,maps,01_maps,downloaded,200,text/html; charset=utf-8,834917,ee548b31aaa08517cc6e023ef67c30d694cb74bae998c56eb8fc4dd22da83bcf,eater_downloads_batched\01_maps\raw\london.eater.com\f6\f675474d7745ffda916223dcef4d5a4c0a3d8f5916efecf9b3c33b36f30560de_maps-best-anchovy-dishes-london-restaurants.html.gz,eater_downloads_batched\01_maps\raw\london.eater.com\f6\f675474d7745ffda916223dcef4d5a4c0a3d8f5916efecf9b3c33b36f30560de_maps-best-anchovy-dishes-london-restaurants.html.gz.meta.json,,,https://london.eater.com/maps/best-anchovy-dishes-london-restaurants,2026-06-26T18:35:21+00:00,1,,107,"{""url"": ""https://london.eater.com/maps/best-anchovy-dishes-london-restaurants""}"
https://london.eater.com/maps/best-aperitivo-spritz-london-bars-restaurants,1,maps,01_maps,downloaded,200,text/html; charset=utf-8,1104503,2a5f018e27f494678103cb5a3d6ea696a33c179ff46a208ffabe9d40355f28b8,eater_downloads_batched\01_maps\raw\london.eater.com\d0\d065db31c98fd0ad098d8de39f7207652fe56df0af0b4fc2321a02869866f46f_maps-best-aperitivo-spritz-london-bars-restaurants.html.gz,eater_downloads_batched\01_maps\raw\london.eater.com\d0\d065db31c98fd0ad098d8de39f7207652fe56df0af0b4fc2321a02869866f46f_maps-best-aperitivo-spritz-london-bars-restaurants.html.gz.meta.json,,,https://london.eater.com/maps/best-aperitivo-spritz-london-bars-restaurants,2026-06-26T18:35:25+00:00,1,,108,"{""url"": ""https://london.eater.com/maps/best-aperitivo-spritz-london-bars-restaurants""}"
https://london.eater.com/maps/best-breakfasts-london-restaurants-cafes,1,maps,01_maps,downloaded,200,text/html; charset=utf-8,1429843,485ff9f2fb814ef64ff2ce8d453cd308351f0e033fb48670808f3bdbe8b0350b,eater_downloads_batched\01_maps\raw\london.eater.com\a5\a50fc88a0862f245976b4882a84072c4638aab07a7ab43e7421aef47c1fdb386_maps-best-breakfasts-london-restaurants-cafes.html.gz,eater_downloads_batched\01_maps\raw\london.eater.com\a5\a50fc88a0862f245976b4882a84072c4638aab07a7ab43e7421aef47c1fdb386_maps-best-breakfasts-london-restaurants-cafes.html.gz.meta.json,,,https://london.eater.com/maps/best-breakfasts-london-restaurants-cafes,2026-06-26T18:35:28+00:00,1,,109,"{""url"": ""https://london.eater.com/maps/best-breakfasts-london-restaurants-cafes""}"
https://london.eater.com/maps/best-cafes-bars-elephant-and-castle-london,1,maps,01_maps,downloaded,200,text/html; charset=utf-8,604955,fe89eda9dacf103f92e65b3523113c907a2a672120ec8ecc90e911a62e044e43,eater_downloads_batched\01_maps\raw\london.eater.com\45\4534d4565f0fc336897859b59c48496d3b53e3fe6c445cf262812846a3abe3b0_maps-best-cafes-bars-elephant-and-castle-london.html.gz,eater_downloads_batched\01_maps\raw\london.eater.com\45\4534d4565f0fc336897859b59c48496d3b53e3fe6c445cf262812846a3abe3b0_maps-best-cafes-bars-elephant-and-castle-london.html.gz.meta.json,,,https://london.eater.com/maps/best-cafes-bars-elephant-and-castle-london,2026-06-26T18:35:32+00:00,1,,110,"{""url"": ""https://london.eater.com/maps/best-cafes-bars-elephant-and-castle-london""}"
https://london.eater.com/maps/best-caribbean-food-london-restaurants,1,maps,01_maps,downloaded,200,text/html; charset=utf-8,745719,0944a7274c9a751339cb7c639208afed65fe4f71d7f82bb92aabc2c726f9ed2e,eater_downloads_batched\01_maps\raw\london.eater.com\a9\a9f6347cf48f4d4bf46c6db73129f9cbb1f99ebc2262de0b990368595e24f57e_maps-best-caribbean-food-london-restaurants.html.gz,eater_downloads_batched\01_maps\raw\london.eater.com\a9\a9f6347cf48f4d4bf46c6db73129f9cbb1f99ebc2262de0b990368595e24f57e_maps-best-caribbean-food-london-restaurants.html.gz.meta.json,,,https://london.eater.com/maps/best-caribbean-food-london-restaurants,2026-06-26T18:35:35+00:00,1,,111,"{""url"": ""https://london.eater.com/maps/best-caribbean-food-london-restaurants""}"
https://london.eater.com/maps/best-chinese-restaurants-london-takeaway,1,maps,01_maps,downloaded,200,text/html; charset=utf-8,851292,1c97b44fa79b5900da1a7f8c000b298473d267f527476c005910fa68ad5def41,eater_downloads_batched\01_maps\raw\london.eater.com\a0\a01080e04a2ce219a03e93293821bfa840b4caa54712901bea8bf099bd3e912a_maps-best-chinese-restaurants-london-takeaway.html.gz,eater_downloads_batched\01_maps\raw\london.eater.com\a0\a01080e04a2ce219a03e93293821bfa840b4caa54712901bea8bf099bd3e912a_maps-best-chinese-restaurants-london-takeaway.html.gz.meta.json,,,https://london.eater.com/maps/best-chinese-restaurants-london-takeaway,2026-06-26T18:35:38+00:00,1,,112,"{""url"": ""https://london.eater.com/maps/best-chinese-restaurants-london-takeaway""}"
https://london.eater.com/maps/best-comfort-food-london-restaurants,1,maps,01_maps,downloaded,200,text/html; charset=utf-8,868645,1824391614a1546402b1f89d6228e3eadcddd5f31cc694b3730d072d0c295bc8,eater_downloads_batched\01_maps\raw\london.eater.com\da\dabcc1f3918279f37277e3a3630a43321dcde67839ead495d905fd34de401dfe_maps-best-comfort-food-london-restaurants.html.gz,eater_downloads_batched\01_maps\raw\london.eater.com\da\dabcc1f3918279f37277e3a3630a43321dcde67839ead495d905fd34de401dfe_maps-best-comfort-food-london-restaurants.html.gz.meta.json,,,https://london.eater.com/maps/best-comfort-food-london-restaurants,2026-06-26T18:35:42+00:00,1,,113,"{""url"": ""https://london.eater.com/maps/best-comfort-food-london-restaurants""}"
https://london.eater.com/maps/best-east-african-restaurants-london-ethiopian-eritrean-somali-food,1,maps,01_maps,downloaded,200,text/html; charset=utf-8,896862,217140e13f5f0331b6415538905e5685acfca0b9dabedbea482820ba9dff378a,eater_downloads_batched\01_maps\raw\london.eater.com\d0\d0cdf5d044815cc2cd75ee1d03634f131f016d8e66339c516d680941faf7a51b_maps-best-east-african-restaurants-london-ethiopian-eritrean-somali-food.html.gz,eater_downloads_batched\01_maps\raw\london.eater.com\d0\d0cdf5d044815cc2cd75ee1d03634f131f016d8e66339c516d680941faf7a51b_maps-best-east-african-restaurants-london-ethiopian-eritrean-somali-food.html.gz.meta.json,,,https://london.eater.com/maps/best-east-african-restaurants-london-ethiopian-eritrean-somali-food,2026-06-26T18:35:45+00:00,1,,114,"{""url"": ""https://london.eater.com/maps/best-east-african-restaurants-london-ethiopian-eritrean-somali-food""}"
https://london.eater.com/maps/best-greek-restaurants-greek-cypriot-food-london,1,maps,01_maps,downloaded,200,text/html; charset=utf-8,808485,5c5364670966e36d8578aa4fe39f592ce3e3feaff49ce52f90cfa3281e56a2f6,eater_downloads_batched\01_maps\raw\london.eater.com\00\0056c42b1a7ca35e027e366535d4377d90ddc83a3ed66eb210b6dec1d352e2c9_maps-best-greek-restaurants-greek-cypriot-food-london.html.gz,eater_downloads_batched\01_maps\raw\london.eater.com\00\0056c42b1a7ca35e027e366535d4377d90ddc83a3ed66eb210b6dec1d352e2c9_maps-best-greek-restaurants-greek-cypriot-food-london.html.gz.meta.json,,,https://london.eater.com/maps/best-greek-restaurants-greek-cypriot-food-london,2026-06-26T18:35:50+00:00,1,,115,"{""url"": ""https://london.eater.com/maps/best-greek-restaurants-greek-cypriot-food-london""}"
https://london.eater.com/maps/best-hotel-restaurants-bars-london,1,maps,01_maps,downloaded,200,text/html; charset=utf-8,792736,4be26ed2e53e1f7d61c234557bcea6e14537286858e59c3d1e4788e4c8f8d375,eater_downloads_batched\01_maps\raw\london.eater.com\30\30bf69f1e38ec23e863e4380909d8a1d506d097c0286476fe2bb948c3f0cc138_maps-best-hotel-restaurants-bars-london.html.gz,eater_downloads_batched\01_maps\raw\london.eater.com\30\30bf69f1e38ec23e863e4380909d8a1d506d097c0286476fe2bb948c3f0cc138_maps-best-hotel-restaurants-bars-london.html.gz.meta.json,,,https://london.eater.com/maps/best-hotel-restaurants-bars-london,2026-06-26T18:35:53+00:00,1,,116,"{""url"": ""https://london.eater.com/maps/best-hotel-restaurants-bars-london""}"
https://london.eater.com/maps/best-indian-restaurants-london-eastern-indian-food,1,maps,01_maps,downloaded,200,text/html; charset=utf-8,674481,d57aa07680ca3c0f7777d4894c6dc9d14abbde4efc877d3a1d621963e0f6b497,eater_downloads_batched\01_maps\raw\london.eater.com\4b\4b69bfd8705b8e5566ae7d75fe678b45d0383a29e5cf0e7a8653c2f1e5572786_maps-best-indian-restaurants-london-eastern-indian-food.html.gz,eater_downloads_batched\01_maps\raw\london.eater.com\4b\4b69bfd8705b8e5566ae7d75fe678b45d0383a29e5cf0e7a8653c2f1e5572786_maps-best-indian-restaurants-london-eastern-indian-food.html.gz.meta.json,,,https://london.eater.com/maps/best-indian-restaurants-london-eastern-indian-food,2026-06-26T18:35:56+00:00,1,,117,"{""url"": ""https://london.eater.com/maps/best-indian-restaurants-london-eastern-indian-food""}"
https://london.eater.com/maps/best-indo-chinese-restaurants-london-desi-chinese-food,1,maps,01_maps,downloaded,200,text/html; charset=utf-8,575909,b106c67ca90e8a67f041e907e51eb9d8f590749807dff0222554751d5c22c52f,eater_downloads_batched\01_maps\raw\london.eater.com\da\daf8cc9b923aef34d775e8913b3be82aab0315cb3c5a53800cc6118558036b73_maps-best-indo-chinese-restaurants-london-desi-chinese-food.html.gz,eater_downloads_batched\01_maps\raw\london.eater.com\da\daf8cc9b923aef34d775e8913b3be82aab0315cb3c5a53800cc6118558036b73_maps-best-indo-chinese-restaurants-london-desi-chinese-food.html.gz.meta.json,,,https://london.eater.com/maps/best-indo-chinese-restaurants-london-desi-chinese-food,2026-06-26T18:36:02+00:00,1,,118,"{""url"": ""https://london.eater.com/maps/best-indo-chinese-restaurants-london-desi-chinese-food""}"
https://london.eater.com/maps/best-london-pasta-dishes-italians-mad-at-food,1,maps,01_maps,downloaded,200,text/html; charset=utf-8,712005,5a048cc3faaea7f3a3516c48c43e64e7aea942f923c0289faae0ecc8d5311af1,eater_downloads_batched\01_maps\raw\london.eater.com\c0\c05605a7065111cf52467c952b60f6df6eb170ae1d63c5d981cc9cf176b2ed84_maps-best-london-pasta-dishes-italians-mad-at-food.html.gz,eater_downloads_batched\01_maps\raw\london.eater.com\c0\c05605a7065111cf52467c952b60f6df6eb170ae1d63c5d981cc9cf176b2ed84_maps-best-london-pasta-dishes-italians-mad-at-food.html.gz.meta.json,,,https://london.eater.com/maps/best-london-pasta-dishes-italians-mad-at-food,2026-06-26T18:36:05+00:00,1,,119,"{""url"": ""https://london.eater.com/maps/best-london-pasta-dishes-italians-mad-at-food""}"
https://london.eater.com/maps/best-london-restaurants-bars-live-music-jazz-blues,1,maps,01_maps,downloaded,200,text/html; charset=utf-8,660049,5a2135e221811e6c702107feb98b8477010bf28cc7b486a82a99782178762bce,eater_downloads_batched\01_maps\raw\london.eater.com\85\85b3992787c26eed0c739be48b54676294e76a1400a01e351fcbf73ac0b544e8_maps-best-london-restaurants-bars-live-music-jazz-blues.html.gz,eater_downloads_batched\01_maps\raw\london.eater.com\85\85b3992787c26eed0c739be48b54676294e76a1400a01e351fcbf73ac0b544e8_maps-best-london-restaurants-bars-live-music-jazz-blues.html.gz.meta.json,,,https://london.eater.com/maps/best-london-restaurants-bars-live-music-jazz-blues,2026-06-26T18:36:09+00:00,1,,120,"{""url"": ""https://london.eater.com/maps/best-london-restaurants-bars-live-music-jazz-blues""}"
https://london.eater.com/maps/best-outdoor-dining-london-restaurants,1,maps,01_maps,downloaded,200,text/html; charset=utf-8,2300750,4c68728ec2b74db21cdecc7e31ba069c3f5dc1e38ca3327b1e2f2f3ebd031a67,eater_downloads_batched\01_maps\raw\london.eater.com\1e\1e471a0e9eac97593fddc6048b1a3fd819318c1df5b999e7db2e5a9c56bb9332_maps-best-outdoor-dining-london-restaurants.html.gz,eater_downloads_batched\01_maps\raw\london.eater.com\1e\1e471a0e9eac97593fddc6048b1a3fd819318c1df5b999e7db2e5a9c56bb9332_maps-best-outdoor-dining-london-restaurants.html.gz.meta.json,,,https://london.eater.com/maps/best-outdoor-dining-london-restaurants,2026-06-26T18:36:13+00:00,1,,121,"{""url"": ""https://london.eater.com/maps/best-outdoor-dining-london-restaurants""}"
https://london.eater.com/maps/best-pakistani-food-restaurants-london,1,maps,01_maps,downloaded,200,text/html; charset=utf-8,906706,5696a58b355c4bda442e4de185f3127f53e5a56a0d0eccd985df792e5ad36354,eater_downloads_batched\01_maps\raw\london.eater.com\d9\d970dfcbf6f4fc1f0d7b85c57c84228b6cd6e78b5e43367ec369ee0baf4a67ca_maps-best-pakistani-food-restaurants-london.html.gz,eater_downloads_batched\01_maps\raw\london.eater.com\d9\d970dfcbf6f4fc1f0d7b85c57c84228b6cd6e78b5e43367ec369ee0baf4a67ca_maps-best-pakistani-food-restaurants-london.html.gz.meta.json,,,https://london.eater.com/maps/best-pakistani-food-restaurants-london,2026-06-26T18:36:17+00:00,1,,122,"{""url"": ""https://london.eater.com/maps/best-pakistani-food-restaurants-london""}"
https://london.eater.com/maps/best-pub-food-london-scotch-egg-sausage-roll,1,maps,01_maps,downloaded,200,text/html; charset=utf-8,1025458,9e27c92ed906e25789dbdf8fd3f148e52d6789417ff4c04b0f378054830697c1,eater_downloads_batched\01_maps\raw\london.eater.com\e8\e850f709ff17d3e5976abce418f8856ef6abcbf587bef4296a61ef68c6a521d0_maps-best-pub-food-london-scotch-egg-sausage-roll.html.gz,eater_downloads_batched\01_maps\raw\london.eater.com\e8\e850f709ff17d3e5976abce418f8856ef6abcbf587bef4296a61ef68c6a521d0_maps-best-pub-food-london-scotch-egg-sausage-roll.html.gz.meta.json,,,https://london.eater.com/maps/best-pub-food-london-scotch-egg-sausage-roll,2026-06-26T18:36:21+00:00,1,,123,"{""url"": ""https://london.eater.com/maps/best-pub-food-london-scotch-egg-sausage-roll""}"
https://london.eater.com/maps/best-rooftop-bars-restaurants-london,1,maps,01_maps,downloaded,200,text/html; charset=utf-8,844242,4f1704656eaa3da40f71c45e970e0230a569ba4ca72785e2274f65ebe0b1bb91,eater_downloads_batched\01_maps\raw\london.eater.com\93\93eb6dc203423bf82a11156f5f86a21a9798e0ce25f5b4beb7170a2a02f1f44f_maps-best-rooftop-bars-restaurants-london.html.gz,eater_downloads_batched\01_maps\raw\london.eater.com\93\93eb6dc203423bf82a11156f5f86a21a9798e0ce25f5b4beb7170a2a02f1f44f_maps-best-rooftop-bars-restaurants-london.html.gz.meta.json,,,https://london.eater.com/maps/best-rooftop-bars-restaurants-london,2026-06-26T18:36:24+00:00,1,,124,"{""url"": ""https://london.eater.com/maps/best-rooftop-bars-restaurants-london""}"
https://london.eater.com/maps/best-sausages-london-restaurant-dishes,1,maps,01_maps,downloaded,200,text/html; charset=utf-8,944542,6a99ba244e129668e87c1d7a0e909d32435bc8aac4cd0d42f585492d39f133fc,eater_downloads_batched\01_maps\raw\london.eater.com\b4\b4a3906ca9b52ef142e510ced9c5ea84e31641b27617a0543e824352078453ba_maps-best-sausages-london-restaurant-dishes.html.gz,eater_downloads_batched\01_maps\raw\london.eater.com\b4\b4a3906ca9b52ef142e510ced9c5ea84e31641b27617a0543e824352078453ba_maps-best-sausages-london-restaurant-dishes.html.gz.meta.json,,,https://london.eater.com/maps/best-sausages-london-restaurant-dishes,2026-06-26T18:36:28+00:00,1,,125,"{""url"": ""https://london.eater.com/maps/best-sausages-london-restaurant-dishes""}"
https://london.eater.com/maps/best-special-occasion-restaurants-london-splurge-meals,1,maps,01_maps,downloaded,200,text/html; charset=utf-8,1048507,0ede43ebf61be0d64b0fa098838b3da63af81e6a309fe13db85751a9085bbfdb,eater_downloads_batched\01_maps\raw\london.eater.com\60\603ee11ff5dd178af328bcf42e4bb3e8633794bc81e2f5c81de7741c58b31e9e_maps-best-special-occasion-restaurants-london-splurge-meals.html.gz,eater_downloads_batched\01_maps\raw\london.eater.com\60\603ee11ff5dd178af328bcf42e4bb3e8633794bc81e2f5c81de7741c58b31e9e_maps-best-special-occasion-restaurants-london-splurge-meals.html.gz.meta.json,,,https://london.eater.com/maps/best-special-occasion-restaurants-london-splurge-meals,2026-06-26T18:36:31+00:00,1,,126,"{""url"": ""https://london.eater.com/maps/best-special-occasion-restaurants-london-splurge-meals""}"
https://london.eater.com/maps/best-sunday-roast-london-restaurants-pubs,1,maps,01_maps,downloaded,200,text/html; charset=utf-8,883336,66fbfe89a5e7e0b0ab015fccfa012611e639710e7b3c96d7c582a8d680b3cfe9,eater_downloads_batched\01_maps\raw\london.eater.com\b1\b196442c6e74e132442e5efb1f3bf078587b61ac1d6562cf8f29b81975fdf524_maps-best-sunday-roast-london-restaurants-pubs.html.gz,eater_downloads_batched\01_maps\raw\london.eater.com\b1\b196442c6e74e132442e5efb1f3bf078587b61ac1d6562cf8f29b81975fdf524_maps-best-sunday-roast-london-restaurants-pubs.html.gz.meta.json,,,https://london.eater.com/maps/best-sunday-roast-london-restaurants-pubs,2026-06-26T18:36:35+00:00,1,,127,"{""url"": ""https://london.eater.com/maps/best-sunday-roast-london-restaurants-pubs""}"
https://london.eater.com/maps/best-vegan-fast-food-plant-based-restaurants-london,1,maps,01_maps,downloaded,200,text/html; charset=utf-8,519091,f99329f578c0fed5116b3a2c6a5fb1081e2a20508ddc4a8b1bdca6d4b0c7209e,eater_downloads_batched\01_maps\raw\london.eater.com\37\375db318b8d82bd7bad7d8d575152874a499909112b99fd57fa2cb8be1881f6d_maps-best-vegan-fast-food-plant-based-restaurants-london.html.gz,eater_downloads_batched\01_maps\raw\london.eater.com\37\375db318b8d82bd7bad7d8d575152874a499909112b99fd57fa2cb8be1881f6d_maps-best-vegan-fast-food-plant-based-restaurants-london.html.gz.meta.json,,,https://london.eater.com/maps/best-vegan-fast-food-plant-based-restaurants-london,2026-06-26T18:36:39+00:00,1,,128,"{""url"": ""https://london.eater.com/maps/best-vegan-fast-food-plant-based-restaurants-london""}"
https://london.eater.com/maps/best-wine-drink-sherry-bars-london-spanish-restaurants,1,maps,01_maps,downloaded,200,text/html; charset=utf-8,855390,3d2dfb7673ec22609148bf219ca554669c4a5940d89e3bb0ac746b31de6dea21,eater_downloads_batched\01_maps\raw\london.eater.com\b1\b11618acd54dd81c263244a164aa4a41b0b2d60f9aca9f94be6e99a3a6abe889_maps-best-wine-drink-sherry-bars-london-spanish-restaurants.html.gz,eater_downloads_batched\01_maps\raw\london.eater.com\b1\b11618acd54dd81c263244a164aa4a41b0b2d60f9aca9f94be6e99a3a6abe889_maps-best-wine-drink-sherry-bars-london-spanish-restaurants.html.gz.meta.json,,,https://london.eater.com/maps/best-wine-drink-sherry-bars-london-spanish-restaurants,2026-06-26T18:36:43+00:00,1,,129,"{""url"": ""https://london.eater.com/maps/best-wine-drink-sherry-bars-london-spanish-restaurants""}"
https://london.eater.com/maps/bone-broth-soup-best-winter-warmer-meals-london-restaurants,1,maps,01_maps,downloaded,200,text/html; charset=utf-8,1018369,3a3c8c534d82c386604e1490dc1dc3ce250e5a522610aa91498e558b9e9225a0,eater_downloads_batched\01_maps\raw\london.eater.com\1a\1a7c8c2d67272777ddc8d4c7df0218f050277f72fe2b44c011bc76d8d5256a5f_maps-bone-broth-soup-best-winter-warmer-meals-london-restaurants.html.gz,eater_downloads_batched\01_maps\raw\london.eater.com\1a\1a7c8c2d67272777ddc8d4c7df0218f050277f72fe2b44c011bc76d8d5256a5f_maps-bone-broth-soup-best-winter-warmer-meals-london-restaurants.html.gz.meta.json,,,https://london.eater.com/maps/bone-broth-soup-best-winter-warmer-meals-london-restaurants,2026-06-26T18:36:47+00:00,1,,130,"{""url"": ""https://london.eater.com/maps/bone-broth-soup-best-winter-warmer-meals-london-restaurants""}"
https://london.eater.com/maps/east-dulwich-restaurants-10-best-london-places-to-eat,1,maps,01_maps,downloaded,200,text/html; charset=utf-8,567520,7cf82ece23caa41939acc0ae82e24a8013b2277678b394500db189712c61713c,eater_downloads_batched\01_maps\raw\london.eater.com\6c\6c6aaaf8d9d583e40a45216cf33fbe462a7773a9ac468dbcb6c11f9158e08a02_maps-east-dulwich-restaurants-10-best-london-places-to-eat.html.gz,eater_downloads_batched\01_maps\raw\london.eater.com\6c\6c6aaaf8d9d583e40a45216cf33fbe462a7773a9ac468dbcb6c11f9158e08a02_maps-east-dulwich-restaurants-10-best-london-places-to-eat.html.gz.meta.json,,,https://london.eater.com/maps/east-dulwich-restaurants-10-best-london-places-to-eat,2026-06-26T18:36:50+00:00,1,,131,"{""url"": ""https://london.eater.com/maps/east-dulwich-restaurants-10-best-london-places-to-eat""}"
https://london.eater.com/maps/eat-out-to-help-out-restaurants-london-best,1,maps,01_maps,downloaded,200,text/html; charset=utf-8,1938472,ff5aa133ab69392c914f5cf611d49362d0fb5af2f1d615fc749f637a969af666,eater_downloads_batched\01_maps\raw\london.eater.com\b2\b25baac1ca0a468e8a6c6d4d450133621602983ad631e2db64e76455bc0cb1c0_maps-eat-out-to-help-out-restaurants-london-best.html.gz,eater_downloads_batched\01_maps\raw\london.eater.com\b2\b25baac1ca0a468e8a6c6d4d450133621602983ad631e2db64e76455bc0cb1c0_maps-eat-out-to-help-out-restaurants-london-best.html.gz.meta.json,,,https://london.eater.com/maps/eat-out-to-help-out-restaurants-london-best,2026-06-26T18:36:54+00:00,1,,132,"{""url"": ""https://london.eater.com/maps/eat-out-to-help-out-restaurants-london-best""}"
https://london.eater.com/maps/general-election-2019-kensington-best-london-restaurants-pubs,1,maps,01_maps,downloaded,200,text/html; charset=utf-8,806646,e2e1c200cb122dac039901b735b19d954ea38d83a53e901df7e48fae084ba9d1,eater_downloads_batched\01_maps\raw\london.eater.com\97\97ea69371331392151d5f90dcbe265b52b5bb77fd6c6485e12292ef9ced5664f_maps-general-election-2019-kensington-best-london-restaurants-pubs.html.gz,eater_downloads_batched\01_maps\raw\london.eater.com\97\97ea69371331392151d5f90dcbe265b52b5bb77fd6c6485e12292ef9ced5664f_maps-general-election-2019-kensington-best-london-restaurants-pubs.html.gz.meta.json,,,https://london.eater.com/maps/general-election-2019-kensington-best-london-restaurants-pubs,2026-06-26T18:36:57+00:00,1,,133,"{""url"": ""https://london.eater.com/maps/general-election-2019-kensington-best-london-restaurants-pubs""}"
https://london.eater.com/maps/general-election-2019-where-to-eat-cities-of-london-westminster,1,maps,01_maps,downloaded,200,text/html; charset=utf-8,1025188,f282a00788dadcb87119b47afedcf033d502d544b65d3538f54aedab96857514,eater_downloads_batched\01_maps\raw\london.eater.com\45\455acef35a1db78811db5e534c02b4cc511f6ecbb3128b8bd0590f0d5d5bf7f5_maps-general-election-2019-where-to-eat-cities-of-london-westminster.html.gz,eater_downloads_batched\01_maps\raw\london.eater.com\45\455acef35a1db78811db5e534c02b4cc511f6ecbb3128b8bd0590f0d5d5bf7f5_maps-general-election-2019-where-to-eat-cities-of-london-westminster.html.gz.meta.json,,,https://london.eater.com/maps/general-election-2019-where-to-eat-cities-of-london-westminster,2026-06-26T18:37:01+00:00,1,,134,"{""url"": ""https://london.eater.com/maps/general-election-2019-where-to-eat-cities-of-london-westminster""}"
https://london.eater.com/maps/general-election-where-to-eat-canvassing-hendon,1,maps,01_maps,downloaded,200,text/html; charset=utf-8,532321,521892eaa73256dc57981ea38cfdd5b79d18adeb44cc0cd05ca8c7211a68a5a1,eater_downloads_batched\01_maps\raw\london.eater.com\c6\c65f4c1104b05c540fd37c8f01cebb4e9ad1a8c2e7a1f3561121e779d9d825c5_maps-general-election-where-to-eat-canvassing-hendon.html.gz,eater_downloads_batched\01_maps\raw\london.eater.com\c6\c65f4c1104b05c540fd37c8f01cebb4e9ad1a8c2e7a1f3561121e779d9d825c5_maps-general-election-where-to-eat-canvassing-hendon.html.gz.meta.json,,,https://london.eater.com/maps/general-election-where-to-eat-canvassing-hendon,2026-06-26T18:37:04+00:00,1,,135,"{""url"": ""https://london.eater.com/maps/general-election-where-to-eat-canvassing-hendon""}"
https://london.eater.com/maps/iconic-dishes-london-best-restaurant-dishes,1,maps,01_maps,downloaded,200,text/html; charset=utf-8,1465104,156454661f732827a6d119bc437c4443a46317fc5d135e4e067e3366c4366304,eater_downloads_batched\01_maps\raw\london.eater.com\41\415a1b93d7d64d9bcd3345476b8a1454700d96bbeb5d935d9e4e3fee3419b1e4_maps-iconic-dishes-london-best-restaurant-dishes.html.gz,eater_downloads_batched\01_maps\raw\london.eater.com\41\415a1b93d7d64d9bcd3345476b8a1454700d96bbeb5d935d9e4e3fee3419b1e4_maps-iconic-dishes-london-best-restaurant-dishes.html.gz.meta.json,,,https://london.eater.com/maps/iconic-dishes-london-best-restaurant-dishes,2026-06-26T18:37:07+00:00,1,,136,"{""url"": ""https://london.eater.com/maps/iconic-dishes-london-best-restaurant-dishes""}"
https://london.eater.com/maps/maida-vale-queens-park-best-london-restaurants-guide,1,maps,01_maps,downloaded,200,text/html; charset=utf-8,673973,08671283ec6c29b6e2ca75ba736409ebc31a128af047b0f01fe732d31c8c6996,eater_downloads_batched\01_maps\raw\london.eater.com\5b\5b04ce2bc033ca96e6920136f7b05efab7008cffa3b5be400d7db0bf9b45f125_maps-maida-vale-queens-park-best-london-restaurants-guide.html.gz,eater_downloads_batched\01_maps\raw\london.eater.com\5b\5b04ce2bc033ca96e6920136f7b05efab7008cffa3b5be400d7db0bf9b45f125_maps-maida-vale-queens-park-best-london-restaurants-guide.html.gz.meta.json,,,https://london.eater.com/maps/maida-vale-queens-park-best-london-restaurants-guide,2026-06-26T18:37:11+00:00,1,,137,"{""url"": ""https://london.eater.com/maps/maida-vale-queens-park-best-london-restaurants-guide""}"
https://london.eater.com/maps/new-years-eve-2022-best-london-restaurant-bar,1,maps,01_maps,downloaded,200,text/html; charset=utf-8,741681,04a32c0f5b0f303ff96ea46811a577cc103f0d009428c43d35a64a881002b598,eater_downloads_batched\01_maps\raw\london.eater.com\ce\ced11475f05dc952b42b2b8307eb792c63e638657d7f2767db20284f9b2b623a_maps-new-years-eve-2022-best-london-restaurant-bar.html.gz,eater_downloads_batched\01_maps\raw\london.eater.com\ce\ced11475f05dc952b42b2b8307eb792c63e638657d7f2767db20284f9b2b623a_maps-new-years-eve-2022-best-london-restaurant-bar.html.gz.meta.json,,,https://london.eater.com/maps/new-years-eve-2022-best-london-restaurant-bar,2026-06-26T18:37:14+00:00,1,,138,"{""url"": ""https://london.eater.com/maps/new-years-eve-2022-best-london-restaurant-bar""}"
https://london.eater.com/maps/oysters-best-bars-restaurants-london,1,maps,01_maps,downloaded,200,text/html; charset=utf-8,833073,a22029535574a0ff41f6f76408c67d344b3f468648133f383df53e679625ffb6,eater_downloads_batched\01_maps\raw\london.eater.com\ce\cefd7ac5b09d6bff934cb1ce5a73c84c8b3cd92d9415c2589c6e39cbd23ed93e_maps-oysters-best-bars-restaurants-london.html.gz,eater_downloads_batched\01_maps\raw\london.eater.com\ce\cefd7ac5b09d6bff934cb1ce5a73c84c8b3cd92d9415c2589c6e39cbd23ed93e_maps-oysters-best-bars-restaurants-london.html.gz.meta.json,,,https://london.eater.com/maps/oysters-best-bars-restaurants-london,2026-06-26T18:37:18+00:00,1,,139,"{""url"": ""https://london.eater.com/maps/oysters-best-bars-restaurants-london""}"
https://london.eater.com/maps/super-bowl-lvi-2022-where-to-watch-london-restaurants-bars-pubs,1,maps,01_maps,downloaded,200,text/html; charset=utf-8,407309,b9448c5b37e0f070b6f33b4ebba9f57e4fce9998b43b9843d512547d547b921d,eater_downloads_batched\01_maps\raw\london.eater.com\08\08f8a8b63e2667166895b2b0fa3a49b267d9fa7419f2cc6ff1e46327fd30b446_maps-super-bowl-lvi-2022-where-to-watch-london-restaurants-bars-pubs.html.gz,eater_downloads_batched\01_maps\raw\london.eater.com\08\08f8a8b63e2667166895b2b0fa3a49b267d9fa7419f2cc6ff1e46327fd30b446_maps-super-bowl-lvi-2022-where-to-watch-london-restaurants-bars-pubs.html.gz.meta.json,,,https://london.eater.com/maps/super-bowl-lvi-2022-where-to-watch-london-restaurants-bars-pubs,2026-06-26T18:37:23+00:00,1,,140,"{""url"": ""https://london.eater.com/maps/super-bowl-lvi-2022-where-to-watch-london-restaurants-bars-pubs""}"
https://london.eater.com/maps/takeaway-pints-london-best-craft-beer-pubs-bottleshops,1,maps,01_maps,downloaded,200,text/html; charset=utf-8,571202,6be052b1589356cc89c3b8841cb69c4eec0d53ae9eccdc49e2001c0b5cbaf82a,eater_downloads_batched\01_maps\raw\london.eater.com\39\39f44d8041b0ceee802209be455a90aeec63f606da4e4d4d4cbd5c1f7a16ec99_maps-takeaway-pints-london-best-craft-beer-pubs-bottleshops.html.gz,eater_downloads_batched\01_maps\raw\london.eater.com\39\39f44d8041b0ceee802209be455a90aeec63f606da4e4d4d4cbd5c1f7a16ec99_maps-takeaway-pints-london-best-craft-beer-pubs-bottleshops.html.gz.meta.json,,,https://london.eater.com/maps/takeaway-pints-london-best-craft-beer-pubs-bottleshops,2026-06-26T18:37:26+00:00,1,,141,"{""url"": ""https://london.eater.com/maps/takeaway-pints-london-best-craft-beer-pubs-bottleshops""}"
https://london.eater.com/maps/10-best-places-restaurants-in-crystal-palace,1,maps,01_maps,downloaded,200,text/html; charset=utf-8,550318,a10a278cdf00247f9e4867eb9d76f98fd05a55e63d22a02f7d722dfa66e2a383,eater_downloads_batched\01_maps\raw\london.eater.com\a8\a8b4d16e4166b99f0abe5d2c8b3988e427a4c64f67a1deac4752002be0f8322e_maps-10-best-places-restaurants-in-crystal-palace.html.gz,eater_downloads_batched\01_maps\raw\london.eater.com\a8\a8b4d16e4166b99f0abe5d2c8b3988e427a4c64f67a1deac4752002be0f8322e_maps-10-best-places-restaurants-in-crystal-palace.html.gz.meta.json,,,https://london.eater.com/maps/10-best-places-restaurants-in-crystal-palace,2026-06-26T18:37:30+00:00,1,,142,"{""url"": ""https://london.eater.com/maps/10-best-places-restaurants-in-crystal-palace""}"
https://london.eater.com/maps/2019-oscars-the-favourite-food-restaurant-locations-london,1,maps,01_maps,downloaded,200,text/html; charset=utf-8,475626,0edc29e47f2ce75d6a600926a039ac4966b2c6d053358a43dbd7731bed0a4a41,eater_downloads_batched\01_maps\raw\london.eater.com\21\212f196812ce9be21ddb4d37e107e8970b2e5362cfb442eebdf022a5c9dc9be3_maps-2019-oscars-the-favourite-food-restaurant-locations-london.html.gz,eater_downloads_batched\01_maps\raw\london.eater.com\21\212f196812ce9be21ddb4d37e107e8970b2e5362cfb442eebdf022a5c9dc9be3_maps-2019-oscars-the-favourite-food-restaurant-locations-london.html.gz.meta.json,,,https://london.eater.com/maps/2019-oscars-the-favourite-food-restaurant-locations-london,2026-06-26T18:37:35+00:00,1,,143,"{""url"": ""https://london.eater.com/maps/2019-oscars-the-favourite-food-restaurant-locations-london""}"
https://london.eater.com/maps/best-afro-vegan-restaurants-plant-based-london,1,maps,01_maps,downloaded,200,text/html; charset=utf-8,559877,f6a691d462bb6e813786e6ff075717499bbe502d332bdf1e3b9a8664beda51c6,eater_downloads_batched\01_maps\raw\london.eater.com\04\0498cbc12dac7d3e6cc58acfd89940e84527b02351fa4549617b22cd8a589a55_maps-best-afro-vegan-restaurants-plant-based-london.html.gz,eater_downloads_batched\01_maps\raw\london.eater.com\04\0498cbc12dac7d3e6cc58acfd89940e84527b02351fa4549617b22cd8a589a55_maps-best-afro-vegan-restaurants-plant-based-london.html.gz.meta.json,,,https://london.eater.com/maps/best-afro-vegan-restaurants-plant-based-london,2026-06-26T18:37:37+00:00,1,,144,"{""url"": ""https://london.eater.com/maps/best-afro-vegan-restaurants-plant-based-london""}"
https://london.eater.com/maps/best-bakeries-london-sourdough-croissants-pastries,1,maps,01_maps,downloaded,200,text/html; charset=utf-8,910938,020b88a4335c953147a7c030a53b89fed1d2483d5e451c3a3b00d6005f098320,eater_downloads_batched\01_maps\raw\london.eater.com\c0\c0aa6b6cdc129ce381d023b8105b0afdfda3b4a9ab61951d25e6a1dc4b819c2f_maps-best-bakeries-london-sourdough-croissants-pastries.html.gz,eater_downloads_batched\01_maps\raw\london.eater.com\c0\c0aa6b6cdc129ce381d023b8105b0afdfda3b4a9ab61951d25e6a1dc4b819c2f_maps-best-bakeries-london-sourdough-croissants-pastries.html.gz.meta.json,,,https://london.eater.com/maps/best-bakeries-london-sourdough-croissants-pastries,2026-06-26T18:37:41+00:00,1,,145,"{""url"": ""https://london.eater.com/maps/best-bakeries-london-sourdough-croissants-pastries""}"
https://london.eater.com/maps/best-balkan-restaurants-london,1,maps,01_maps,downloaded,200,text/html; charset=utf-8,500947,ddb740cf7366a099ccb99a29922f789127da9c7646b598e46f41356ae7b4eb6a,eater_downloads_batched\01_maps\raw\london.eater.com\72\72d1d7a8e5e0191c2c0b5a7be4e4480bb937d3b81db502cbd4aa621b89a86c15_maps-best-balkan-restaurants-london.html.gz,eater_downloads_batched\01_maps\raw\london.eater.com\72\72d1d7a8e5e0191c2c0b5a7be4e4480bb937d3b81db502cbd4aa621b89a86c15_maps-best-balkan-restaurants-london.html.gz.meta.json,,,https://london.eater.com/maps/best-balkan-restaurants-london,2026-06-26T18:37:45+00:00,1,,146,"{""url"": ""https://london.eater.com/maps/best-balkan-restaurants-london""}"
https://london.eater.com/maps/best-beef-wellington-london-restaurants,1,maps,01_maps,downloaded,200,text/html; charset=utf-8,712516,c0635063f2d228fc7983c07f6b485611b7a380a63a4c44904a47d0b7570051c8,eater_downloads_batched\01_maps\raw\london.eater.com\3b\3b3295003bebfd53b0da6b0ec9c968cf8db7613a726336af3ad70e89c1b43537_maps-best-beef-wellington-london-restaurants.html.gz,eater_downloads_batched\01_maps\raw\london.eater.com\3b\3b3295003bebfd53b0da6b0ec9c968cf8db7613a726336af3ad70e89c1b43537_maps-best-beef-wellington-london-restaurants.html.gz.meta.json,,,https://london.eater.com/maps/best-beef-wellington-london-restaurants,2026-06-26T18:37:48+00:00,1,,147,"{""url"": ""https://london.eater.com/maps/best-beef-wellington-london-restaurants""}"
https://london.eater.com/maps/best-brazilian-restaurants-london,1,maps,01_maps,downloaded,200,text/html; charset=utf-8,490566,395277617fff88dd561f98f42652126fee1afbe0a52735ecc5538182aa0b9a16,eater_downloads_batched\01_maps\raw\london.eater.com\e4\e46c570d6ec1296e83f882ec0a77bcccd5d4f401897269729649380aa85002c7_maps-best-brazilian-restaurants-london.html.gz,eater_downloads_batched\01_maps\raw\london.eater.com\e4\e46c570d6ec1296e83f882ec0a77bcccd5d4f401897269729649380aa85002c7_maps-best-brazilian-restaurants-london.html.gz.meta.json,,,https://london.eater.com/maps/best-brazilian-restaurants-london,2026-06-26T18:37:52+00:00,1,,148,"{""url"": ""https://london.eater.com/maps/best-brazilian-restaurants-london""}"
https://london.eater.com/maps/best-british-restaurants-london,1,maps,01_maps,downloaded,200,text/html; charset=utf-8,1219887,408195d199c9ed4a4a26d57aaa4e589879325f83e94ec25e56da8b314506cda0,eater_downloads_batched\01_maps\raw\london.eater.com\2a\2a44648832ff04c8314d63bf6b697d8bb7ee3d9bbb075ddeb63c04733c460d79_maps-best-british-restaurants-london.html.gz,eater_downloads_batched\01_maps\raw\london.eater.com\2a\2a44648832ff04c8314d63bf6b697d8bb7ee3d9bbb075ddeb63c04733c460d79_maps-best-british-restaurants-london.html.gz.meta.json,,,https://london.eater.com/maps/best-british-restaurants-london,2026-06-26T18:37:56+00:00,1,,149,"{""url"": ""https://london.eater.com/maps/best-british-restaurants-london""}"
https://london.eater.com/maps/best-burmese-restaurants-london,1,maps,01_maps,downloaded,200,text/html; charset=utf-8,524577,9cb2a4771eac362ffad42fadcaddc9205dbf5a0ec417a320ca49d9fe46402336,eater_downloads_batched\01_maps\raw\london.eater.com\16\16c234693ad8adb0a73684ce1fff72cb393156ef7b2ccb46e73bd13fa70d84c2_maps-best-burmese-restaurants-london.html.gz,eater_downloads_batched\01_maps\raw\london.eater.com\16\16c234693ad8adb0a73684ce1fff72cb393156ef7b2ccb46e73bd13fa70d84c2_maps-best-burmese-restaurants-london.html.gz.meta.json,,,https://london.eater.com/maps/best-burmese-restaurants-london,2026-06-26T18:38:00+00:00,1,,150,"{""url"": ""https://london.eater.com/maps/best-burmese-restaurants-london""}"
https://london.eater.com/maps/best-cafes-south-london,1,maps,01_maps,downloaded,200,text/html; charset=utf-8,580407,8270f82ca7981713d5399d3090a323a9e62eab3918d3c1c6cee205c707d2f4d1,eater_downloads_batched\01_maps\raw\london.eater.com\d2\d28d3a84d0540709838fb4036aee30901c13d14d0ba517153452fcb2a5f2268a_maps-best-cafes-south-london.html.gz,eater_downloads_batched\01_maps\raw\london.eater.com\d2\d28d3a84d0540709838fb4036aee30901c13d14d0ba517153452fcb2a5f2268a_maps-best-cafes-south-london.html.gz.meta.json,,,https://london.eater.com/maps/best-cafes-south-london,2026-06-26T18:38:04+00:00,1,,151,"{""url"": ""https://london.eater.com/maps/best-cafes-south-london""}"
https://london.eater.com/maps/best-cake-london-bakery-birthday-celebration-dessert,1,maps,01_maps,downloaded,200,text/html; charset=utf-8,1144634,5569743b8fbc421b028aaddf574addf58b403459ed3d69997bfb1580b3941c8f,eater_downloads_batched\01_maps\raw\london.eater.com\0d\0d58a8525c7df00b293ad1a5cbbe06fbe488f8e27778825a3e51ae7e112c9ae0_maps-best-cake-london-bakery-birthday-celebration-dessert.html.gz,eater_downloads_batched\01_maps\raw\london.eater.com\0d\0d58a8525c7df00b293ad1a5cbbe06fbe488f8e27778825a3e51ae7e112c9ae0_maps-best-cake-london-bakery-birthday-celebration-dessert.html.gz.meta.json,,,https://london.eater.com/maps/best-cake-london-bakery-birthday-celebration-dessert,2026-06-26T18:38:07+00:00,1,,152,"{""url"": ""https://london.eater.com/maps/best-cake-london-bakery-birthday-celebration-dessert""}"
https://london.eater.com/maps/best-caribbean-bakeries-london,1,maps,01_maps,downloaded,200,text/html; charset=utf-8,551396,49d1d97dea1d9c27a19ad3802a5263bf9fce01c3e7ed26b0b2fa29436622068f,eater_downloads_batched\01_maps\raw\london.eater.com\f5\f5c7c708fcccd93613b91f27fe32734b88aa468a915f47f082dc56b96b5bedd5_maps-best-caribbean-bakeries-london.html.gz,eater_downloads_batched\01_maps\raw\london.eater.com\f5\f5c7c708fcccd93613b91f27fe32734b88aa468a915f47f082dc56b96b5bedd5_maps-best-caribbean-bakeries-london.html.gz.meta.json,,,https://london.eater.com/maps/best-caribbean-bakeries-london,2026-06-26T18:38:12+00:00,1,,153,"{""url"": ""https://london.eater.com/maps/best-caribbean-bakeries-london""}"
https://london.eater.com/maps/best-caribbean-restaurants-london-fish-friday,1,maps,01_maps,downloaded,200,text/html; charset=utf-8,489592,01243466a718db6556243bc84368dec4c0899ba14671f35a296d21440ffe10c4,eater_downloads_batched\01_maps\raw\london.eater.com\49\4978b0a53a20528d310657131a901ab31c6f0acb51866f1d77f087bb69287217_maps-best-caribbean-restaurants-london-fish-friday.html.gz,eater_downloads_batched\01_maps\raw\london.eater.com\49\4978b0a53a20528d310657131a901ab31c6f0acb51866f1d77f087bb69287217_maps-best-caribbean-restaurants-london-fish-friday.html.gz.meta.json,,,https://london.eater.com/maps/best-caribbean-restaurants-london-fish-friday,2026-06-26T18:38:16+00:00,1,,154,"{""url"": ""https://london.eater.com/maps/best-caribbean-restaurants-london-fish-friday""}"
https://london.eater.com/maps/best-caribbean-street-food-london-food-markets,1,maps,01_maps,downloaded,200,text/html; charset=utf-8,648694,e8c95a2433cea2eb086ef83df6c7e89a6ba333a84aab1887b549b39c7f7bbf87,eater_downloads_batched\01_maps\raw\london.eater.com\e3\e3754c7fd11aa644b9ccb4144bea828afdf8ab5451f6c583309e15781470c682_maps-best-caribbean-street-food-london-food-markets.html.gz,eater_downloads_batched\01_maps\raw\london.eater.com\e3\e3754c7fd11aa644b9ccb4144bea828afdf8ab5451f6c583309e15781470c682_maps-best-caribbean-street-food-london-food-markets.html.gz.meta.json,,,https://london.eater.com/maps/best-caribbean-street-food-london-food-markets,2026-06-26T18:38:20+00:00,1,,155,"{""url"": ""https://london.eater.com/maps/best-caribbean-street-food-london-food-markets""}"
https://london.eater.com/maps/best-child-friendly-restaurants-london,1,maps,01_maps,downloaded,200,text/html; charset=utf-8,609214,0ccad942f9c709e62dcfda015ef819879f8795cbce393159db2686c7ccae6657,eater_downloads_batched\01_maps\raw\london.eater.com\de\de305a9d6bd9f17678fd1f4359b6b7ac1cb779b4234a2cc607dc4f121f11b510_maps-best-child-friendly-restaurants-london.html.gz,eater_downloads_batched\01_maps\raw\london.eater.com\de\de305a9d6bd9f17678fd1f4359b6b7ac1cb779b4234a2cc607dc4f121f11b510_maps-best-child-friendly-restaurants-london.html.gz.meta.json,,,https://london.eater.com/maps/best-child-friendly-restaurants-london,2026-06-26T18:38:23+00:00,1,,156,"{""url"": ""https://london.eater.com/maps/best-child-friendly-restaurants-london""}"
https://london.eater.com/maps/best-chinese-restaurants-london,1,maps,01_maps,downloaded,200,text/html; charset=utf-8,1246718,e3d651635adeeff6e962695920e65787b1f0bbf8aed30a1fb5b483e48ee3bf8b,eater_downloads_batched\01_maps\raw\london.eater.com\3e\3e71bc2b7a6358929dbb4db9b7b9c0ffcceee77c794c6853d458c3d32e86d355_maps-best-chinese-restaurants-london.html.gz,eater_downloads_batched\01_maps\raw\london.eater.com\3e\3e71bc2b7a6358929dbb4db9b7b9c0ffcceee77c794c6853d458c3d32e86d355_maps-best-chinese-restaurants-london.html.gz.meta.json,,,https://london.eater.com/maps/best-chinese-restaurants-london,2026-06-26T18:38:28+00:00,1,,157,"{""url"": ""https://london.eater.com/maps/best-chinese-restaurants-london""}"
https://london.eater.com/maps/best-christmas-lunch-dinner-london-restaurants,1,maps,01_maps,downloaded,200,text/html; charset=utf-8,1100418,25b42c914f1325521acbe6a2ad78802f0d3af125f1f17c8e95837090ba22d395,eater_downloads_batched\01_maps\raw\london.eater.com\61\61af603c73bad123788873a1fd4779d718cdac40f1145a1a2955cc95b275be2c_maps-best-christmas-lunch-dinner-london-restaurants.html.gz,eater_downloads_batched\01_maps\raw\london.eater.com\61\61af603c73bad123788873a1fd4779d718cdac40f1145a1a2955cc95b275be2c_maps-best-christmas-lunch-dinner-london-restaurants.html.gz.meta.json,,,https://london.eater.com/maps/best-christmas-lunch-dinner-london-restaurants,2026-06-26T18:38:32+00:00,1,,158,"{""url"": ""https://london.eater.com/maps/best-christmas-lunch-dinner-london-restaurants""}"
https://london.eater.com/maps/best-cinema-food-london-cinemas-electric-cinema-portobello-olympic-studios-barnes-rio-cinema,1,maps,01_maps,downloaded,200,text/html; charset=utf-8,521557,55e3e2a3f219747f44e71bf5f7cc43255cf79ab68b14f720d5f0e46db600f301,eater_downloads_batched\01_maps\raw\london.eater.com\6b\6b73d076abf9a3b14df2c85bd5088652ede8a55e2cc1d7cc2b207097d248a5a3_maps-best-cinema-food-london-cinemas-electric-cinema-portobello-olympic-studios-barnes-rio-cinema.html.gz,eater_downloads_batched\01_maps\raw\london.eater.com\6b\6b73d076abf9a3b14df2c85bd5088652ede8a55e2cc1d7cc2b207097d248a5a3_maps-best-cinema-food-london-cinemas-electric-cinema-portobello-olympic-studios-barnes-rio-cinema.html.gz.meta.json,,,https://london.eater.com/maps/best-cinema-food-london-cinemas-electric-cinema-portobello-olympic-studios-barnes-rio-cinema,2026-06-26T18:38:36+00:00,1,,159,"{""url"": ""https://london.eater.com/maps/best-cinema-food-london-cinemas-electric-cinema-portobello-olympic-studios-barnes-rio-cinema""}"
https://london.eater.com/maps/best-cocktail-bars-london,1,maps,01_maps,downloaded,200,text/html; charset=utf-8,715773,7c2b313d9be35a6cfa0e324e9c1d2ec6a6f356b8f3e39cb9194e8bdb193e36c0,eater_downloads_batched\01_maps\raw\london.eater.com\a9\a9ed8f914a28ba37a8c297973da7d7f71635ebe7481ec5c600cd1f5c89538817_maps-best-cocktail-bars-london.html.gz,eater_downloads_batched\01_maps\raw\london.eater.com\a9\a9ed8f914a28ba37a8c297973da7d7f71635ebe7481ec5c600cd1f5c89538817_maps-best-cocktail-bars-london.html.gz.meta.json,,,https://london.eater.com/maps/best-cocktail-bars-london,2026-06-26T18:38:41+00:00,1,,160,"{""url"": ""https://london.eater.com/maps/best-cocktail-bars-london""}"
https://london.eater.com/maps/best-craft-beer-london-pubs-taprooms,1,maps,01_maps,downloaded,200,text/html; charset=utf-8,726415,f4f111dd4945f7a5a21624593c8244b3b73060cb7d364d6f5c54f2cc55108145,eater_downloads_batched\01_maps\raw\london.eater.com\c3\c3fa87130f338accf2374df9ea1eee88b86a6452e2e39363e55e88c330c244e8_maps-best-craft-beer-london-pubs-taprooms.html.gz,eater_downloads_batched\01_maps\raw\london.eater.com\c3\c3fa87130f338accf2374df9ea1eee88b86a6452e2e39363e55e88c330c244e8_maps-best-craft-beer-london-pubs-taprooms.html.gz.meta.json,,,https://london.eater.com/maps/best-craft-beer-london-pubs-taprooms,2026-06-26T18:38:43+00:00,1,,161,"{""url"": ""https://london.eater.com/maps/best-craft-beer-london-pubs-taprooms""}"
https://london.eater.com/maps/best-dumplings-london-restaurants,1,maps,01_maps,downloaded,200,text/html; charset=utf-8,1037167,4fb8bc74713b529892640ee6e038aabc6ae8a4c7385caa841455ef8156093e3b,eater_downloads_batched\01_maps\raw\london.eater.com\84\84a04993a030972da18746e8daa0d45cfe4bf864a9d2c608929e604f8400d3db_maps-best-dumplings-london-restaurants.html.gz,eater_downloads_batched\01_maps\raw\london.eater.com\84\84a04993a030972da18746e8daa0d45cfe4bf864a9d2c608929e604f8400d3db_maps-best-dumplings-london-restaurants.html.gz.meta.json,,,https://london.eater.com/maps/best-dumplings-london-restaurants,2026-06-26T18:38:48+00:00,1,,162,"{""url"": ""https://london.eater.com/maps/best-dumplings-london-restaurants""}"
https://london.eater.com/maps/best-egg-dishes-london-hoppers-brat-barrafina,1,maps,01_maps,downloaded,200,text/html; charset=utf-8,1199515,b430a8fcd14b623dd7cdd6c7e25d905b8dde9ccd01a786a26a15b7ea57f9a852,eater_downloads_batched\01_maps\raw\london.eater.com\5f\5f708184fede813e59573a4f71b6fa572cbdab67d6662b9a90778a326e783c40_maps-best-egg-dishes-london-hoppers-brat-barrafina.html.gz,eater_downloads_batched\01_maps\raw\london.eater.com\5f\5f708184fede813e59573a4f71b6fa572cbdab67d6662b9a90778a326e783c40_maps-best-egg-dishes-london-hoppers-brat-barrafina.html.gz.meta.json,,,https://london.eater.com/maps/best-egg-dishes-london-hoppers-brat-barrafina,2026-06-26T18:38:52+00:00,1,,163,"{""url"": ""https://london.eater.com/maps/best-egg-dishes-london-hoppers-brat-barrafina""}"
https://london.eater.com/maps/best-famous-london-restaurants-visitors-tourists,1,maps,01_maps,downloaded,200,text/html; charset=utf-8,1223753,bfae31ca73cc4ff27ccc77a588dcd241ba9d7cb02f1f45d0c0417772c4b8fd8e,eater_downloads_batched\01_maps\raw\london.eater.com\79\79bcdd08a92113f167fd888bd866622bfd181e99474f7448b0ba73b424532721_maps-best-famous-london-restaurants-visitors-tourists.html.gz,eater_downloads_batched\01_maps\raw\london.eater.com\79\79bcdd08a92113f167fd888bd866622bfd181e99474f7448b0ba73b424532721_maps-best-famous-london-restaurants-visitors-tourists.html.gz.meta.json,,,https://london.eater.com/maps/best-famous-london-restaurants-visitors-tourists,2026-06-26T18:38:55+00:00,1,,164,"{""url"": ""https://london.eater.com/maps/best-famous-london-restaurants-visitors-tourists""}"
https://london.eater.com/maps/best-fika-london-swedish-buns-bakeries,1,maps,01_maps,downloaded,200,text/html; charset=utf-8,660830,1ce3ea4d76cdf9c9148eba00682397f266f645dde985dd74646de542cc4a7ff5,eater_downloads_batched\01_maps\raw\london.eater.com\44\449968d09519afeff11190f110621cfa483010d64ef20b56ff58cc2852915b3b_maps-best-fika-london-swedish-buns-bakeries.html.gz,eater_downloads_batched\01_maps\raw\london.eater.com\44\449968d09519afeff11190f110621cfa483010d64ef20b56ff58cc2852915b3b_maps-best-fika-london-swedish-buns-bakeries.html.gz.meta.json,,,https://london.eater.com/maps/best-fika-london-swedish-buns-bakeries,2026-06-26T18:38:59+00:00,1,,165,"{""url"": ""https://london.eater.com/maps/best-fika-london-swedish-buns-bakeries""}"
https://london.eater.com/maps/best-french-restaurants-london,1,maps,01_maps,downloaded,200,text/html; charset=utf-8,1057228,4fd2cc2147c9c03c44e74f435d75a78fc36c5407712ff2f15e975b95ae3f0141,eater_downloads_batched\01_maps\raw\london.eater.com\1a\1af3fb3a4bfd7b61a1d0cca242eb7ada010ce30e412b03f56ac3817018daf8b0_maps-best-french-restaurants-london.html.gz,eater_downloads_batched\01_maps\raw\london.eater.com\1a\1af3fb3a4bfd7b61a1d0cca242eb7ada010ce30e412b03f56ac3817018daf8b0_maps-best-french-restaurants-london.html.gz.meta.json,,,https://london.eater.com/maps/best-french-restaurants-london,2026-06-26T18:39:02+00:00,1,,166,"{""url"": ""https://london.eater.com/maps/best-french-restaurants-london""}"
https://london.eater.com/maps/best-greasy-spoon-cafes-london-full-english-breakfast-fry-up,1,maps,01_maps,downloaded,200,text/html; charset=utf-8,735677,f25ec2d1076d8262e17b74aad925b699116142b8beb832cbfba9f563e5dba915,eater_downloads_batched\01_maps\raw\london.eater.com\de\de4c52c89bfd8ecf73eb9dd4166b4d354b79c86e810d7dc5965f4649e7a2a9ab_maps-best-greasy-spoon-cafes-london-full-english-breakfast-fry-up.html.gz,eater_downloads_batched\01_maps\raw\london.eater.com\de\de4c52c89bfd8ecf73eb9dd4166b4d354b79c86e810d7dc5965f4649e7a2a9ab_maps-best-greasy-spoon-cafes-london-full-english-breakfast-fry-up.html.gz.meta.json,,,https://london.eater.com/maps/best-greasy-spoon-cafes-london-full-english-breakfast-fry-up,2026-06-26T18:39:05+00:00,1,,167,"{""url"": ""https://london.eater.com/maps/best-greasy-spoon-cafes-london-full-english-breakfast-fry-up""}"
https://london.eater.com/maps/best-greek-cypriot-restaurants-palmers-green,1,maps,01_maps,downloaded,200,text/html; charset=utf-8,711486,d9191da2b850283c6bb8a1d0ddd5a24dcd26f3cbdc350fe142879bf10710c5e5,eater_downloads_batched\01_maps\raw\london.eater.com\94\94f0eb7566fb2e87f7690eadaf0eaffc6fa1529268cb11767c92765852bc9748_maps-best-greek-cypriot-restaurants-palmers-green.html.gz,eater_downloads_batched\01_maps\raw\london.eater.com\94\94f0eb7566fb2e87f7690eadaf0eaffc6fa1529268cb11767c92765852bc9748_maps-best-greek-cypriot-restaurants-palmers-green.html.gz.meta.json,,,https://london.eater.com/maps/best-greek-cypriot-restaurants-palmers-green,2026-06-26T18:39:09+00:00,1,,168,"{""url"": ""https://london.eater.com/maps/best-greek-cypriot-restaurants-palmers-green""}"
https://london.eater.com/maps/best-halal-restaurants-london,1,maps,01_maps,downloaded,200,text/html; charset=utf-8,1131974,ae8513b511ba037819955dba1477e49e02e7a83dec7ca3a59db3793b50a049a5,eater_downloads_batched\01_maps\raw\london.eater.com\3a\3a06dedcc139eae798836b0e02d51756541610a8a721e021fe4693f67299873b_maps-best-halal-restaurants-london.html.gz,eater_downloads_batched\01_maps\raw\london.eater.com\3a\3a06dedcc139eae798836b0e02d51756541610a8a721e021fe4693f67299873b_maps-best-halal-restaurants-london.html.gz.meta.json,,,https://london.eater.com/maps/best-halal-restaurants-london,2026-06-26T18:39:13+00:00,1,,169,"{""url"": ""https://london.eater.com/maps/best-halal-restaurants-london""}"
https://london.eater.com/maps/best-hot-pot-restaurants-london-sichuan-cantonese,1,maps,01_maps,downloaded,200,text/html; charset=utf-8,508235,f68238f9b5eb75d3275f0fa367d31b6959516beea03f2cb6764335c40dbbb69c,eater_downloads_batched\01_maps\raw\london.eater.com\a9\a92d511ee32c88854304d4dce2f242dc838d95a2e43e97249d90d12e309ab30a_maps-best-hot-pot-restaurants-london-sichuan-cantonese.html.gz,eater_downloads_batched\01_maps\raw\london.eater.com\a9\a92d511ee32c88854304d4dce2f242dc838d95a2e43e97249d90d12e309ab30a_maps-best-hot-pot-restaurants-london-sichuan-cantonese.html.gz.meta.json,,,https://london.eater.com/maps/best-hot-pot-restaurants-london-sichuan-cantonese,2026-06-26T18:39:17+00:00,1,,170,"{""url"": ""https://london.eater.com/maps/best-hot-pot-restaurants-london-sichuan-cantonese""}"
https://london.eater.com/maps/best-hummus-london-restaurants,1,maps,01_maps,downloaded,200,text/html; charset=utf-8,726629,aeb6e71d052537e9f6ad30a69d0aa55fe0e403bba873a52085014d1400eb2134,eater_downloads_batched\01_maps\raw\london.eater.com\03\03f8a73df68de4fcdf6f0aa2d3e07fd0319519f4ee8a7f39541740109d2fd30b_maps-best-hummus-london-restaurants.html.gz,eater_downloads_batched\01_maps\raw\london.eater.com\03\03f8a73df68de4fcdf6f0aa2d3e07fd0319519f4ee8a7f39541740109d2fd30b_maps-best-hummus-london-restaurants.html.gz.meta.json,,,https://london.eater.com/maps/best-hummus-london-restaurants,2026-06-26T18:39:20+00:00,1,,171,"{""url"": ""https://london.eater.com/maps/best-hummus-london-restaurants""}"
https://london.eater.com/maps/best-ice-cream-london-restaurants,1,maps,01_maps,downloaded,200,text/html; charset=utf-8,1293050,a21b4a56ef5ac0a4604ff852ec1e0a6ecea4c434dd051f3de2121e2dc187efb1,eater_downloads_batched\01_maps\raw\london.eater.com\e3\e3093105b42e7e1ac12284fd734552b2b74446ab81992ad621360b2be7226a68_maps-best-ice-cream-london-restaurants.html.gz,eater_downloads_batched\01_maps\raw\london.eater.com\e3\e3093105b42e7e1ac12284fd734552b2b74446ab81992ad621360b2be7226a68_maps-best-ice-cream-london-restaurants.html.gz.meta.json,,,https://london.eater.com/maps/best-ice-cream-london-restaurants,2026-06-26T18:39:24+00:00,1,,172,"{""url"": ""https://london.eater.com/maps/best-ice-cream-london-restaurants""}"
https://london.eater.com/maps/best-iced-coffee-london,1,maps,01_maps,downloaded,200,text/html; charset=utf-8,702829,aefa5bc853a609d75259cf4954b0a16994e87af339cda854c8377d6d06ee4f3c,eater_downloads_batched\01_maps\raw\london.eater.com\70\7044d8ff5ecf9c54ed2fe63f330fd19a6d81f276bfda8642c08fd43afccb2394_maps-best-iced-coffee-london.html.gz,eater_downloads_batched\01_maps\raw\london.eater.com\70\7044d8ff5ecf9c54ed2fe63f330fd19a6d81f276bfda8642c08fd43afccb2394_maps-best-iced-coffee-london.html.gz.meta.json,,,https://london.eater.com/maps/best-iced-coffee-london,2026-06-26T18:39:27+00:00,1,,173,"{""url"": ""https://london.eater.com/maps/best-iced-coffee-london""}"
https://london.eater.com/maps/best-indian-restaurants-london,1,maps,01_maps,downloaded,200,text/html; charset=utf-8,1024847,6054ac0411f74176a5b7083a63b604691abeb6070e102c7e9ff7560f977fda98,eater_downloads_batched\01_maps\raw\london.eater.com\f7\f78f63cfaee612787e9164170d8104c42375ff5d9ebe34a67ce51a7d326c6fcf_maps-best-indian-restaurants-london.html.gz,eater_downloads_batched\01_maps\raw\london.eater.com\f7\f78f63cfaee612787e9164170d8104c42375ff5d9ebe34a67ce51a7d326c6fcf_maps-best-indian-restaurants-london.html.gz.meta.json,,,https://london.eater.com/maps/best-indian-restaurants-london,2026-06-26T18:39:30+00:00,1,,174,"{""url"": ""https://london.eater.com/maps/best-indian-restaurants-london""}"
https://london.eater.com/maps/best-italian-caffs-not-cafes-london-instagram,1,maps,01_maps,downloaded,200,text/html; charset=utf-8,720144,e84240bc4edec57c732eb6580239c6afb37262c44eecfb40275e0c8643f9d1e0,eater_downloads_batched\01_maps\raw\london.eater.com\ed\ed5db55edfc7e3606a825bcba0dc673f3fb6908da5fe93b6e0ad5b6e784ba9e1_maps-best-italian-caffs-not-cafes-london-instagram.html.gz,eater_downloads_batched\01_maps\raw\london.eater.com\ed\ed5db55edfc7e3606a825bcba0dc673f3fb6908da5fe93b6e0ad5b6e784ba9e1_maps-best-italian-caffs-not-cafes-london-instagram.html.gz.meta.json,,,https://london.eater.com/maps/best-italian-caffs-not-cafes-london-instagram,2026-06-26T18:39:33+00:00,1,,175,"{""url"": ""https://london.eater.com/maps/best-italian-caffs-not-cafes-london-instagram""}"
https://london.eater.com/maps/best-italian-deli-london-restaurants,1,maps,01_maps,downloaded,200,text/html; charset=utf-8,613777,4c87994d52a51639b55eb419890d332aba02dedcc9b19743e1fd626697b638f7,eater_downloads_batched\01_maps\raw\london.eater.com\c3\c3fb540d5ba119f7acd44a74b4c1a5da0c554c67246b65e7e068aeb593193ac4_maps-best-italian-deli-london-restaurants.html.gz,eater_downloads_batched\01_maps\raw\london.eater.com\c3\c3fb540d5ba119f7acd44a74b4c1a5da0c554c67246b65e7e068aeb593193ac4_maps-best-italian-deli-london-restaurants.html.gz.meta.json,,,https://london.eater.com/maps/best-italian-deli-london-restaurants,2026-06-26T18:39:37+00:00,1,,176,"{""url"": ""https://london.eater.com/maps/best-italian-deli-london-restaurants""}"
https://london.eater.com/maps/best-italian-restaurants-london,1,maps,01_maps,downloaded,200,text/html; charset=utf-8,1349684,0ef242d3f790526be1f94f1548e70636a95177ed165b529f7ce7397f253ea96f,eater_downloads_batched\01_maps\raw\london.eater.com\34\34559d51c119fdec0f1b3ebd61eb1d47d21ee12f88bd429d9b314b8633a83c50_maps-best-italian-restaurants-london.html.gz,eater_downloads_batched\01_maps\raw\london.eater.com\34\34559d51c119fdec0f1b3ebd61eb1d47d21ee12f88bd429d9b314b8633a83c50_maps-best-italian-restaurants-london.html.gz.meta.json,,,https://london.eater.com/maps/best-italian-restaurants-london,2026-06-26T18:39:43+00:00,1,,177,"{""url"": ""https://london.eater.com/maps/best-italian-restaurants-london""}"
https://london.eater.com/maps/best-korean-restaurants-new-malden,1,maps,01_maps,downloaded,200,text/html; charset=utf-8,704928,bf271711b60ac604b324e7ae6989d8de1192b919e9e877d20be0e995e1a01c32,eater_downloads_batched\01_maps\raw\london.eater.com\3b\3b4367056d34721476a0adc5b09e9eed1b1a7bc25fe177bfdb10fd5cc674045c_maps-best-korean-restaurants-new-malden.html.gz,eater_downloads_batched\01_maps\raw\london.eater.com\3b\3b4367056d34721476a0adc5b09e9eed1b1a7bc25fe177bfdb10fd5cc674045c_maps-best-korean-restaurants-new-malden.html.gz.meta.json,,,https://london.eater.com/maps/best-korean-restaurants-new-malden,2026-06-26T18:39:44+00:00,1,,178,"{""url"": ""https://london.eater.com/maps/best-korean-restaurants-new-malden""}"
https://london.eater.com/maps/best-late-night-24-hour-restaurants-london,1,maps,01_maps,downloaded,200,text/html; charset=utf-8,1327290,2bdd99979ca0f9a85499bde5fd72e658e9cb605715bcfccf526c1b6bcb1ba92b,eater_downloads_batched\01_maps\raw\london.eater.com\c3\c3d65c081b6235f138a002481e4fdf0a46fb60b65d6b736ad28b97a16edb2a22_maps-best-late-night-24-hour-restaurants-london.html.gz,eater_downloads_batched\01_maps\raw\london.eater.com\c3\c3d65c081b6235f138a002481e4fdf0a46fb60b65d6b736ad28b97a16edb2a22_maps-best-late-night-24-hour-restaurants-london.html.gz.meta.json,,,https://london.eater.com/maps/best-late-night-24-hour-restaurants-london,2026-06-26T18:40:43+00:00,2,,179,"{""url"": ""https://london.eater.com/maps/best-late-night-24-hour-restaurants-london""}"
https://london.eater.com/maps/best-lebanese-restaurants-london,1,maps,01_maps,downloaded,200,text/html; charset=utf-8,726941,38c89b7aceb0e61a3b18bb85756ad403670daf90196322952066ebffa53f5ebd,eater_downloads_batched\01_maps\raw\london.eater.com\b9\b95746feaa4d2b27337903bf6f8fa7d3ce337ef27323077e52644f7f4faeed0e_maps-best-lebanese-restaurants-london.html.gz,eater_downloads_batched\01_maps\raw\london.eater.com\b9\b95746feaa4d2b27337903bf6f8fa7d3ce337ef27323077e52644f7f4faeed0e_maps-best-lebanese-restaurants-london.html.gz.meta.json,,,https://london.eater.com/maps/best-lebanese-restaurants-london,2026-06-26T18:40:48+00:00,1,,180,"{""url"": ""https://london.eater.com/maps/best-lebanese-restaurants-london""}"
https://london.eater.com/maps/best-live-fire-restaurants-london,1,maps,01_maps,downloaded,200,text/html; charset=utf-8,856475,2ac2b27391c6b3fe17e51815a4b709603b95f1077d5f7254f9e29d92e87ecd3d,eater_downloads_batched\01_maps\raw\london.eater.com\e5\e5b2204d870f6b3dc3cd085552156ed1115a300d147b6f8668fd2356210c4b3c_maps-best-live-fire-restaurants-london.html.gz,eater_downloads_batched\01_maps\raw\london.eater.com\e5\e5b2204d870f6b3dc3cd085552156ed1115a300d147b6f8668fd2356210c4b3c_maps-best-live-fire-restaurants-london.html.gz.meta.json,,,https://london.eater.com/maps/best-live-fire-restaurants-london,2026-06-26T18:40:51+00:00,1,,181,"{""url"": ""https://london.eater.com/maps/best-live-fire-restaurants-london""}"
https://london.eater.com/maps/best-london-cafes-freelancers-work-wifi,1,maps,01_maps,downloaded,200,text/html; charset=utf-8,582354,b4c8714369b1358722a20c6411d62b02fbe14a3ce79704a79d8c9f3584eb9243,eater_downloads_batched\01_maps\raw\london.eater.com\5a\5a4cf35856c875a332c533f367a86d20d0995f59ad5761053a4ad29f7e72adba_maps-best-london-cafes-freelancers-work-wifi.html.gz,eater_downloads_batched\01_maps\raw\london.eater.com\5a\5a4cf35856c875a332c533f367a86d20d0995f59ad5761053a4ad29f7e72adba_maps-best-london-cafes-freelancers-work-wifi.html.gz.meta.json,,,https://london.eater.com/maps/best-london-cafes-freelancers-work-wifi,2026-06-26T18:40:55+00:00,1,,182,"{""url"": ""https://london.eater.com/maps/best-london-cafes-freelancers-work-wifi""}"
https://london.eater.com/maps/best-london-pubs,1,maps,01_maps,downloaded,200,text/html; charset=utf-8,626293,2ad5dcb3e35ba53b43da3d77e6624077814785818d606167312aaee08bddf431,eater_downloads_batched\01_maps\raw\london.eater.com\53\5312db4933fe1856604f6983d5a7e8ebc6315614e50f848cea05fa4db4eb4c85_maps-best-london-pubs.html.gz,eater_downloads_batched\01_maps\raw\london.eater.com\53\5312db4933fe1856604f6983d5a7e8ebc6315614e50f848cea05fa4db4eb4c85_maps-best-london-pubs.html.gz.meta.json,,,https://london.eater.com/maps/best-london-pubs,2026-06-26T18:40:58+00:00,1,,183,"{""url"": ""https://london.eater.com/maps/best-london-pubs""}"
https://london.eater.com/maps/best-london-restaurant-fireplaces-christmas-2018,1,maps,01_maps,downloaded,200,text/html; charset=utf-8,730019,1f01a9e64315a6fb0d346a4d8ea1865e51ef6dd8640e88d257de650286b4740a,eater_downloads_batched\01_maps\raw\london.eater.com\05\054e428561b401f60664be423524aa68da0302785d19827ce44430590121a088_maps-best-london-restaurant-fireplaces-christmas-2018.html.gz,eater_downloads_batched\01_maps\raw\london.eater.com\05\054e428561b401f60664be423524aa68da0302785d19827ce44430590121a088_maps-best-london-restaurant-fireplaces-christmas-2018.html.gz.meta.json,,,https://london.eater.com/maps/best-london-restaurant-fireplaces-christmas-2018,2026-06-26T18:41:02+00:00,1,,184,"{""url"": ""https://london.eater.com/maps/best-london-restaurant-fireplaces-christmas-2018""}"
https://london.eater.com/maps/best-london-restaurants-hangover-cure,1,maps,01_maps,downloaded,200,text/html; charset=utf-8,1341548,6ce6838783a434c7dbd37540ac8f1cca686b9cd533c0557685cb7d700cebeded,eater_downloads_batched\01_maps\raw\london.eater.com\a9\a9ed17aee1075a017776137162c3c0d0bc6a1043dfd4c3998d94364a84c0ba2d_maps-best-london-restaurants-hangover-cure.html.gz,eater_downloads_batched\01_maps\raw\london.eater.com\a9\a9ed17aee1075a017776137162c3c0d0bc6a1043dfd4c3998d94364a84c0ba2d_maps-best-london-restaurants-hangover-cure.html.gz.meta.json,,,https://london.eater.com/maps/best-london-restaurants-hangover-cure,2026-06-26T18:41:05+00:00,1,,185,"{""url"": ""https://london.eater.com/maps/best-london-restaurants-hangover-cure""}"
https://london.eater.com/maps/best-london-restaurants-kurdish-kashmiri-basque-uyghur,1,maps,01_maps,downloaded,200,text/html; charset=utf-8,670491,aec78171fdf72b8d16c0ff169448dd5be7fcf72bc3b97a56d047757033bb2e6c,eater_downloads_batched\01_maps\raw\london.eater.com\56\562cff962972dfdcc9032fde11e97fb04f1d6add35e14db23e24a10fd2df77a5_maps-best-london-restaurants-kurdish-kashmiri-basque-uyghur.html.gz,eater_downloads_batched\01_maps\raw\london.eater.com\56\562cff962972dfdcc9032fde11e97fb04f1d6add35e14db23e24a10fd2df77a5_maps-best-london-restaurants-kurdish-kashmiri-basque-uyghur.html.gz.meta.json,,,https://london.eater.com/maps/best-london-restaurants-kurdish-kashmiri-basque-uyghur,2026-06-26T18:41:09+00:00,1,,186,"{""url"": ""https://london.eater.com/maps/best-london-restaurants-kurdish-kashmiri-basque-uyghur""}"
https://london.eater.com/maps/best-lunar-new-year-menus-london-restaurant-feasts,1,maps,01_maps,downloaded,200,text/html; charset=utf-8,666226,0f5f950379bd417ae8981a347de24e9ec5ab0c74367f6c0656f759d3596064b6,eater_downloads_batched\01_maps\raw\london.eater.com\3c\3cedc91275774b815d5fd6ab0b78774da332e5a7d7f2513dd7eb82d51684401d_maps-best-lunar-new-year-menus-london-restaurant-feasts.html.gz,eater_downloads_batched\01_maps\raw\london.eater.com\3c\3cedc91275774b815d5fd6ab0b78774da332e5a7d7f2513dd7eb82d51684401d_maps-best-lunar-new-year-menus-london-restaurant-feasts.html.gz.meta.json,,,https://london.eater.com/maps/best-lunar-new-year-menus-london-restaurant-feasts,2026-06-26T18:41:14+00:00,1,,187,"{""url"": ""https://london.eater.com/maps/best-lunar-new-year-menus-london-restaurant-feasts""}"
https://london.eater.com/maps/best-martinis-london-cocktail-bars,1,maps,01_maps,downloaded,200,text/html; charset=utf-8,796141,0434713739e930f5740d4a5ff31dff0e53775d3080e74788d97d47a2cf824acd,eater_downloads_batched\01_maps\raw\london.eater.com\96\9632f1955cc0beb7cee10f4452c0727212e3c04bdabaeda8ec6efe0648577b76_maps-best-martinis-london-cocktail-bars.html.gz,eater_downloads_batched\01_maps\raw\london.eater.com\96\9632f1955cc0beb7cee10f4452c0727212e3c04bdabaeda8ec6efe0648577b76_maps-best-martinis-london-cocktail-bars.html.gz.meta.json,,,https://london.eater.com/maps/best-martinis-london-cocktail-bars,2026-06-26T18:41:15+00:00,1,,188,"{""url"": ""https://london.eater.com/maps/best-martinis-london-cocktail-bars""}"
https://london.eater.com/maps/best-new-cocktail-bars-london,1,maps,01_maps,downloaded,200,text/html; charset=utf-8,443227,c60844aa495fafb2a638890fbd10feebae7f899f72797e1b638e913d37408597,eater_downloads_batched\01_maps\raw\london.eater.com\07\07f25d1de893a21c7a0a60746f04b034dfd5661548c127a203368295d3202fbf_maps-best-new-cocktail-bars-london.html.gz,eater_downloads_batched\01_maps\raw\london.eater.com\07\07f25d1de893a21c7a0a60746f04b034dfd5661548c127a203368295d3202fbf_maps-best-new-cocktail-bars-london.html.gz.meta.json,,,https://london.eater.com/maps/best-new-cocktail-bars-london,2026-06-26T18:41:19+00:00,1,,189,"{""url"": ""https://london.eater.com/maps/best-new-cocktail-bars-london""}"
https://london.eater.com/maps/best-new-restaurants-london-heatmap,1,maps,01_maps,downloaded,200,text/html; charset=utf-8,583705,69cfa7cbb2b494a135daf61f4acfef34e46f1220f0614eb3b9afabb9ead6680c,eater_downloads_batched\01_maps\raw\london.eater.com\af\afe7c6ccb1c1a7da18754913a3df678e14cc5c2e82fd98c4123e4f27c120970d_maps-best-new-restaurants-london-heatmap.html.gz,eater_downloads_batched\01_maps\raw\london.eater.com\af\afe7c6ccb1c1a7da18754913a3df678e14cc5c2e82fd98c4123e4f27c120970d_maps-best-new-restaurants-london-heatmap.html.gz.meta.json,,,https://london.eater.com/maps/best-new-restaurants-london-heatmap,2026-06-26T18:41:22+00:00,1,,190,"{""url"": ""https://london.eater.com/maps/best-new-restaurants-london-heatmap""}"
https://london.eater.com/maps/best-north-indian-restaurants-london,1,maps,01_maps,downloaded,200,text/html; charset=utf-8,768682,e97c977aa9c6cbba3f1224af2686c82e7d6666a2c24534075aab5d434dcde71b,eater_downloads_batched\01_maps\raw\london.eater.com\fe\fefa6702e9fee395627debe4e42283278dba202dd77a543ea90b17a1eb3066dd_maps-best-north-indian-restaurants-london.html.gz,eater_downloads_batched\01_maps\raw\london.eater.com\fe\fefa6702e9fee395627debe4e42283278dba202dd77a543ea90b17a1eb3066dd_maps-best-north-indian-restaurants-london.html.gz.meta.json,,,https://london.eater.com/maps/best-north-indian-restaurants-london,2026-06-26T18:41:26+00:00,1,,191,"{""url"": ""https://london.eater.com/maps/best-north-indian-restaurants-london""}"
https://london.eater.com/maps/best-offal-nose-to-tail-restaurants-london,1,maps,01_maps,downloaded,200,text/html; charset=utf-8,825885,322a05763413a0b30449d34e51d5918dee8d94e216f8745c50e28a613c49cb48,eater_downloads_batched\01_maps\raw\london.eater.com\1c\1c773fbdcbb6c87c0bb98f018b428d541595dbe717819cd05099c47545910bc0_maps-best-offal-nose-to-tail-restaurants-london.html.gz,eater_downloads_batched\01_maps\raw\london.eater.com\1c\1c773fbdcbb6c87c0bb98f018b428d541595dbe717819cd05099c47545910bc0_maps-best-offal-nose-to-tail-restaurants-london.html.gz.meta.json,,,https://london.eater.com/maps/best-offal-nose-to-tail-restaurants-london,2026-06-26T18:41:28+00:00,1,,192,"{""url"": ""https://london.eater.com/maps/best-offal-nose-to-tail-restaurants-london""}"
https://london.eater.com/maps/best-outdoor-restaurants-london-shelter-rain,1,maps,01_maps,downloaded,200,text/html; charset=utf-8,1107054,3d34425273163d3126abdc5bcba772052c194675539781509a939f92c6c080df,eater_downloads_batched\01_maps\raw\london.eater.com\81\81b8771f09ee02fe1283aeaffb1101ca4c075c02b8d0c5ea4057a974bb49d48b_maps-best-outdoor-restaurants-london-shelter-rain.html.gz,eater_downloads_batched\01_maps\raw\london.eater.com\81\81b8771f09ee02fe1283aeaffb1101ca4c075c02b8d0c5ea4057a974bb49d48b_maps-best-outdoor-restaurants-london-shelter-rain.html.gz.meta.json,,,https://london.eater.com/maps/best-outdoor-restaurants-london-shelter-rain,2026-06-26T18:41:33+00:00,1,,193,"{""url"": ""https://london.eater.com/maps/best-outdoor-restaurants-london-shelter-rain""}"
https://london.eater.com/maps/best-pasta-restaurants-london,1,maps,01_maps,downloaded,200,text/html; charset=utf-8,1298876,f9ed07cdfe56172ef4efff2bf82f4f33bda9b35b18255c0fbac80b1ac6a03ce6,eater_downloads_batched\01_maps\raw\london.eater.com\58\586299298f4b3833d0419bbe18b7a8c3ce3ffe0e3353ff94a36e6a8d9f7fc67b_maps-best-pasta-restaurants-london.html.gz,eater_downloads_batched\01_maps\raw\london.eater.com\58\586299298f4b3833d0419bbe18b7a8c3ce3ffe0e3353ff94a36e6a8d9f7fc67b_maps-best-pasta-restaurants-london.html.gz.meta.json,,,https://london.eater.com/maps/best-pasta-restaurants-london,2026-06-26T18:41:37+00:00,1,,194,"{""url"": ""https://london.eater.com/maps/best-pasta-restaurants-london""}"
https://london.eater.com/maps/best-pies-london-restaurants,1,maps,01_maps,downloaded,200,text/html; charset=utf-8,1115982,be4f8b99f924a88541a851ec57e07a63a1c35697995898c5e324460794c21e3d,eater_downloads_batched\01_maps\raw\london.eater.com\2c\2cf4b8690fae8c2139fd22d11a8f296eeabd6702cac7333fd49695587dcd6f33_maps-best-pies-london-restaurants.html.gz,eater_downloads_batched\01_maps\raw\london.eater.com\2c\2cf4b8690fae8c2139fd22d11a8f296eeabd6702cac7333fd49695587dcd6f33_maps-best-pies-london-restaurants.html.gz.meta.json,,,https://london.eater.com/maps/best-pies-london-restaurants,2026-06-26T18:41:41+00:00,1,,195,"{""url"": ""https://london.eater.com/maps/best-pies-london-restaurants""}"
https://london.eater.com/maps/best-polish-restaurants-london-pierogi,1,maps,01_maps,downloaded,200,text/html; charset=utf-8,583243,a2357e4a0e14772da9aaad0d9cde0181ce16131bea7bbae18ee0cfa430921550,eater_downloads_batched\01_maps\raw\london.eater.com\7d\7d00db940baf24c8371ae4b6020f7880eb819c413857cfe757b7a089f7af79c2_maps-best-polish-restaurants-london-pierogi.html.gz,eater_downloads_batched\01_maps\raw\london.eater.com\7d\7d00db940baf24c8371ae4b6020f7880eb819c413857cfe757b7a089f7af79c2_maps-best-polish-restaurants-london-pierogi.html.gz.meta.json,,,https://london.eater.com/maps/best-polish-restaurants-london-pierogi,2026-06-26T18:41:45+00:00,1,,196,"{""url"": ""https://london.eater.com/maps/best-polish-restaurants-london-pierogi""}"
https://london.eater.com/maps/best-pre-theatre-restaurants-london-west-end,1,maps,01_maps,downloaded,200,text/html; charset=utf-8,958360,20d165549eeaec105e1160ed3fe99f80c2a7033d7ea13f30051798901422e1e4,eater_downloads_batched\01_maps\raw\london.eater.com\53\5375ec2105a22bbaf14e38adf841fae68d7da4760811670cdc78d8eb0bec97a6_maps-best-pre-theatre-restaurants-london-west-end.html.gz,eater_downloads_batched\01_maps\raw\london.eater.com\53\5375ec2105a22bbaf14e38adf841fae68d7da4760811670cdc78d8eb0bec97a6_maps-best-pre-theatre-restaurants-london-west-end.html.gz.meta.json,,,https://london.eater.com/maps/best-pre-theatre-restaurants-london-west-end,2026-06-26T18:41:49+00:00,1,,197,"{""url"": ""https://london.eater.com/maps/best-pre-theatre-restaurants-london-west-end""}"
https://london.eater.com/maps/best-puddings-london-restaurants,1,maps,01_maps,downloaded,200,text/html; charset=utf-8,846281,f53b4bc859b14e34c8c70d11e3e202e1c929ef18fa4c49f88ca08ee678f83979,eater_downloads_batched\01_maps\raw\london.eater.com\6a\6a5a64245bb435e96ab9f20826be9ab50daa4c0dc4ee37d93586ada450de6910_maps-best-puddings-london-restaurants.html.gz,eater_downloads_batched\01_maps\raw\london.eater.com\6a\6a5a64245bb435e96ab9f20826be9ab50daa4c0dc4ee37d93586ada450de6910_maps-best-puddings-london-restaurants.html.gz.meta.json,,,https://london.eater.com/maps/best-puddings-london-restaurants,2026-06-26T18:41:52+00:00,1,,198,"{""url"": ""https://london.eater.com/maps/best-puddings-london-restaurants""}"
https://london.eater.com/maps/best-ramen-restaurants-london,1,maps,01_maps,downloaded,200,text/html; charset=utf-8,595432,1a7f323cf549bb9cea8770adce89308a28913a2facee7489bcca1e35d866aa7e,eater_downloads_batched\01_maps\raw\london.eater.com\b0\b02726ebdf7ddb7bc8c9c8d503cc179b57aa22ed5e1b6047f1b9a025c469206e_maps-best-ramen-restaurants-london.html.gz,eater_downloads_batched\01_maps\raw\london.eater.com\b0\b02726ebdf7ddb7bc8c9c8d503cc179b57aa22ed5e1b6047f1b9a025c469206e_maps-best-ramen-restaurants-london.html.gz.meta.json,,,https://london.eater.com/maps/best-ramen-restaurants-london,2026-06-26T18:41:56+00:00,1,,199,"{""url"": ""https://london.eater.com/maps/best-ramen-restaurants-london""}"
https://london.eater.com/maps/best-rice-dishes-london-tahdig-paella-jollof-nurungji,1,maps,01_maps,downloaded,200,text/html; charset=utf-8,743973,2ea9c7f9779e4131517bd974e1035db678d0847ddceb4e67996b02f60dab8c80,eater_downloads_batched\01_maps\raw\london.eater.com\2a\2a4497617ceff2da7153c75504c1983ebe7c712d6b4b62f6e9dc7d9ce739087a_maps-best-rice-dishes-london-tahdig-paella-jollof-nurungji.html.gz,eater_downloads_batched\01_maps\raw\london.eater.com\2a\2a4497617ceff2da7153c75504c1983ebe7c712d6b4b62f6e9dc7d9ce739087a_maps-best-rice-dishes-london-tahdig-paella-jollof-nurungji.html.gz.meta.json,,,https://london.eater.com/maps/best-rice-dishes-london-tahdig-paella-jollof-nurungji,2026-06-26T18:42:00+00:00,1,,200,"{""url"": ""https://london.eater.com/maps/best-rice-dishes-london-tahdig-paella-jollof-nurungji""}"
https://london.eater.com/maps/best-romantic-restaurants-london,1,maps,01_maps,downloaded,200,text/html; charset=utf-8,1299177,e3dcc23fb038a69b9483073aafdf8988a44d6e055abb9c1e66711968a064cf75,eater_downloads_batched\01_maps\raw\london.eater.com\16\1632094e742528b1a38dbc278e3ca13e2241c45bb7156ae4a1f17080cca632e7_maps-best-romantic-restaurants-london.html.gz,eater_downloads_batched\01_maps\raw\london.eater.com\16\1632094e742528b1a38dbc278e3ca13e2241c45bb7156ae4a1f17080cca632e7_maps-best-romantic-restaurants-london.html.gz.meta.json,,,https://london.eater.com/maps/best-romantic-restaurants-london,2026-06-26T18:42:03+00:00,1,,201,"{""url"": ""https://london.eater.com/maps/best-romantic-restaurants-london""}"
https://london.eater.com/maps/best-rum-bars-cocktails-london,1,maps,01_maps,downloaded,200,text/html; charset=utf-8,536815,415cef5c22c3a08754fb9c2f5eb44378cc1b2bf1539756a7f125c362b7ab3228,eater_downloads_batched\01_maps\raw\london.eater.com\00\001befbf3b2801b7baee9e27f5b8c9243ee7eaf2ad508322d84e90ecd7f6306e_maps-best-rum-bars-cocktails-london.html.gz,eater_downloads_batched\01_maps\raw\london.eater.com\00\001befbf3b2801b7baee9e27f5b8c9243ee7eaf2ad508322d84e90ecd7f6306e_maps-best-rum-bars-cocktails-london.html.gz.meta.json,,,https://london.eater.com/maps/best-rum-bars-cocktails-london,2026-06-26T18:42:08+00:00,1,,202,"{""url"": ""https://london.eater.com/maps/best-rum-bars-cocktails-london""}"
https://london.eater.com/maps/best-russian-restaurants-london,1,maps,01_maps,downloaded,200,text/html; charset=utf-8,610196,99e7bfd398fb48daeff154112e622d18b95da2babc70d3b21b04d9d85b899ee0,eater_downloads_batched\01_maps\raw\london.eater.com\c1\c10322cd92adf7d2a3701838b01452ac9e5113f2ca877e6b7f914e68e6ea155d_maps-best-russian-restaurants-london.html.gz,eater_downloads_batched\01_maps\raw\london.eater.com\c1\c10322cd92adf7d2a3701838b01452ac9e5113f2ca877e6b7f914e68e6ea155d_maps-best-russian-restaurants-london.html.gz.meta.json,,,https://london.eater.com/maps/best-russian-restaurants-london,2026-06-26T18:42:11+00:00,1,,203,"{""url"": ""https://london.eater.com/maps/best-russian-restaurants-london""}"
https://london.eater.com/maps/best-seafood-restaurants-london,1,maps,01_maps,downloaded,200,text/html; charset=utf-8,991535,26b6c9e0a5136b96710188927cb853d3dd79108f106fca820d77fec63cf25666,eater_downloads_batched\01_maps\raw\london.eater.com\6c\6ce7673726d1697ac18f58bc5421d85572b2bb3e93524b91587e4bff6f748b86_maps-best-seafood-restaurants-london.html.gz,eater_downloads_batched\01_maps\raw\london.eater.com\6c\6ce7673726d1697ac18f58bc5421d85572b2bb3e93524b91587e4bff6f748b86_maps-best-seafood-restaurants-london.html.gz.meta.json,,,https://london.eater.com/maps/best-seafood-restaurants-london,2026-06-26T18:42:15+00:00,1,,204,"{""url"": ""https://london.eater.com/maps/best-seafood-restaurants-london""}"
https://london.eater.com/maps/best-secret-gardens-london-restaurants,1,maps,01_maps,downloaded,200,text/html; charset=utf-8,931765,c1aac301802e383da9fe546f362aba12cd5989e23317dd0a1ce111c79cfa440a,eater_downloads_batched\01_maps\raw\london.eater.com\20\206ec1cfc2a360c9cd04dda20659a8ffbbc4e3b86ff5a5829952f0472fd620aa_maps-best-secret-gardens-london-restaurants.html.gz,eater_downloads_batched\01_maps\raw\london.eater.com\20\206ec1cfc2a360c9cd04dda20659a8ffbbc4e3b86ff5a5829952f0472fd620aa_maps-best-secret-gardens-london-restaurants.html.gz.meta.json,,,https://london.eater.com/maps/best-secret-gardens-london-restaurants,2026-06-26T18:42:18+00:00,1,,205,"{""url"": ""https://london.eater.com/maps/best-secret-gardens-london-restaurants""}"
https://london.eater.com/maps/best-set-menus-london-restaurant-deals,1,maps,01_maps,downloaded,200,text/html; charset=utf-8,939726,d6b723b9f404f0d2e08d4b3fc3e449c490abc243491e19534a5762e57976713b,eater_downloads_batched\01_maps\raw\london.eater.com\47\475dd4fd01396dc42cd3ae2152aefffe2d0a777b5e17fd0fecd5dc5970d5bc83_maps-best-set-menus-london-restaurant-deals.html.gz,eater_downloads_batched\01_maps\raw\london.eater.com\47\475dd4fd01396dc42cd3ae2152aefffe2d0a777b5e17fd0fecd5dc5970d5bc83_maps-best-set-menus-london-restaurant-deals.html.gz.meta.json,,,https://london.eater.com/maps/best-set-menus-london-restaurant-deals,2026-06-26T18:42:21+00:00,1,,206,"{""url"": ""https://london.eater.com/maps/best-set-menus-london-restaurant-deals""}"
https://london.eater.com/maps/best-snacks-east-london-food,1,maps,01_maps,downloaded,200,text/html; charset=utf-8,967713,3983087e125ca7f17edc52757ca8adae69e4f18079195861e5df6670bfdf978d,eater_downloads_batched\01_maps\raw\london.eater.com\a1\a1c553c1d8d28e51882e8dbe2e0e10c38e5d4805ab540e2cd40eb71fb94837de_maps-best-snacks-east-london-food.html.gz,eater_downloads_batched\01_maps\raw\london.eater.com\a1\a1c553c1d8d28e51882e8dbe2e0e10c38e5d4805ab540e2cd40eb71fb94837de_maps-best-snacks-east-london-food.html.gz.meta.json,,,https://london.eater.com/maps/best-snacks-east-london-food,2026-06-26T18:42:25+00:00,1,,207,"{""url"": ""https://london.eater.com/maps/best-snacks-east-london-food""}"
https://london.eater.com/maps/best-snacks-london-restaurants-central,1,maps,01_maps,downloaded,200,text/html; charset=utf-8,1205350,0edfb128660bf9c32a750128c9a585b9189ca5306272e1c14f209ddd164c77dc,eater_downloads_batched\01_maps\raw\london.eater.com\6e\6e35141ce0c859dab0ed578db571b65fcfbb1e68ce97d0b231ac204abfe91a2c_maps-best-snacks-london-restaurants-central.html.gz,eater_downloads_batched\01_maps\raw\london.eater.com\6e\6e35141ce0c859dab0ed578db571b65fcfbb1e68ce97d0b231ac204abfe91a2c_maps-best-snacks-london-restaurants-central.html.gz.meta.json,,,https://london.eater.com/maps/best-snacks-london-restaurants-central,2026-06-26T18:42:29+00:00,1,,208,"{""url"": ""https://london.eater.com/maps/best-snacks-london-restaurants-central""}"
https://london.eater.com/maps/best-south-indian-restaurants-london-kerala-tamil-hyderabad,1,maps,01_maps,downloaded,200,text/html; charset=utf-8,837361,629a760fbfdb794be211525c02f239c2309eecdb922126692d7b4568c6bd8ab7,eater_downloads_batched\01_maps\raw\london.eater.com\4f\4f4aa6529478064667e9ffe0b16cb9e79ce4d4adbe7b9ade37a7095af4c5a129_maps-best-south-indian-restaurants-london-kerala-tamil-hyderabad.html.gz,eater_downloads_batched\01_maps\raw\london.eater.com\4f\4f4aa6529478064667e9ffe0b16cb9e79ce4d4adbe7b9ade37a7095af4c5a129_maps-best-south-indian-restaurants-london-kerala-tamil-hyderabad.html.gz.meta.json,,,https://london.eater.com/maps/best-south-indian-restaurants-london-kerala-tamil-hyderabad,2026-06-26T18:42:33+00:00,1,,209,"{""url"": ""https://london.eater.com/maps/best-south-indian-restaurants-london-kerala-tamil-hyderabad""}"
https://london.eater.com/maps/best-southall-restaurants-indian-cuisine,1,maps,01_maps,downloaded,200,text/html; charset=utf-8,591229,5fd43a40173bdf5f1fb9ab9bf858c49485565a9b3012ea900ee26e312025fb8f,eater_downloads_batched\01_maps\raw\london.eater.com\d7\d759b46fe6f4264ea8417b0a94fe760a283ab3c3810a558164369d0d3b0a79cd_maps-best-southall-restaurants-indian-cuisine.html.gz,eater_downloads_batched\01_maps\raw\london.eater.com\d7\d759b46fe6f4264ea8417b0a94fe760a283ab3c3810a558164369d0d3b0a79cd_maps-best-southall-restaurants-indian-cuisine.html.gz.meta.json,,,https://london.eater.com/maps/best-southall-restaurants-indian-cuisine,2026-06-26T18:42:37+00:00,1,,210,"{""url"": ""https://london.eater.com/maps/best-southall-restaurants-indian-cuisine""}"
https://london.eater.com/maps/best-spanish-restaurants-london,1,maps,01_maps,downloaded,200,text/html; charset=utf-8,924601,612f1e97c21bbc3b86222110727ddd489c74dc56eaff3ec4bb9ad6148cbe2dbc,eater_downloads_batched\01_maps\raw\london.eater.com\44\44544b05ea918462be867fc674a0abd2885d37a93ab7e2262545f4b31da909ca_maps-best-spanish-restaurants-london.html.gz,eater_downloads_batched\01_maps\raw\london.eater.com\44\44544b05ea918462be867fc674a0abd2885d37a93ab7e2262545f4b31da909ca_maps-best-spanish-restaurants-london.html.gz.meta.json,,,https://london.eater.com/maps/best-spanish-restaurants-london,2026-06-26T18:42:41+00:00,1,,211,"{""url"": ""https://london.eater.com/maps/best-spanish-restaurants-london""}"
https://london.eater.com/maps/best-sri-lankan-restaurants-london-hoppers-jaffna-appam,1,maps,01_maps,downloaded,200,text/html; charset=utf-8,608608,e83b728972266175be024a9b57ef4320fbeec48af53a3a37aea068f717b8cf67,eater_downloads_batched\01_maps\raw\london.eater.com\2a\2ab4d0d44409944502bf6594a799a037599b3cf97c85a92c90398403d9e6f3e7_maps-best-sri-lankan-restaurants-london-hoppers-jaffna-appam.html.gz,eater_downloads_batched\01_maps\raw\london.eater.com\2a\2ab4d0d44409944502bf6594a799a037599b3cf97c85a92c90398403d9e6f3e7_maps-best-sri-lankan-restaurants-london-hoppers-jaffna-appam.html.gz.meta.json,,,https://london.eater.com/maps/best-sri-lankan-restaurants-london-hoppers-jaffna-appam,2026-06-26T18:42:44+00:00,1,,212,"{""url"": ""https://london.eater.com/maps/best-sri-lankan-restaurants-london-hoppers-jaffna-appam""}"
https://london.eater.com/maps/best-steak-restaurants-london,1,maps,01_maps,downloaded,200,text/html; charset=utf-8,968843,c112bee3f8ce9e7204ef401bfa3532fbdd98b56ad962c89ee9c3c6ce4c065414,eater_downloads_batched\01_maps\raw\london.eater.com\28\2865c3861618a1bcfc38b522535c2a2e0c6b6f99a85cb68b5579ad69aa42386e_maps-best-steak-restaurants-london.html.gz,eater_downloads_batched\01_maps\raw\london.eater.com\28\2865c3861618a1bcfc38b522535c2a2e0c6b6f99a85cb68b5579ad69aa42386e_maps-best-steak-restaurants-london.html.gz.meta.json,,,https://london.eater.com/maps/best-steak-restaurants-london,2026-06-26T18:42:47+00:00,1,,213,"{""url"": ""https://london.eater.com/maps/best-steak-restaurants-london""}"
https://london.eater.com/maps/best-summer-restaurants-london,1,maps,01_maps,downloaded,200,text/html; charset=utf-8,1388202,8cd042512799d50d4624fd1c8c2a958461e8222ef2534954506e50ff586753a0,eater_downloads_batched\01_maps\raw\london.eater.com\ae\ae9fa5516624910c0806636aed497083aec9f09f7b67ea3cb406ce95a184db68_maps-best-summer-restaurants-london.html.gz,eater_downloads_batched\01_maps\raw\london.eater.com\ae\ae9fa5516624910c0806636aed497083aec9f09f7b67ea3cb406ce95a184db68_maps-best-summer-restaurants-london.html.gz.meta.json,,,https://london.eater.com/maps/best-summer-restaurants-london,2026-06-26T18:42:51+00:00,1,,214,"{""url"": ""https://london.eater.com/maps/best-summer-restaurants-london""}"
https://london.eater.com/maps/best-tacos-mexican-restaurants-london,1,maps,01_maps,downloaded,200,text/html; charset=utf-8,732748,9b80795be8987368d972673c4cd40f48fbd4364119d9198d0f726f7237abff24,eater_downloads_batched\01_maps\raw\london.eater.com\ce\ce4d80fe638be2a2545898643756026792b56cbd7d2b281fde1ac517c0ec4443_maps-best-tacos-mexican-restaurants-london.html.gz,eater_downloads_batched\01_maps\raw\london.eater.com\ce\ce4d80fe638be2a2545898643756026792b56cbd7d2b281fde1ac517c0ec4443_maps-best-tacos-mexican-restaurants-london.html.gz.meta.json,,,https://london.eater.com/maps/best-tacos-mexican-restaurants-london,2026-06-26T18:42:54+00:00,1,,215,"{""url"": ""https://london.eater.com/maps/best-tacos-mexican-restaurants-london""}"
https://london.eater.com/maps/best-thanksgiving-dinners-london-restaurants-2019,1,maps,01_maps,downloaded,200,text/html; charset=utf-8,804180,98dbf255214d84c8499c9df66eeff639458a0798c25a568602a7580dd5b25dee,eater_downloads_batched\01_maps\raw\london.eater.com\48\48cb7a13eb2972f1108440fb932577119241c23912406bf667a3aa65d8bf5454_maps-best-thanksgiving-dinners-london-restaurants-2019.html.gz,eater_downloads_batched\01_maps\raw\london.eater.com\48\48cb7a13eb2972f1108440fb932577119241c23912406bf667a3aa65d8bf5454_maps-best-thanksgiving-dinners-london-restaurants-2019.html.gz.meta.json,,,https://london.eater.com/maps/best-thanksgiving-dinners-london-restaurants-2019,2026-06-26T18:42:58+00:00,1,,216,"{""url"": ""https://london.eater.com/maps/best-thanksgiving-dinners-london-restaurants-2019""}"
https://london.eater.com/maps/best-turkish-restaurants-london,1,maps,01_maps,downloaded,200,text/html; charset=utf-8,1037779,4010e390c01e1a0a88a12bcf0d5ab32188abf5743a071e1c78d22a8804604933,eater_downloads_batched\01_maps\raw\london.eater.com\c3\c3bce8bc4ff1bc60dafdd5d6074db3b5c1cf732a01132d95d5d64a61ba511bd8_maps-best-turkish-restaurants-london.html.gz,eater_downloads_batched\01_maps\raw\london.eater.com\c3\c3bce8bc4ff1bc60dafdd5d6074db3b5c1cf732a01132d95d5d64a61ba511bd8_maps-best-turkish-restaurants-london.html.gz.meta.json,,,https://london.eater.com/maps/best-turkish-restaurants-london,2026-06-26T18:43:02+00:00,1,,217,"{""url"": ""https://london.eater.com/maps/best-turkish-restaurants-london""}"
https://london.eater.com/maps/best-valentines-day-dinner-london-restaurants-2020,1,maps,01_maps,downloaded,200,text/html; charset=utf-8,1028513,41f704af7e1c6a6fe1b6d5800fa2ce6479515523feafc22c27a2e6c58c6fe44f,eater_downloads_batched\01_maps\raw\london.eater.com\72\72cc531127348903811e745c55d507c7cdd1558f74353d9af18d3c592ccde3de_maps-best-valentines-day-dinner-london-restaurants-2020.html.gz,eater_downloads_batched\01_maps\raw\london.eater.com\72\72cc531127348903811e745c55d507c7cdd1558f74353d9af18d3c592ccde3de_maps-best-valentines-day-dinner-london-restaurants-2020.html.gz.meta.json,,,https://london.eater.com/maps/best-valentines-day-dinner-london-restaurants-2020,2026-06-26T18:43:06+00:00,1,,218,"{""url"": ""https://london.eater.com/maps/best-valentines-day-dinner-london-restaurants-2020""}"
https://london.eater.com/maps/best-valentines-day-meal-kits-london-restaurants,1,maps,01_maps,downloaded,200,text/html; charset=utf-8,1326033,13035f94877486a4303eb6a533a98f83ee83251d8bd2bd021c7cb1a89a79806a,eater_downloads_batched\01_maps\raw\london.eater.com\df\df2dcbdb595f7a5cb46561756d76b70c54373c11d85905ab55739fbde4d5885f_maps-best-valentines-day-meal-kits-london-restaurants.html.gz,eater_downloads_batched\01_maps\raw\london.eater.com\df\df2dcbdb595f7a5cb46561756d76b70c54373c11d85905ab55739fbde4d5885f_maps-best-valentines-day-meal-kits-london-restaurants.html.gz.meta.json,,,https://london.eater.com/maps/best-valentines-day-meal-kits-london-restaurants,2026-06-26T18:43:09+00:00,1,,219,"{""url"": ""https://london.eater.com/maps/best-valentines-day-meal-kits-london-restaurants""}"
https://london.eater.com/maps/best-vegetarian-restaurants-london,1,maps,01_maps,downloaded,200,text/html; charset=utf-8,495419,5edbfb0acd1bb4cfe466f3094ea40f1e6a72c06d1788b6bc7d39e820433466f7,eater_downloads_batched\01_maps\raw\london.eater.com\38\389ff3ffae5326fe48c1ae065be12b58713238a79ddc6ce02e2d0a137cb4f466_maps-best-vegetarian-restaurants-london.html.gz,eater_downloads_batched\01_maps\raw\london.eater.com\38\389ff3ffae5326fe48c1ae065be12b58713238a79ddc6ce02e2d0a137cb4f466_maps-best-vegetarian-restaurants-london.html.gz.meta.json,,,https://london.eater.com/maps/best-vegetarian-restaurants-london,2026-06-26T18:43:12+00:00,1,,220,"{""url"": ""https://london.eater.com/maps/best-vegetarian-restaurants-london""}"
https://london.eater.com/maps/best-vietnamese-restaurants-london,1,maps,01_maps,downloaded,200,text/html; charset=utf-8,702502,a6ee2bead9a6f164b07d44d42dc4678064c6946464749b37f3828f475b968662,eater_downloads_batched\01_maps\raw\london.eater.com\ba\ba4d1bf5856681cab2baf711f718958e98966df9bf2327966686dc73ba8e4b51_maps-best-vietnamese-restaurants-london.html.gz,eater_downloads_batched\01_maps\raw\london.eater.com\ba\ba4d1bf5856681cab2baf711f718958e98966df9bf2327966686dc73ba8e4b51_maps-best-vietnamese-restaurants-london.html.gz.meta.json,,,https://london.eater.com/maps/best-vietnamese-restaurants-london,2026-06-26T18:43:16+00:00,1,,221,"{""url"": ""https://london.eater.com/maps/best-vietnamese-restaurants-london""}"
https://london.eater.com/maps/best-western-indian-restaurants-london,1,maps,01_maps,downloaded,200,text/html; charset=utf-8,897227,3acfe149b5ed4c78c01337b68382de2e7748c81fec1c04d6cf0928190b27436b,eater_downloads_batched\01_maps\raw\london.eater.com\df\dfd6db18e0d4b0fcfe6ffedd16c244093fe55e3917832842a76c1ecbaf25131b_maps-best-western-indian-restaurants-london.html.gz,eater_downloads_batched\01_maps\raw\london.eater.com\df\dfd6db18e0d4b0fcfe6ffedd16c244093fe55e3917832842a76c1ecbaf25131b_maps-best-western-indian-restaurants-london.html.gz.meta.json,,,https://london.eater.com/maps/best-western-indian-restaurants-london,2026-06-26T18:43:21+00:00,1,,222,"{""url"": ""https://london.eater.com/maps/best-western-indian-restaurants-london""}"
https://london.eater.com/maps/best-wine-bars-london,1,maps,01_maps,downloaded,200,text/html; charset=utf-8,1140985,2636bcf57eafa1f83285a266ea8ce46ec402aec6e45d4e50e23332534ade684d,eater_downloads_batched\01_maps\raw\london.eater.com\e0\e0337a2cdfb656acef1bd5fc4883882183697d73ddbe7b35274c62c0f11317a0_maps-best-wine-bars-london.html.gz,eater_downloads_batched\01_maps\raw\london.eater.com\e0\e0337a2cdfb656acef1bd5fc4883882183697d73ddbe7b35274c62c0f11317a0_maps-best-wine-bars-london.html.gz.meta.json,,,https://london.eater.com/maps/best-wine-bars-london,2026-06-26T18:43:24+00:00,1,,223,"{""url"": ""https://london.eater.com/maps/best-wine-bars-london""}"
https://london.eater.com/maps/best-wine-bars-london-terrace-outdoor,1,maps,01_maps,downloaded,200,text/html; charset=utf-8,1335244,e76d06644c9fc811c39687a6ac79029747ba16150aa889f93e9e09533a77d946,eater_downloads_batched\01_maps\raw\london.eater.com\d9\d9210f7a287f510d92461fc33505462eaea90ce91444b85c1e3a0d21f4f84e5d_maps-best-wine-bars-london-terrace-outdoor.html.gz,eater_downloads_batched\01_maps\raw\london.eater.com\d9\d9210f7a287f510d92461fc33505462eaea90ce91444b85c1e3a0d21f4f84e5d_maps-best-wine-bars-london-terrace-outdoor.html.gz.meta.json,,,https://london.eater.com/maps/best-wine-bars-london-terrace-outdoor,2026-06-26T18:43:28+00:00,1,,224,"{""url"": ""https://london.eater.com/maps/best-wine-bars-london-terrace-outdoor""}"
https://london.eater.com/maps/best-wine-bars-natural-london-pet-nat,1,maps,01_maps,downloaded,200,text/html; charset=utf-8,1070900,a68e0bde27e205ffaaa9f4d111dd065210284c5509c6e003e5f4717f1afc15af,eater_downloads_batched\01_maps\raw\london.eater.com\b0\b09ce2eb4289178a7cf2b3b40f1ad59dab9c467ca939d9e66dfaa30bfd36821c_maps-best-wine-bars-natural-london-pet-nat.html.gz,eater_downloads_batched\01_maps\raw\london.eater.com\b0\b09ce2eb4289178a7cf2b3b40f1ad59dab9c467ca939d9e66dfaa30bfd36821c_maps-best-wine-bars-natural-london-pet-nat.html.gz.meta.json,,,https://london.eater.com/maps/best-wine-bars-natural-london-pet-nat,2026-06-26T18:43:31+00:00,1,,225,"{""url"": ""https://london.eater.com/maps/best-wine-bars-natural-london-pet-nat""}"
https://london.eater.com/maps/best-wine-lists-london-restaurants,1,maps,01_maps,downloaded,200,text/html; charset=utf-8,665788,932d4058532f8f4373505aa62e915bbb3b5c4d9660895028aaa03fa497a0ad46,eater_downloads_batched\01_maps\raw\london.eater.com\bf\bfa088388b7d021188a3d3ae0309ade54f6a59fb18b8539161c14a1dd94be589_maps-best-wine-lists-london-restaurants.html.gz,eater_downloads_batched\01_maps\raw\london.eater.com\bf\bfa088388b7d021188a3d3ae0309ade54f6a59fb18b8539161c14a1dd94be589_maps-best-wine-lists-london-restaurants.html.gz.meta.json,,,https://london.eater.com/maps/best-wine-lists-london-restaurants,2026-06-26T18:43:36+00:00,1,,226,"{""url"": ""https://london.eater.com/maps/best-wine-lists-london-restaurants""}"
https://london.eater.com/maps/best-wings-london-restaurants,1,maps,01_maps,downloaded,200,text/html; charset=utf-8,688275,7604860fbf7ea45db66b737a4d5c036bfe83ceff98be04228ea9a8a39d61a7ab,eater_downloads_batched\01_maps\raw\london.eater.com\fe\fe9e6de0d1942de5250b2e71bd5bf93e4ba88a86264334548e8ebd4112a5db93_maps-best-wings-london-restaurants.html.gz,eater_downloads_batched\01_maps\raw\london.eater.com\fe\fe9e6de0d1942de5250b2e71bd5bf93e4ba88a86264334548e8ebd4112a5db93_maps-best-wings-london-restaurants.html.gz.meta.json,,,https://london.eater.com/maps/best-wings-london-restaurants,2026-06-26T18:43:39+00:00,1,,227,"{""url"": ""https://london.eater.com/maps/best-wings-london-restaurants""}"
https://london.eater.com/maps/cheese-best-places-london-delis-restaurants-london-fondue-raclette-cheeseboard-toasties,1,maps,01_maps,downloaded,200,text/html; charset=utf-8,805653,6d44c112b08e3b0aff7ade001832eb753b8417b97a58ac027a03f6cd5ca49501,eater_downloads_batched\01_maps\raw\london.eater.com\97\97e05bab55600da1b3b307e1726ccdaa9912105d3953145f66dd889ce5e705c0_maps-cheese-best-places-london-delis-restaurants-london-fondue-raclette-cheeseboard-toasties.html.gz,eater_downloads_batched\01_maps\raw\london.eater.com\97\97e05bab55600da1b3b307e1726ccdaa9912105d3953145f66dd889ce5e705c0_maps-cheese-best-places-london-delis-restaurants-london-fondue-raclette-cheeseboard-toasties.html.gz.meta.json,,,https://london.eater.com/maps/cheese-best-places-london-delis-restaurants-london-fondue-raclette-cheeseboard-toasties,2026-06-26T18:43:42+00:00,1,,228,"{""url"": ""https://london.eater.com/maps/cheese-best-places-london-delis-restaurants-london-fondue-raclette-cheeseboard-toasties""}"
https://london.eater.com/maps/general-election-2019-best-places-to-eat-carshalton-and-wallington,1,maps,01_maps,downloaded,200,text/html; charset=utf-8,498515,75b70b58359656595e644a99e9fe41d32196d97769c1fb3174a065409c987208,eater_downloads_batched\01_maps\raw\london.eater.com\7d\7d014b51417d5a9db235741d1ff1e3748695af74d986d7602d9b6bc845602534_maps-general-election-2019-best-places-to-eat-carshalton-and-wallington.html.gz,eater_downloads_batched\01_maps\raw\london.eater.com\7d\7d014b51417d5a9db235741d1ff1e3748695af74d986d7602d9b6bc845602534_maps-general-election-2019-best-places-to-eat-carshalton-and-wallington.html.gz.meta.json,,,https://london.eater.com/maps/general-election-2019-best-places-to-eat-carshalton-and-wallington,2026-06-26T18:43:45+00:00,1,,229,"{""url"": ""https://london.eater.com/maps/general-election-2019-best-places-to-eat-carshalton-and-wallington""}"
https://london.eater.com/maps/london-best-jerk-chicken-jamaican-jerk-restaurants,1,maps,01_maps,downloaded,200,text/html; charset=utf-8,796913,d113d4c56c864fced3252b7be7b45ad71979347c8e0c1f16876bb26c2645d724,eater_downloads_batched\01_maps\raw\london.eater.com\cc\cc6a7aa7773d2982474bf91544e7c3380b9663eaa0a55996d4562ca9e9e70da0_maps-london-best-jerk-chicken-jamaican-jerk-restaurants.html.gz,eater_downloads_batched\01_maps\raw\london.eater.com\cc\cc6a7aa7773d2982474bf91544e7c3380b9663eaa0a55996d4562ca9e9e70da0_maps-london-best-jerk-chicken-jamaican-jerk-restaurants.html.gz.meta.json,,,https://london.eater.com/maps/london-best-jerk-chicken-jamaican-jerk-restaurants,2026-06-26T18:43:48+00:00,1,,230,"{""url"": ""https://london.eater.com/maps/london-best-jerk-chicken-jamaican-jerk-restaurants""}"
https://london.eater.com/maps/london-best-old-school-italian-restaurants,1,maps,01_maps,downloaded,200,text/html; charset=utf-8,466704,b7384494013ef50d9f0dc27501ab73aa82389a4a644a1dec4ef99f5cbef82e3e,eater_downloads_batched\01_maps\raw\london.eater.com\fe\fe8dbacc3d0d443a9893e0e6fd22bb38413bef68ed9393c6d4579e11fba457ec_maps-london-best-old-school-italian-restaurants.html.gz,eater_downloads_batched\01_maps\raw\london.eater.com\fe\fe8dbacc3d0d443a9893e0e6fd22bb38413bef68ed9393c6d4579e11fba457ec_maps-london-best-old-school-italian-restaurants.html.gz.meta.json,,,https://london.eater.com/maps/london-best-old-school-italian-restaurants,2026-06-26T18:43:52+00:00,1,,231,"{""url"": ""https://london.eater.com/maps/london-best-old-school-italian-restaurants""}"
https://london.eater.com/maps/london-marathon-2019-food-drink-restaurants,1,maps,01_maps,downloaded,200,text/html; charset=utf-8,823953,f1edc2c5660a794c90fcd40d3449d45641d870ba51980493b566ba9099a36319,eater_downloads_batched\01_maps\raw\london.eater.com\54\54ab221aa1316f966bcd8f00600d3ac4d4222274246cd753fefa1ec5eb9dd888_maps-london-marathon-2019-food-drink-restaurants.html.gz,eater_downloads_batched\01_maps\raw\london.eater.com\54\54ab221aa1316f966bcd8f00600d3ac4d4222274246cd753fefa1ec5eb9dd888_maps-london-marathon-2019-food-drink-restaurants.html.gz.meta.json,,,https://london.eater.com/maps/london-marathon-2019-food-drink-restaurants,2026-06-26T18:43:56+00:00,1,,232,"{""url"": ""https://london.eater.com/maps/london-marathon-2019-food-drink-restaurants""}"
https://london.eater.com/maps/london-restaurants-best-views,1,maps,01_maps,downloaded,200,text/html; charset=utf-8,873833,4baa0d38718cbda018acb34244fe86403887b562494bc1677c0e0e670fbb5c58,eater_downloads_batched\01_maps\raw\london.eater.com\77\77aa2536f71a66bbd3b8a5ccaf39f11613c1ccc00e0073d019f0b807a9966440_maps-london-restaurants-best-views.html.gz,eater_downloads_batched\01_maps\raw\london.eater.com\77\77aa2536f71a66bbd3b8a5ccaf39f11613c1ccc00e0073d019f0b807a9966440_maps-london-restaurants-best-views.html.gz.meta.json,,,https://london.eater.com/maps/london-restaurants-best-views,2026-06-26T18:43:59+00:00,1,,233,"{""url"": ""https://london.eater.com/maps/london-restaurants-best-views""}"
https://london.eater.com/maps/londons-best-hidden-restaurants,1,maps,01_maps,downloaded,200,text/html; charset=utf-8,584828,07326611fdb7ff13ff09bb43dc0162b5f421fc5de42f4b5086d4d40fc1383f38,eater_downloads_batched\01_maps\raw\london.eater.com\c1\c1df35f3fd93285e72a163c4199af9c8c6453ec7e5dcf16abf0ca588bb23a4ca_maps-londons-best-hidden-restaurants.html.gz,eater_downloads_batched\01_maps\raw\london.eater.com\c1\c1df35f3fd93285e72a163c4199af9c8c6453ec7e5dcf16abf0ca588bb23a4ca_maps-londons-best-hidden-restaurants.html.gz.meta.json,,,https://london.eater.com/maps/londons-best-hidden-restaurants,2026-06-26T18:44:04+00:00,1,,234,"{""url"": ""https://london.eater.com/maps/londons-best-hidden-restaurants""}"
https://london.eater.com/maps/most-instagrammable-dishes-london-restaurants-2019,1,maps,01_maps,downloaded,200,text/html; charset=utf-8,828648,12606c6e1ed5124e5ed5c100b4c27823b711c1ed25f66d5fe1f181aa1e35b92e,eater_downloads_batched\01_maps\raw\london.eater.com\fa\faa5e7e6882755f9d392ec37fbdb8222170a532f4d6592490fe6e1ae795e0d67_maps-most-instagrammable-dishes-london-restaurants-2019.html.gz,eater_downloads_batched\01_maps\raw\london.eater.com\fa\faa5e7e6882755f9d392ec37fbdb8222170a532f4d6592490fe6e1ae795e0d67_maps-most-instagrammable-dishes-london-restaurants-2019.html.gz.meta.json,,,https://london.eater.com/maps/most-instagrammable-dishes-london-restaurants-2019,2026-06-26T18:44:08+00:00,1,,235,"{""url"": ""https://london.eater.com/maps/most-instagrammable-dishes-london-restaurants-2019""}"
https://london.eater.com/maps/nonalcoholic-cocktails-london-best-bars,1,maps,01_maps,downloaded,200,text/html; charset=utf-8,672586,367ab5607ecb51a0b28283e925dc6cf5f43ff5c01bd48fe631a04679bb7ab9ac,eater_downloads_batched\01_maps\raw\london.eater.com\08\083567a8361ff50b358cbf421317783c5dbad6ec471f859ff9de1abcf9003a5b_maps-nonalcoholic-cocktails-london-best-bars.html.gz,eater_downloads_batched\01_maps\raw\london.eater.com\08\083567a8361ff50b358cbf421317783c5dbad6ec471f859ff9de1abcf9003a5b_maps-nonalcoholic-cocktails-london-best-bars.html.gz.meta.json,,,https://london.eater.com/maps/nonalcoholic-cocktails-london-best-bars,2026-06-26T18:44:11+00:00,1,,236,"{""url"": ""https://london.eater.com/maps/nonalcoholic-cocktails-london-best-bars""}"
https://london.eater.com/maps/nowruz-2022-best-persian-food-london,1,maps,01_maps,downloaded,200,text/html; charset=utf-8,774208,e1bd24ebfae6c53c5b20698b9549bc85dbe8a783c24eab518f5f53952772d934,eater_downloads_batched\01_maps\raw\london.eater.com\c0\c08d85bb245025ef6d34bbc029d6fe18277226d6df85e40bf0999316eb1c2e24_maps-nowruz-2022-best-persian-food-london.html.gz,eater_downloads_batched\01_maps\raw\london.eater.com\c0\c08d85bb245025ef6d34bbc029d6fe18277226d6df85e40bf0999316eb1c2e24_maps-nowruz-2022-best-persian-food-london.html.gz.meta.json,,,https://london.eater.com/maps/nowruz-2022-best-persian-food-london,2026-06-26T18:44:16+00:00,1,,237,"{""url"": ""https://london.eater.com/maps/nowruz-2022-best-persian-food-london""}"
https://london.eater.com/maps/restaurants-open-on-monday-london-best,1,maps,01_maps,downloaded,200,text/html; charset=utf-8,1215464,a69473181da10611799e727d6edf184407c4f10690e35d10f8174d613629d874,eater_downloads_batched\01_maps\raw\london.eater.com\c8\c82f456574ef7bc2e758b4f86edf5c69c8989b2c1f1a77ce1fd5dbf27940d4ef_maps-restaurants-open-on-monday-london-best.html.gz,eater_downloads_batched\01_maps\raw\london.eater.com\c8\c82f456574ef7bc2e758b4f86edf5c69c8989b2c1f1a77ce1fd5dbf27940d4ef_maps-restaurants-open-on-monday-london-best.html.gz.meta.json,,,https://london.eater.com/maps/restaurants-open-on-monday-london-best,2026-06-26T18:44:19+00:00,1,,238,"{""url"": ""https://london.eater.com/maps/restaurants-open-on-monday-london-best""}"
https://london.eater.com/maps/solo-dining-london-restaurants,1,maps,01_maps,downloaded,200,text/html; charset=utf-8,1148301,37a2b23be47ead7dbc44f3c502f77cd7cf66ec84cd91190bb965e52a8f708c17,eater_downloads_batched\01_maps\raw\london.eater.com\62\62618fe2d7e3ba6441f0c94bfc732763ca0080680c4ac24ce004284b77085542_maps-solo-dining-london-restaurants.html.gz,eater_downloads_batched\01_maps\raw\london.eater.com\62\62618fe2d7e3ba6441f0c94bfc732763ca0080680c4ac24ce004284b77085542_maps-solo-dining-london-restaurants.html.gz.meta.json,,,https://london.eater.com/maps/solo-dining-london-restaurants,2026-06-26T18:44:24+00:00,1,,239,"{""url"": ""https://london.eater.com/maps/solo-dining-london-restaurants""}"
https://london.eater.com/maps/westfield-stratford-restaurants-food-drink,1,maps,01_maps,downloaded,200,text/html; charset=utf-8,586264,899ae6a1e2f612ac99dbd6bf08343e16847293cd81bc10a95b4d223d4d413913,eater_downloads_batched\01_maps\raw\london.eater.com\c2\c2741cb699a647af43ad101a3d0c99db5f41301f04f6fb7fc4e12ed4ee7735e5_maps-westfield-stratford-restaurants-food-drink.html.gz,eater_downloads_batched\01_maps\raw\london.eater.com\c2\c2741cb699a647af43ad101a3d0c99db5f41301f04f6fb7fc4e12ed4ee7735e5_maps-westfield-stratford-restaurants-food-drink.html.gz.meta.json,,,https://london.eater.com/maps/westfield-stratford-restaurants-food-drink,2026-06-26T18:44:27+00:00,1,,240,"{""url"": ""https://london.eater.com/maps/westfield-stratford-restaurants-food-drink""}"
https://london.eater.com/maps/autumn-thanksgiving-specials-london-restaurants-2022,1,maps,01_maps,downloaded,200,text/html; charset=utf-8,856136,59bf22656c1e80edf1bbc0f93462534e759e022dc281f88529f75900b494bea5,eater_downloads_batched\01_maps\raw\london.eater.com\89\89e60739deb08ee9515892983593f03209ce4662defc7b944b8a7034c599be77_maps-autumn-thanksgiving-specials-london-restaurants-2022.html.gz,eater_downloads_batched\01_maps\raw\london.eater.com\89\89e60739deb08ee9515892983593f03209ce4662defc7b944b8a7034c599be77_maps-autumn-thanksgiving-specials-london-restaurants-2022.html.gz.meta.json,,,https://london.eater.com/maps/autumn-thanksgiving-specials-london-restaurants-2022,2026-06-26T18:44:31+00:00,1,,241,"{""url"": ""https://london.eater.com/maps/autumn-thanksgiving-specials-london-restaurants-2022""}"
https://london.eater.com/maps/best-afternoon-tea-london,1,maps,01_maps,downloaded,200,text/html; charset=utf-8,684911,5d3799ee1a96faae6aed220daabcc84913d0468e0f99dc898c8c3e1776c14e6a,eater_downloads_batched\01_maps\raw\london.eater.com\b8\b85f8c03bc8a9d91f4bcad63d9e59fc6051ccb30547dd62ada66658ae0fd1282_maps-best-afternoon-tea-london.html.gz,eater_downloads_batched\01_maps\raw\london.eater.com\b8\b85f8c03bc8a9d91f4bcad63d9e59fc6051ccb30547dd62ada66658ae0fd1282_maps-best-afternoon-tea-london.html.gz.meta.json,,,https://london.eater.com/maps/best-afternoon-tea-london,2026-06-26T18:44:34+00:00,1,,242,"{""url"": ""https://london.eater.com/maps/best-afternoon-tea-london""}"
https://london.eater.com/maps/best-bacon-sandwiches-bacon-butties-london,1,maps,01_maps,downloaded,200,text/html; charset=utf-8,1090825,e9ec92ecafa825a2e355efffeecaa230e92655378adc97aea1e7903f3d711045,eater_downloads_batched\01_maps\raw\london.eater.com\96\96df4da256a64a62266d7c78408bd1a1d96abd26c9ac619f767d26ff4bdc665d_maps-best-bacon-sandwiches-bacon-butties-london.html.gz,eater_downloads_batched\01_maps\raw\london.eater.com\96\96df4da256a64a62266d7c78408bd1a1d96abd26c9ac619f767d26ff4bdc665d_maps-best-bacon-sandwiches-bacon-butties-london.html.gz.meta.json,,,https://london.eater.com/maps/best-bacon-sandwiches-bacon-butties-london,2026-06-26T18:44:37+00:00,1,,243,"{""url"": ""https://london.eater.com/maps/best-bacon-sandwiches-bacon-butties-london""}"
https://london.eater.com/maps/best-bagels-london,1,maps,01_maps,downloaded,200,text/html; charset=utf-8,533234,736f8aaca1fbeb78855047ff5ce68964808985e5e4feb15df80d72159e223ea5,eater_downloads_batched\01_maps\raw\london.eater.com\2c\2cd6768316421becce4155b45476fd7fe01535122418bfe807f719695d78dc3b_maps-best-bagels-london.html.gz,eater_downloads_batched\01_maps\raw\london.eater.com\2c\2cd6768316421becce4155b45476fd7fe01535122418bfe807f719695d78dc3b_maps-best-bagels-london.html.gz.meta.json,,,https://london.eater.com/maps/best-bagels-london,2026-06-26T18:44:41+00:00,1,,244,"{""url"": ""https://london.eater.com/maps/best-bagels-london""}"
https://london.eater.com/maps/best-basque-cheesecake-london,1,maps,01_maps,downloaded,200,text/html; charset=utf-8,870067,1800998d5b14b62413155eb9907661a0a8eb252d90af75f079c6dcbdc0552df4,eater_downloads_batched\01_maps\raw\london.eater.com\97\97823a6816d8b5905096ec893e8745ce1da7f76346ea9133a1cd4a82f1659e69_maps-best-basque-cheesecake-london.html.gz,eater_downloads_batched\01_maps\raw\london.eater.com\97\97823a6816d8b5905096ec893e8745ce1da7f76346ea9133a1cd4a82f1659e69_maps-best-basque-cheesecake-london.html.gz.meta.json,,,https://london.eater.com/maps/best-basque-cheesecake-london,2026-06-26T18:44:46+00:00,1,,245,"{""url"": ""https://london.eater.com/maps/best-basque-cheesecake-london""}"
https://london.eater.com/maps/best-biryanis-london,1,maps,01_maps,downloaded,200,text/html; charset=utf-8,535427,047bea44e99d0496652064046542634222f3f8f3d8220befaaff12e0545f0712,eater_downloads_batched\01_maps\raw\london.eater.com\7f\7f36453f0f9577533a7a6bbc529f25362001c554746770248e69c23bc2e33bca_maps-best-biryanis-london.html.gz,eater_downloads_batched\01_maps\raw\london.eater.com\7f\7f36453f0f9577533a7a6bbc529f25362001c554746770248e69c23bc2e33bca_maps-best-biryanis-london.html.gz.meta.json,,,https://london.eater.com/maps/best-biryanis-london,2026-06-26T18:44:49+00:00,1,,246,"{""url"": ""https://london.eater.com/maps/best-biryanis-london""}"
https://london.eater.com/maps/best-breakfast-sandwiches-london,1,maps,01_maps,downloaded,200,text/html; charset=utf-8,980726,306ea122dd6d330231ddf91ca9072b5078ababd53bf6c02658b000aa1c06def2,eater_downloads_batched\01_maps\raw\london.eater.com\39\39e6358dee0d05ddc3e888a507fccb4b245a9a340b1229dfbe177a7d5360e0d6_maps-best-breakfast-sandwiches-london.html.gz,eater_downloads_batched\01_maps\raw\london.eater.com\39\39e6358dee0d05ddc3e888a507fccb4b245a9a340b1229dfbe177a7d5360e0d6_maps-best-breakfast-sandwiches-london.html.gz.meta.json,,,https://london.eater.com/maps/best-breakfast-sandwiches-london,2026-06-26T18:44:53+00:00,1,,247,"{""url"": ""https://london.eater.com/maps/best-breakfast-sandwiches-london""}"
https://london.eater.com/maps/best-brunch-london,1,maps,01_maps,downloaded,200,text/html; charset=utf-8,1625282,7a592a4bad6429d591c73a0823b5c6fd0e52c3c63f0da6a92f1d0d876f1802c7,eater_downloads_batched\01_maps\raw\london.eater.com\cd\cdd2eaff3cd81747d807ddd8c3098f4066acc0286c3f36b452ec62539603b63c_maps-best-brunch-london.html.gz,eater_downloads_batched\01_maps\raw\london.eater.com\cd\cdd2eaff3cd81747d807ddd8c3098f4066acc0286c3f36b452ec62539603b63c_maps-best-brunch-london.html.gz.meta.json,,,https://london.eater.com/maps/best-brunch-london,2026-06-26T18:44:57+00:00,1,,248,"{""url"": ""https://london.eater.com/maps/best-brunch-london""}"
https://london.eater.com/maps/best-burgers-london,1,maps,01_maps,downloaded,200,text/html; charset=utf-8,724449,4f756d9a6e660e18714a0f63ee21166ce0820920d87a704b38b625d31870ee65,eater_downloads_batched\01_maps\raw\london.eater.com\86\862fbfd3f638c5e3f91b512fdb368d50e844cdaf6514e4782099b4ccdb1f2d60_maps-best-burgers-london.html.gz,eater_downloads_batched\01_maps\raw\london.eater.com\86\862fbfd3f638c5e3f91b512fdb368d50e844cdaf6514e4782099b4ccdb1f2d60_maps-best-burgers-london.html.gz.meta.json,,,https://london.eater.com/maps/best-burgers-london,2026-06-26T18:45:01+00:00,1,,249,"{""url"": ""https://london.eater.com/maps/best-burgers-london""}"
https://london.eater.com/maps/best-cheese-toasties-london-grilled-cheese,1,maps,01_maps,downloaded,200,text/html; charset=utf-8,915145,4a78298e250b8eed65c85a85ef1a211015f854271952c3cff8e0cfc84a4b98be,eater_downloads_batched\01_maps\raw\london.eater.com\97\97224676602df746ad79319a07d84a50fe3d092523d87cef2cb24eb3877c41fd_maps-best-cheese-toasties-london-grilled-cheese.html.gz,eater_downloads_batched\01_maps\raw\london.eater.com\97\97224676602df746ad79319a07d84a50fe3d092523d87cef2cb24eb3877c41fd_maps-best-cheese-toasties-london-grilled-cheese.html.gz.meta.json,,,https://london.eater.com/maps/best-cheese-toasties-london-grilled-cheese,2026-06-26T18:45:05+00:00,1,,250,"{""url"": ""https://london.eater.com/maps/best-cheese-toasties-london-grilled-cheese""}"
https://london.eater.com/maps/best-chips-fries-london,1,maps,01_maps,downloaded,200,text/html; charset=utf-8,1161021,b7917286f1cd9c4dd5c05751616d5fc79006f6e5589bba438c87efeedcabde90,eater_downloads_batched\01_maps\raw\london.eater.com\95\95478582c1aafac0aaa1d1fb67dd3903117b88ec3e66bdceb9f51c6b200c20c3_maps-best-chips-fries-london.html.gz,eater_downloads_batched\01_maps\raw\london.eater.com\95\95478582c1aafac0aaa1d1fb67dd3903117b88ec3e66bdceb9f51c6b200c20c3_maps-best-chips-fries-london.html.gz.meta.json,,,https://london.eater.com/maps/best-chips-fries-london,2026-06-26T18:45:09+00:00,1,,251,"{""url"": ""https://london.eater.com/maps/best-chips-fries-london""}"
https://london.eater.com/maps/best-chocolate-london,1,maps,01_maps,downloaded,200,text/html; charset=utf-8,859418,681498533366291ebb37e15580763311f735ce568475917bd79b5803d3e911e9,eater_downloads_batched\01_maps\raw\london.eater.com\b9\b9f209b741086f91a4dabe1e497dc80cd5cc663b5b919395088a02d27896bbff_maps-best-chocolate-london.html.gz,eater_downloads_batched\01_maps\raw\london.eater.com\b9\b9f209b741086f91a4dabe1e497dc80cd5cc663b5b919395088a02d27896bbff_maps-best-chocolate-london.html.gz.meta.json,,,https://london.eater.com/maps/best-chocolate-london,2026-06-26T18:45:12+00:00,1,,252,"{""url"": ""https://london.eater.com/maps/best-chocolate-london""}"
https://london.eater.com/maps/best-christmas-drinks-london-2018-festive-cocktails,1,maps,01_maps,downloaded,200,text/html; charset=utf-8,871658,bae85d9f70bfaece3a3b2a7a62eb520f6fd3a69e902b09c14e14eeaffb4c573a,eater_downloads_batched\01_maps\raw\london.eater.com\a9\a92dff212d450ea870db0ab292a89f9aefb4308de5a0ef5d5fa8ea9901cec52d_maps-best-christmas-drinks-london-2018-festive-cocktails.html.gz,eater_downloads_batched\01_maps\raw\london.eater.com\a9\a92dff212d450ea870db0ab292a89f9aefb4308de5a0ef5d5fa8ea9901cec52d_maps-best-christmas-drinks-london-2018-festive-cocktails.html.gz.meta.json,,,https://london.eater.com/maps/best-christmas-drinks-london-2018-festive-cocktails,2026-06-26T18:45:16+00:00,1,,253,"{""url"": ""https://london.eater.com/maps/best-christmas-drinks-london-2018-festive-cocktails""}"
https://london.eater.com/maps/best-christmas-sandwiches-london-2020,1,maps,01_maps,downloaded,200,text/html; charset=utf-8,1102306,dc6df0b2522efe4ecb40e65579b593c9849d4d67f5ac58341dd8c0d32475346c,eater_downloads_batched\01_maps\raw\london.eater.com\c1\c1c8bac9b7697048603e95dbfe23fd3a425cd32e4e6b46fd67a97f61335959c2_maps-best-christmas-sandwiches-london-2020.html.gz,eater_downloads_batched\01_maps\raw\london.eater.com\c1\c1c8bac9b7697048603e95dbfe23fd3a425cd32e4e6b46fd67a97f61335959c2_maps-best-christmas-sandwiches-london-2020.html.gz.meta.json,,,https://london.eater.com/maps/best-christmas-sandwiches-london-2020,2026-06-26T18:45:20+00:00,1,,254,"{""url"": ""https://london.eater.com/maps/best-christmas-sandwiches-london-2020""}"
https://london.eater.com/maps/best-cookies-london,1,maps,01_maps,downloaded,200,text/html; charset=utf-8,1299215,14bb1c80db64ca3d354f3d953663faf5eb8da09f60e249a7fb516fa8c2e2628d,eater_downloads_batched\01_maps\raw\london.eater.com\78\784ae7b2aa43221be85cabd3b2e76f14686027947e0a7378d664f86a66c6ebf0_maps-best-cookies-london.html.gz,eater_downloads_batched\01_maps\raw\london.eater.com\78\784ae7b2aa43221be85cabd3b2e76f14686027947e0a7378d664f86a66c6ebf0_maps-best-cookies-london.html.gz.meta.json,,,https://london.eater.com/maps/best-cookies-london,2026-06-26T18:45:23+00:00,1,,255,"{""url"": ""https://london.eater.com/maps/best-cookies-london""}"
https://london.eater.com/maps/best-falafel-london,1,maps,01_maps,downloaded,200,text/html; charset=utf-8,880744,e57b68c1011acea602b989a4b55ac955be6ae478948c6d1659bb0b0ee2a1b48a,eater_downloads_batched\01_maps\raw\london.eater.com\1b\1b57fb9b9ee5b5e6dd8d4eaf159a4679c53d2c77c417b4d19413c1857e16b7f5_maps-best-falafel-london.html.gz,eater_downloads_batched\01_maps\raw\london.eater.com\1b\1b57fb9b9ee5b5e6dd8d4eaf159a4679c53d2c77c417b4d19413c1857e16b7f5_maps-best-falafel-london.html.gz.meta.json,,,https://london.eater.com/maps/best-falafel-london,2026-06-26T18:45:27+00:00,1,,256,"{""url"": ""https://london.eater.com/maps/best-falafel-london""}"
https://london.eater.com/maps/best-fish-and-chips-london,1,maps,01_maps,downloaded,200,text/html; charset=utf-8,671159,518a7eed90bbe81a41fb0e4187d8a8ff1c1208dcefa6fe16e6609ec9492030a4,eater_downloads_batched\01_maps\raw\london.eater.com\6e\6e6bebfc80628d55d67c2a11dd2ba631f31e6690cc2092ab08b358aa0574c910_maps-best-fish-and-chips-london.html.gz,eater_downloads_batched\01_maps\raw\london.eater.com\6e\6e6bebfc80628d55d67c2a11dd2ba631f31e6690cc2092ab08b358aa0574c910_maps-best-fish-and-chips-london.html.gz.meta.json,,,https://london.eater.com/maps/best-fish-and-chips-london,2026-06-26T18:45:30+00:00,1,,257,"{""url"": ""https://london.eater.com/maps/best-fish-and-chips-london""}"
https://london.eater.com/maps/best-fried-chicken-london,1,maps,01_maps,downloaded,200,text/html; charset=utf-8,986654,5d5e202516f650ee2600241269965f3b5960cf92a86d0767cde35de00cd943c3,eater_downloads_batched\01_maps\raw\london.eater.com\7a\7ad2f0c008b505ba5682c8c112306db9cfff1d32af610522b38d985f2c5772f6_maps-best-fried-chicken-london.html.gz,eater_downloads_batched\01_maps\raw\london.eater.com\7a\7ad2f0c008b505ba5682c8c112306db9cfff1d32af610522b38d985f2c5772f6_maps-best-fried-chicken-london.html.gz.meta.json,,,https://london.eater.com/maps/best-fried-chicken-london,2026-06-26T18:45:33+00:00,1,,258,"{""url"": ""https://london.eater.com/maps/best-fried-chicken-london""}"
https://london.eater.com/maps/best-galette-des-rois-london,1,maps,01_maps,downloaded,200,text/html; charset=utf-8,679432,294b12778dd908f66bfd6c1e1e7b7c7427921086bfbe1e06609ead88c3c77ed4,eater_downloads_batched\01_maps\raw\london.eater.com\eb\ebefa768bc163750130375e04b55ff9251508fe1296f25fd81c7d87dc19cf121_maps-best-galette-des-rois-london.html.gz,eater_downloads_batched\01_maps\raw\london.eater.com\eb\ebefa768bc163750130375e04b55ff9251508fe1296f25fd81c7d87dc19cf121_maps-best-galette-des-rois-london.html.gz.meta.json,,,https://london.eater.com/maps/best-galette-des-rois-london,2026-06-26T18:45:36+00:00,1,,259,"{""url"": ""https://london.eater.com/maps/best-galette-des-rois-london""}"
https://london.eater.com/maps/best-hot-dogs-london,1,maps,01_maps,downloaded,200,text/html; charset=utf-8,635282,5daf8c3ded7640027bd3370493c6df1480b644699ccbd6f495369e6384df95a1,eater_downloads_batched\01_maps\raw\london.eater.com\fb\fb162370367c484d10028d5763c963ed3fec10357fbf6ca9d7d9209b7dc8469f_maps-best-hot-dogs-london.html.gz,eater_downloads_batched\01_maps\raw\london.eater.com\fb\fb162370367c484d10028d5763c963ed3fec10357fbf6ca9d7d9209b7dc8469f_maps-best-hot-dogs-london.html.gz.meta.json,,,https://london.eater.com/maps/best-hot-dogs-london,2026-06-26T18:45:40+00:00,1,,260,"{""url"": ""https://london.eater.com/maps/best-hot-dogs-london""}"
https://london.eater.com/maps/best-ice-cream-london,1,maps,01_maps,downloaded,200,text/html; charset=utf-8,711914,f1c30b514b45f617e236e6de19b5ffb395055aba48d0a05ca5b49ed2cab9beb6,eater_downloads_batched\01_maps\raw\london.eater.com\13\13815d56fddf4287d1a5eed981b5b88f5d5e3aec62d651bc9abb18ef9ce69d4d_maps-best-ice-cream-london.html.gz,eater_downloads_batched\01_maps\raw\london.eater.com\13\13815d56fddf4287d1a5eed981b5b88f5d5e3aec62d651bc9abb18ef9ce69d4d_maps-best-ice-cream-london.html.gz.meta.json,,,https://london.eater.com/maps/best-ice-cream-london,2026-06-26T18:45:44+00:00,1,,261,"{""url"": ""https://london.eater.com/maps/best-ice-cream-london""}"
https://london.eater.com/maps/best-london-buns-bao-chelsea-morning,1,maps,01_maps,downloaded,200,text/html; charset=utf-8,830046,4fe6326a8e09c5546f5b18a1e7b786eb9f33e15a61074309d272ac530fd37858,eater_downloads_batched\01_maps\raw\london.eater.com\01\01563afa78b26e700ea500805e8d520ff5c599f9f5c3699eef29e68f3bd8a7b6_maps-best-london-buns-bao-chelsea-morning.html.gz,eater_downloads_batched\01_maps\raw\london.eater.com\01\01563afa78b26e700ea500805e8d520ff5c599f9f5c3699eef29e68f3bd8a7b6_maps-best-london-buns-bao-chelsea-morning.html.gz.meta.json,,,https://london.eater.com/maps/best-london-buns-bao-chelsea-morning,2026-06-26T18:45:47+00:00,1,,262,"{""url"": ""https://london.eater.com/maps/best-london-buns-bao-chelsea-morning""}"
https://london.eater.com/maps/best-milkshakes-milk-drinks-london,1,maps,01_maps,downloaded,200,text/html; charset=utf-8,796721,ea973a038cf6742c389b6923804d7268862a7f1d8e5540eb5f50668978e5110e,eater_downloads_batched\01_maps\raw\london.eater.com\ab\abf8ece83197aeb7f5c804d14bc66baecf096a6d2a212ef4813e0a462b978d95_maps-best-milkshakes-milk-drinks-london.html.gz,eater_downloads_batched\01_maps\raw\london.eater.com\ab\abf8ece83197aeb7f5c804d14bc66baecf096a6d2a212ef4813e0a462b978d95_maps-best-milkshakes-milk-drinks-london.html.gz.meta.json,,,https://london.eater.com/maps/best-milkshakes-milk-drinks-london,2026-06-26T18:45:52+00:00,1,,263,"{""url"": ""https://london.eater.com/maps/best-milkshakes-milk-drinks-london""}"
https://london.eater.com/maps/best-mince-pies-london,1,maps,01_maps,downloaded,200,text/html; charset=utf-8,929266,46160616ccf127f7b0ec4e6e2f7a29524248dfe3b53903d6c555351b7c2f2b0f,eater_downloads_batched\01_maps\raw\london.eater.com\bc\bc3ee7108d454db2d4ca9a6c0cc462b75ccdf0f885598e89e7f29864ba5ff1ba_maps-best-mince-pies-london.html.gz,eater_downloads_batched\01_maps\raw\london.eater.com\bc\bc3ee7108d454db2d4ca9a6c0cc462b75ccdf0f885598e89e7f29864ba5ff1ba_maps-best-mince-pies-london.html.gz.meta.json,,,https://london.eater.com/maps/best-mince-pies-london,2026-06-26T18:45:57+00:00,1,,264,"{""url"": ""https://london.eater.com/maps/best-mince-pies-london""}"
https://london.eater.com/maps/best-mithai-shops-london,1,maps,01_maps,downloaded,200,text/html; charset=utf-8,482871,42fdca9b58ce4924f2f762b939f21ea431c9d14911113213cc65112f61032ccc,eater_downloads_batched\01_maps\raw\london.eater.com\0e\0ed439469ca057822db9e48f76d10177d2b352f9be84ea0e352847326ea854db_maps-best-mithai-shops-london.html.gz,eater_downloads_batched\01_maps\raw\london.eater.com\0e\0ed439469ca057822db9e48f76d10177d2b352f9be84ea0e352847326ea854db_maps-best-mithai-shops-london.html.gz.meta.json,,,https://london.eater.com/maps/best-mithai-shops-london,2026-06-26T18:46:01+00:00,1,,265,"{""url"": ""https://london.eater.com/maps/best-mithai-shops-london""}"
https://london.eater.com/maps/best-noodle-soups-london-ramen-laksa-pho,1,maps,01_maps,downloaded,200,text/html; charset=utf-8,1197282,777f3aadd66d6b340f52187b0df5cb8e94bb679aa17830e40e390e659832c100,eater_downloads_batched\01_maps\raw\london.eater.com\f9\f9c3d0da5fb7bb48088fee958a3f0e4d9f3bfc25a8af752613899fe3cc12c070_maps-best-noodle-soups-london-ramen-laksa-pho.html.gz,eater_downloads_batched\01_maps\raw\london.eater.com\f9\f9c3d0da5fb7bb48088fee958a3f0e4d9f3bfc25a8af752613899fe3cc12c070_maps-best-noodle-soups-london-ramen-laksa-pho.html.gz.meta.json,,,https://london.eater.com/maps/best-noodle-soups-london-ramen-laksa-pho,2026-06-26T18:46:06+00:00,1,,266,"{""url"": ""https://london.eater.com/maps/best-noodle-soups-london-ramen-laksa-pho""}"
https://london.eater.com/maps/best-noodles-london,1,maps,01_maps,downloaded,200,text/html; charset=utf-8,1375576,67d4b677962ff8a8488e9004f88c0544440cfc5f84fc5972481ab687256671ff,eater_downloads_batched\01_maps\raw\london.eater.com\85\8533a92dcdf092c9b0b2c8f35b5c38f5e7539402722b1aada90bcd9aad3bb014_maps-best-noodles-london.html.gz,eater_downloads_batched\01_maps\raw\london.eater.com\85\8533a92dcdf092c9b0b2c8f35b5c38f5e7539402722b1aada90bcd9aad3bb014_maps-best-noodles-london.html.gz.meta.json,,,https://london.eater.com/maps/best-noodles-london,2026-06-26T18:46:08+00:00,1,,267,"{""url"": ""https://london.eater.com/maps/best-noodles-london""}"
https://london.eater.com/maps/best-pancakes-london-shrove-tuesday-2022,1,maps,01_maps,downloaded,200,text/html; charset=utf-8,699327,9d1369a09ee1150434a6b857bab0e48bedc27b4b08fc6bcaefb5961c85ebaa34,eater_downloads_batched\01_maps\raw\london.eater.com\4a\4a108b193ac77218d2bd085971aded9a6ae1e66f2366b45a89a53ce24e43b024_maps-best-pancakes-london-shrove-tuesday-2022.html.gz,eater_downloads_batched\01_maps\raw\london.eater.com\4a\4a108b193ac77218d2bd085971aded9a6ae1e66f2366b45a89a53ce24e43b024_maps-best-pancakes-london-shrove-tuesday-2022.html.gz.meta.json,,,https://london.eater.com/maps/best-pancakes-london-shrove-tuesday-2022,2026-06-26T18:46:11+00:00,1,,268,"{""url"": ""https://london.eater.com/maps/best-pancakes-london-shrove-tuesday-2022""}"
https://london.eater.com/maps/best-pizza-london,1,maps,01_maps,downloaded,200,text/html; charset=utf-8,1011383,7663f3090279ccba1b9f37956963fde9cfc50a7214a99564931225607a5f0d5f,eater_downloads_batched\01_maps\raw\london.eater.com\30\3047354f55eca9da9c78066f35c325133c3cdb1d2467857f3eb5c122d90832a3_maps-best-pizza-london.html.gz,eater_downloads_batched\01_maps\raw\london.eater.com\30\3047354f55eca9da9c78066f35c325133c3cdb1d2467857f3eb5c122d90832a3_maps-best-pizza-london.html.gz.meta.json,,,https://london.eater.com/maps/best-pizza-london,2026-06-26T18:46:16+00:00,1,,269,"{""url"": ""https://london.eater.com/maps/best-pizza-london""}"
https://london.eater.com/maps/best-places-watch-world-cup-final-london,1,maps,01_maps,downloaded,200,text/html; charset=utf-8,585618,a326a64889b80fbd63275185d6a3734d3f4e2515ea9315a69336b54464d080bf,eater_downloads_batched\01_maps\raw\london.eater.com\0f\0f7e0192b276e41e29fee7fcfc67ab1d356a4d990b3be444b5869cb09fff9aa0_maps-best-places-watch-world-cup-final-london.html.gz,eater_downloads_batched\01_maps\raw\london.eater.com\0f\0f7e0192b276e41e29fee7fcfc67ab1d356a4d990b3be444b5869cb09fff9aa0_maps-best-places-watch-world-cup-final-london.html.gz.meta.json,,,https://london.eater.com/maps/best-places-watch-world-cup-final-london,2026-06-26T18:46:20+00:00,1,,270,"{""url"": ""https://london.eater.com/maps/best-places-watch-world-cup-final-london""}"
https://london.eater.com/maps/best-sandwiches-london,1,maps,01_maps,downloaded,200,text/html; charset=utf-8,1728609,fb9e6616cc0fdf17460a5a518897611fcf6646d373896d456d91136cec8bf12a,eater_downloads_batched\01_maps\raw\london.eater.com\eb\eb91e182d676056812deae86f2c1c46f45ad1f0639c5eb7b07c2256f7ef74561_maps-best-sandwiches-london.html.gz,eater_downloads_batched\01_maps\raw\london.eater.com\eb\eb91e182d676056812deae86f2c1c46f45ad1f0639c5eb7b07c2256f7ef74561_maps-best-sandwiches-london.html.gz.meta.json,,,https://london.eater.com/maps/best-sandwiches-london,2026-06-26T18:46:24+00:00,1,,271,"{""url"": ""https://london.eater.com/maps/best-sandwiches-london""}"
https://london.eater.com/maps/best-shawarma-london,1,maps,01_maps,downloaded,200,text/html; charset=utf-8,734017,c1c8e189b13eb2266cfbe9c6796ebccc86c4a579c6283b00b0e54a5e0e191d93,eater_downloads_batched\01_maps\raw\london.eater.com\40\40aa587cc75c5db317f18a0ddddfc1e5c476ae7a83ee7d42fbc51789f5e26684_maps-best-shawarma-london.html.gz,eater_downloads_batched\01_maps\raw\london.eater.com\40\40aa587cc75c5db317f18a0ddddfc1e5c476ae7a83ee7d42fbc51789f5e26684_maps-best-shawarma-london.html.gz.meta.json,,,https://london.eater.com/maps/best-shawarma-london,2026-06-26T18:46:27+00:00,1,,272,"{""url"": ""https://london.eater.com/maps/best-shawarma-london""}"
https://london.eater.com/maps/best-soft-serve-london,1,maps,01_maps,downloaded,200,text/html; charset=utf-8,600278,044df9c0b635da504a56d5a20211eb107182247544bf44700ae638e1510cda03,eater_downloads_batched\01_maps\raw\london.eater.com\df\dfaeebd36cbd49dfcd5fdde707fc76918d4f3f4e4fcd285bf0b99ef4df6b9e34_maps-best-soft-serve-london.html.gz,eater_downloads_batched\01_maps\raw\london.eater.com\df\dfaeebd36cbd49dfcd5fdde707fc76918d4f3f4e4fcd285bf0b99ef4df6b9e34_maps-best-soft-serve-london.html.gz.meta.json,,,https://london.eater.com/maps/best-soft-serve-london,2026-06-26T18:46:31+00:00,1,,273,"{""url"": ""https://london.eater.com/maps/best-soft-serve-london""}"
https://london.eater.com/maps/best-sushi-london,1,maps,01_maps,downloaded,200,text/html; charset=utf-8,725944,a20be22112623ee3490fe44c57ee7f23456636f67ecfc85077e5c8462b40c181,eater_downloads_batched\01_maps\raw\london.eater.com\2e\2ec029f571d54c9921cb67ab8e720219fadd1cb68b73b88c74079d596e231c69_maps-best-sushi-london.html.gz,eater_downloads_batched\01_maps\raw\london.eater.com\2e\2ec029f571d54c9921cb67ab8e720219fadd1cb68b73b88c74079d596e231c69_maps-best-sushi-london.html.gz.meta.json,,,https://london.eater.com/maps/best-sushi-london,2026-06-26T18:46:35+00:00,1,,274,"{""url"": ""https://london.eater.com/maps/best-sushi-london""}"
https://london.eater.com/maps/best-tea-shops-london,1,maps,01_maps,downloaded,200,text/html; charset=utf-8,490538,9a2340118cf9afe8edfca6d543378a2060c724578d35748c8ec53288c7d08831,eater_downloads_batched\01_maps\raw\london.eater.com\65\654551c3b2e6405c3c799041c5e8c4f973da42341197db18c2853c778a27c69d_maps-best-tea-shops-london.html.gz,eater_downloads_batched\01_maps\raw\london.eater.com\65\654551c3b2e6405c3c799041c5e8c4f973da42341197db18c2853c778a27c69d_maps-best-tea-shops-london.html.gz.meta.json,,,https://london.eater.com/maps/best-tea-shops-london,2026-06-26T18:46:38+00:00,1,,275,"{""url"": ""https://london.eater.com/maps/best-tea-shops-london""}"
https://london.eater.com/maps/best-tiramisu-italian-dessert-london,1,maps,01_maps,downloaded,200,text/html; charset=utf-8,840675,f73391f37fe37186bd8c469f8b1615d8292a4ccf5ede7bf58a201649602d62f9,eater_downloads_batched\01_maps\raw\london.eater.com\a3\a327dfde7713216abbe4c347a45825b9f7d5c2f14a86925b7cc640095d93247e_maps-best-tiramisu-italian-dessert-london.html.gz,eater_downloads_batched\01_maps\raw\london.eater.com\a3\a327dfde7713216abbe4c347a45825b9f7d5c2f14a86925b7cc640095d93247e_maps-best-tiramisu-italian-dessert-london.html.gz.meta.json,,,https://london.eater.com/maps/best-tiramisu-italian-dessert-london,2026-06-26T18:46:43+00:00,1,,276,"{""url"": ""https://london.eater.com/maps/best-tiramisu-italian-dessert-london""}"
https://london.eater.com/maps/classic-london-restaurants,1,maps,01_maps,downloaded,200,text/html; charset=utf-8,1821292,59496b1d65f947fcddb80f1a1b7abbb00e5d464d8a9b3d90434cbe4e331f551a,eater_downloads_batched\01_maps\raw\london.eater.com\fc\fc6d91086ab81aa8578a18a0f928aa903ff6db88f110bf8acd2ae1de8cdd48d2_maps-classic-london-restaurants.html.gz,eater_downloads_batched\01_maps\raw\london.eater.com\fc\fc6d91086ab81aa8578a18a0f928aa903ff6db88f110bf8acd2ae1de8cdd48d2_maps-classic-london-restaurants.html.gz.meta.json,,,https://london.eater.com/maps/classic-london-restaurants,2026-06-26T18:46:46+00:00,1,,277,"{""url"": ""https://london.eater.com/maps/classic-london-restaurants""}"
https://london.eater.com/maps/general-election-2019-boris-johnson-family-friendly-restaurants-uxbridge-south-ruislip,1,maps,01_maps,downloaded,200,text/html; charset=utf-8,590259,e4c398151e4089747506cc49eb67a886bfb18f5660d175d2badac606b915cfa1,eater_downloads_batched\01_maps\raw\london.eater.com\73\732939ba3ffb9ee09c60dcc3e4b3d83573db9a334980a4eb763bcfe746ff11d8_maps-general-election-2019-boris-johnson-family-friendly-restaurants-uxbridge-south-ruislip.html.gz,eater_downloads_batched\01_maps\raw\london.eater.com\73\732939ba3ffb9ee09c60dcc3e4b3d83573db9a334980a4eb763bcfe746ff11d8_maps-general-election-2019-boris-johnson-family-friendly-restaurants-uxbridge-south-ruislip.html.gz.meta.json,,,https://london.eater.com/maps/general-election-2019-boris-johnson-family-friendly-restaurants-uxbridge-south-ruislip,2026-06-26T18:46:49+00:00,1,,278,"{""url"": ""https://london.eater.com/maps/general-election-2019-boris-johnson-family-friendly-restaurants-uxbridge-south-ruislip""}"
https://london.eater.com/maps/general-election-2019-marginal-richmond-park-best-restuarants,1,maps,01_maps,downloaded,200,text/html; charset=utf-8,722228,4fd32f320a58a0cb76db74479386aea963de8c72733091a73696608a6dce1681,eater_downloads_batched\01_maps\raw\london.eater.com\68\68cd99e7ed08b5e4091b31fd28fdab0115f2da1adfbbbf7b413b54bda31e176d_maps-general-election-2019-marginal-richmond-park-best-restuarants.html.gz,eater_downloads_batched\01_maps\raw\london.eater.com\68\68cd99e7ed08b5e4091b31fd28fdab0115f2da1adfbbbf7b413b54bda31e176d_maps-general-election-2019-marginal-richmond-park-best-restuarants.html.gz.meta.json,,,https://london.eater.com/maps/general-election-2019-marginal-richmond-park-best-restuarants,2026-06-26T18:46:53+00:00,1,,279,"{""url"": ""https://london.eater.com/maps/general-election-2019-marginal-richmond-park-best-restuarants""}"
https://london.eater.com/maps/hot-items-for-sale-central-london-restaurants-coronavirus-lockdown,1,maps,01_maps,downloaded,200,text/html; charset=utf-8,829511,c16ee08e99e33b99588ed7e7d67f8a38ad5f4b4f5cb3aff95f9f97bb8eac5955,eater_downloads_batched\01_maps\raw\london.eater.com\27\2714531153463d38f35c7d7f5095d323aa3be7c59b1632d36cfe888e4dbc021e_maps-hot-items-for-sale-central-london-restaurants-coronavirus-lockdown.html.gz,eater_downloads_batched\01_maps\raw\london.eater.com\27\2714531153463d38f35c7d7f5095d323aa3be7c59b1632d36cfe888e4dbc021e_maps-hot-items-for-sale-central-london-restaurants-coronavirus-lockdown.html.gz.meta.json,,,https://london.eater.com/maps/hot-items-for-sale-central-london-restaurants-coronavirus-lockdown,2026-06-26T18:46:57+00:00,1,,280,"{""url"": ""https://london.eater.com/maps/hot-items-for-sale-central-london-restaurants-coronavirus-lockdown""}"
https://london.eater.com/maps/imitation-foods-london-restaurants-history,1,maps,01_maps,downloaded,200,text/html; charset=utf-8,739321,c88a7746d640dfd583c01e39f15d93c691065a0f585cd98060af2b8eaa9c84f8,eater_downloads_batched\01_maps\raw\london.eater.com\ca\ca8178777e20dcd0d985caca8fb36ea16bdbf698b381d68bb8854b869fb1ad09_maps-imitation-foods-london-restaurants-history.html.gz,eater_downloads_batched\01_maps\raw\london.eater.com\ca\ca8178777e20dcd0d985caca8fb36ea16bdbf698b381d68bb8854b869fb1ad09_maps-imitation-foods-london-restaurants-history.html.gz.meta.json,,,https://london.eater.com/maps/imitation-foods-london-restaurants-history,2026-06-26T18:47:01+00:00,1,,281,"{""url"": ""https://london.eater.com/maps/imitation-foods-london-restaurants-history""}"
https://london.eater.com/maps/oldest-bakeries-london,1,maps,01_maps,downloaded,200,text/html; charset=utf-8,465562,4325e339219c283eb4d373448177fc01feb00fc95290d166c6409e15c42fdced,eater_downloads_batched\01_maps\raw\london.eater.com\f4\f48cde684893734b5e5c9fc6cce54c5166913630a1225696c83c7f6318fadba7_maps-oldest-bakeries-london.html.gz,eater_downloads_batched\01_maps\raw\london.eater.com\f4\f48cde684893734b5e5c9fc6cce54c5166913630a1225696c83c7f6318fadba7_maps-oldest-bakeries-london.html.gz.meta.json,,,https://london.eater.com/maps/oldest-bakeries-london,2026-06-26T18:47:04+00:00,1,,282,"{""url"": ""https://london.eater.com/maps/oldest-bakeries-london""}"
https://london.eater.com/maps/oldest-restaurants-london,1,maps,01_maps,downloaded,200,text/html; charset=utf-8,672539,b6c83596686e9213f932155512d89ee1b0b70a38b5b7cb9f6da9f5ea4fc61570,eater_downloads_batched\01_maps\raw\london.eater.com\d7\d72da0eaf389e8cd3aa65f04e6d493e7b9a90137f139230a91b5afc8817b558b_maps-oldest-restaurants-london.html.gz,eater_downloads_batched\01_maps\raw\london.eater.com\d7\d72da0eaf389e8cd3aa65f04e6d493e7b9a90137f139230a91b5afc8817b558b_maps-oldest-restaurants-london.html.gz.meta.json,,,https://london.eater.com/maps/oldest-restaurants-london,2026-06-26T18:47:08+00:00,1,,283,"{""url"": ""https://london.eater.com/maps/oldest-restaurants-london""}"
https://london.eater.com/maps/politicians-favourite-london-restaurants-boris-johnson-jeremy-corbyn-general-election-2019,1,maps,01_maps,downloaded,200,text/html; charset=utf-8,625947,bd8afaef6bb5b719ae51fb8c52077cc1a0cb77b37bfc664c2f0b6a7ab1feebb2,eater_downloads_batched\01_maps\raw\london.eater.com\28\2886b48d45605a10b839c5300665ee899351eaf77efde15b6b5ebd38e83b9542_maps-politicians-favourite-london-restaurants-boris-johnson-jeremy-corbyn-general-election-2019.html.gz,eater_downloads_batched\01_maps\raw\london.eater.com\28\2886b48d45605a10b839c5300665ee899351eaf77efde15b6b5ebd38e83b9542_maps-politicians-favourite-london-restaurants-boris-johnson-jeremy-corbyn-general-election-2019.html.gz.meta.json,,,https://london.eater.com/maps/politicians-favourite-london-restaurants-boris-johnson-jeremy-corbyn-general-election-2019,2026-06-26T18:47:11+00:00,1,,284,"{""url"": ""https://london.eater.com/maps/politicians-favourite-london-restaurants-boris-johnson-jeremy-corbyn-general-election-2019""}"
https://london.eater.com/maps/ramadan-2022-iftar-suhoor-london-restaurants,1,maps,01_maps,downloaded,200,text/html; charset=utf-8,866837,2a9335b8c09f352e32a68d7081b86d3f9f2a162e9955b2646fec6026345fb7d4,eater_downloads_batched\01_maps\raw\london.eater.com\ea\ea8f5752fec16110e91e13643478db2a3190024ca6091a5c17fd9dc206c18d6d_maps-ramadan-2022-iftar-suhoor-london-restaurants.html.gz,eater_downloads_batched\01_maps\raw\london.eater.com\ea\ea8f5752fec16110e91e13643478db2a3190024ca6091a5c17fd9dc206c18d6d_maps-ramadan-2022-iftar-suhoor-london-restaurants.html.gz.meta.json,,,https://london.eater.com/maps/ramadan-2022-iftar-suhoor-london-restaurants,2026-06-26T18:47:15+00:00,1,,285,"{""url"": ""https://london.eater.com/maps/ramadan-2022-iftar-suhoor-london-restaurants""}"
https://london.eater.com/maps/restaurants-open-christmas-day-london,1,maps,01_maps,downloaded,200,text/html; charset=utf-8,654679,78d9c2e22e1d7849b7d9885fa4bde0d630567a47ba7b409ffc111fe70cf05d2f,eater_downloads_batched\01_maps\raw\london.eater.com\c1\c14e3b32f8e2f5399be8a03cf99ffccee2e73b67113af66f2d20c5fd2eb5ceeb_maps-restaurants-open-christmas-day-london.html.gz,eater_downloads_batched\01_maps\raw\london.eater.com\c1\c14e3b32f8e2f5399be8a03cf99ffccee2e73b67113af66f2d20c5fd2eb5ceeb_maps-restaurants-open-christmas-day-london.html.gz.meta.json,,,https://london.eater.com/maps/restaurants-open-christmas-day-london,2026-06-26T18:47:19+00:00,1,,286,"{""url"": ""https://london.eater.com/maps/restaurants-open-christmas-day-london""}"
https://london.eater.com/maps/sustainable-meat-london-restaurants-nose-to-tail-butchers,1,maps,01_maps,downloaded,200,text/html; charset=utf-8,768720,a546ce3c8654187512ebd94b9f80b8b96580d5c036324f309c90f7ad68111bbb,eater_downloads_batched\01_maps\raw\london.eater.com\cc\cc5eb8aa07e900fa5a44f24472dca79c8f5bc92291cd73de236cb4afcf662544_maps-sustainable-meat-london-restaurants-nose-to-tail-butchers.html.gz,eater_downloads_batched\01_maps\raw\london.eater.com\cc\cc5eb8aa07e900fa5a44f24472dca79c8f5bc92291cd73de236cb4afcf662544_maps-sustainable-meat-london-restaurants-nose-to-tail-butchers.html.gz.meta.json,,,https://london.eater.com/maps/sustainable-meat-london-restaurants-nose-to-tail-butchers,2026-06-26T18:47:23+00:00,1,,287,"{""url"": ""https://london.eater.com/maps/sustainable-meat-london-restaurants-nose-to-tail-butchers""}"
https://london.eater.com/maps/trendy-restaurants-london-celebrities,1,maps,01_maps,downloaded,200,text/html; charset=utf-8,1108270,5f559aab159675e82e9556603045951f69a8082cc8c17cc1a25506a81ce07975,eater_downloads_batched\01_maps\raw\london.eater.com\b4\b432ef284e7aee276246e7005fea92e44dfa7838c758ab677766c5801ed5d00a_maps-trendy-restaurants-london-celebrities.html.gz,eater_downloads_batched\01_maps\raw\london.eater.com\b4\b432ef284e7aee276246e7005fea92e44dfa7838c758ab677766c5801ed5d00a_maps-trendy-restaurants-london-celebrities.html.gz.meta.json,,,https://london.eater.com/maps/trendy-restaurants-london-celebrities,2026-06-26T18:47:26+00:00,1,,288,"{""url"": ""https://london.eater.com/maps/trendy-restaurants-london-celebrities""}"
https://london.eater.com/maps/watch-football-london-pubs,1,maps,01_maps,downloaded,200,text/html; charset=utf-8,627288,ad24d1670caab3b4a2129a7b779138d3b4c5d4644e00fcaebef1e274d4a03069,eater_downloads_batched\01_maps\raw\london.eater.com\0b\0b9f67f7af3175c6c700884ead8286c7aff57fbc2d950cfe722a4506743535cd_maps-watch-football-london-pubs.html.gz,eater_downloads_batched\01_maps\raw\london.eater.com\0b\0b9f67f7af3175c6c700884ead8286c7aff57fbc2d950cfe722a4506743535cd_maps-watch-football-london-pubs.html.gz.meta.json,,,https://london.eater.com/maps/watch-football-london-pubs,2026-06-26T18:47:29+00:00,1,,289,"{""url"": ""https://london.eater.com/maps/watch-football-london-pubs""}"
https://london.eater.com/maps/westfield-london-restaurants-white-city,1,maps,01_maps,downloaded,200,text/html; charset=utf-8,602724,02a1e1b9b716f6fa5c52cf611d17f1a7b29a3d245320de21fc7297e48556bb95,eater_downloads_batched\01_maps\raw\london.eater.com\71\712db294ac94be82c2109e021d13ec8352aca2359f763a80e519b0614c0fc0e3_maps-westfield-london-restaurants-white-city.html.gz,eater_downloads_batched\01_maps\raw\london.eater.com\71\712db294ac94be82c2109e021d13ec8352aca2359f763a80e519b0614c0fc0e3_maps-westfield-london-restaurants-white-city.html.gz.meta.json,,,https://london.eater.com/maps/westfield-london-restaurants-white-city,2026-06-26T18:47:33+00:00,1,,290,"{""url"": ""https://london.eater.com/maps/westfield-london-restaurants-white-city""}"
https://london.eater.com/maps/pie-and-mash-shops-london,1,maps,01_maps,downloaded,200,text/html; charset=utf-8,705720,be2bcde2bece5832402f47ef78113ad702c80353e8737b5467b3fc2e328cdbc3,eater_downloads_batched\01_maps\raw\london.eater.com\0c\0cc13930bfd8347df62f348d630b011cb229cd1829ddcc4d16cf75e66933a65a_maps-pie-and-mash-shops-london.html.gz,eater_downloads_batched\01_maps\raw\london.eater.com\0c\0cc13930bfd8347df62f348d630b011cb229cd1829ddcc4d16cf75e66933a65a_maps-pie-and-mash-shops-london.html.gz.meta.json,,,https://london.eater.com/maps/pie-and-mash-shops-london,2026-06-26T18:47:37+00:00,1,,291,"{""url"": ""https://london.eater.com/maps/pie-and-mash-shops-london""}"
https://london.eater.com/maps/suya-west-african-barbecue-yaji-nigeria-ghana-london,1,maps,01_maps,downloaded,200,text/html; charset=utf-8,629627,095c06ab6e28463ee03e781307dbf933232befcc3a825c575975520096621887,eater_downloads_batched\01_maps\raw\london.eater.com\e3\e3f2c6d1ca16519fb7a9b30fadb916269bcae4036b3412c5a60e73feda6ebde8_maps-suya-west-african-barbecue-yaji-nigeria-ghana-london.html.gz,eater_downloads_batched\01_maps\raw\london.eater.com\e3\e3f2c6d1ca16519fb7a9b30fadb916269bcae4036b3412c5a60e73feda6ebde8_maps-suya-west-african-barbecue-yaji-nigeria-ghana-london.html.gz.meta.json,,,https://london.eater.com/maps/suya-west-african-barbecue-yaji-nigeria-ghana-london,2026-06-26T18:47:41+00:00,1,,292,"{""url"": ""https://london.eater.com/maps/suya-west-african-barbecue-yaji-nigeria-ghana-london""}"
https://www.eater.com/maps/the-eater-london-heat-map-where-to-eat-right-now,1,maps,01_maps,downloaded,200,text/html; charset=utf-8,471559,63f5992248980ac082d2a611303f34e2c556396196cee122546906efb3c112ea,eater_downloads_batched\01_maps\raw\www.eater.com\2c\2c85473877e90ec2bb253962f6bf9a7525a2e856b3a394767cf473e6f4901eeb_maps-the-eater-london-heat-map-where-to-eat-right-now.html.gz,eater_downloads_batched\01_maps\raw\www.eater.com\2c\2c85473877e90ec2bb253962f6bf9a7525a2e856b3a394767cf473e6f4901eeb_maps-the-eater-london-heat-map-where-to-eat-right-now.html.gz.meta.json,,,https://www.eater.com/maps/the-eater-london-heat-map-where-to-eat-right-now,2026-06-26T18:47:42+00:00,1,,293,"{""url"": ""https://www.eater.com/maps/the-eater-london-heat-map-where-to-eat-right-now""}"
https://www.eater.com/maps/the-eater-london-heat-map-where-to-eat-right-now-3,1,maps,01_maps,downloaded,200,text/html; charset=utf-8,527370,7084e5a9b9b9bf0893f0801324ec915ca83a3f6831034a10350ea15602c2ce6d,eater_downloads_batched\01_maps\raw\www.eater.com\ac\acc696cfa384159fe32c72c09e3a34f714032e7b9e92ff497d09f3d27c0f4728_maps-the-eater-london-heat-map-where-to-eat-right-now-3.html.gz,eater_downloads_batched\01_maps\raw\www.eater.com\ac\acc696cfa384159fe32c72c09e3a34f714032e7b9e92ff497d09f3d27c0f4728_maps-the-eater-london-heat-map-where-to-eat-right-now-3.html.gz.meta.json,,,https://www.eater.com/maps/the-eater-london-heat-map-where-to-eat-right-now-3,2026-06-26T18:47:46+00:00,1,,294,"{""url"": ""https://www.eater.com/maps/the-eater-london-heat-map-where-to-eat-right-now-3""}"
https://www.eater.com/maps/london-where-to-eat-map,1,maps,01_maps,downloaded,200,text/html; charset=utf-8,1214769,d22579cb4bdc3010bc2f8f99bb0fa08dbb504279d7a42c29d84a45321d2045bd,eater_downloads_batched\01_maps\raw\www.eater.com\a6\a6a68062d9308ab0ae5b5443a1eca8feea7bb3fa9ebb214866cf8f11c7a1d74c_maps-london-where-to-eat-map.html.gz,eater_downloads_batched\01_maps\raw\www.eater.com\a6\a6a68062d9308ab0ae5b5443a1eca8feea7bb3fa9ebb214866cf8f11c7a1d74c_maps-london-where-to-eat-map.html.gz.meta.json,,,https://www.eater.com/maps/london-where-to-eat-map,2026-06-26T18:47:49+00:00,1,,295,"{""url"": ""https://www.eater.com/maps/london-where-to-eat-map""}"
https://www.eater.com/maps/michelin-star-restaurants-london,1,maps,01_maps,downloaded,200,text/html; charset=utf-8,2888756,6f2387afac0f5a7e172294fdf2ca003e223d542280e2f41e91b6e05f0e8524cd,eater_downloads_batched\01_maps\raw\www.eater.com\4f\4f1fa0ac6de7d446ab02b4295cf7f12ea321d3be311de0297bd90d3771c6086c_maps-michelin-star-restaurants-london.html.gz,eater_downloads_batched\01_maps\raw\www.eater.com\4f\4f1fa0ac6de7d446ab02b4295cf7f12ea321d3be311de0297bd90d3771c6086c_maps-michelin-star-restaurants-london.html.gz.meta.json,,,https://www.eater.com/maps/michelin-star-restaurants-london,2026-06-26T18:47:53+00:00,1,,296,"{""url"": ""https://www.eater.com/maps/michelin-star-restaurants-london""}"
https://www.eater.com/maps/best-vegan-restaurants-london,1,maps,01_maps,downloaded,200,text/html; charset=utf-8,805117,52bf2499f31673114108d273cf4a1cab84aa584860dee0e3b64c333e4262c9ca,eater_downloads_batched\01_maps\raw\www.eater.com\d3\d3e9b8bae02f2cc7d6de54ca9c8d29d7eba8bf15b10c85b0de61a733014ed0e3_maps-best-vegan-restaurants-london.html.gz,eater_downloads_batched\01_maps\raw\www.eater.com\d3\d3e9b8bae02f2cc7d6de54ca9c8d29d7eba8bf15b10c85b0de61a733014ed0e3_maps-best-vegan-restaurants-london.html.gz.meta.json,,,https://www.eater.com/maps/best-vegan-restaurants-london,2026-06-26T18:47:58+00:00,1,,297,"{""url"": ""https://www.eater.com/maps/best-vegan-restaurants-london""}"
